title,text,url,publisher,dt
"""시즌 끝나지도 않았는데, 이비자 여행가서 DJ까지?""...리버풀 몰락 원인 지목한 스콜스","[스포티비뉴스=신인섭 기자] 맨체스터 유나이티드 레전드 폴 스콜스가 리버풀의 몰락의 원인으로 아르네 슬롯 감독의 지난 5월 여행을 꼽았다. 영국 '더 선'은 26일(한국시간) ""스콜스는 리버풀이 추락하게 된 원인 중 하나로 아르네 슬롯 감독의 ‘이비사 여행’을 지목했다""라며 ""슬롯 감독은 지난 5월, 웨인 리네커와 함께 이비자 섬에서 파티를 즐기는 모습이 포착된 바 있다""라고 보도했다. 지난 시즌 리버풀은 승승장구했다. 시즌 첫 3경에서 모두 승리를 거두며 순조로운 출발을 알렸다. 4차전 노팅엄 포레스트에 패하며 주춤하기도 했으나, 26경기 연속 무패를 기록하며 승점을 차곡차곡 쌓았다. 결국 36라운드 아스널과의 맞대결에서 2-2로 비기며, 잔여 경기와 상관 없이 우승을 확정했다. 37라운드 브라이튼, 38라운드 크리스탈 팰리스와의 경기가 남아있었지만, 슬롯 감독은 아스널전이 끝난 이후 비행기에 올랐다. '더 선'은 ""슬롯은 리버풀이 아스널과 2-2로 비긴 뒤, 이미 프리미어리그 우승을 확정한 상태에서 해당 여행을 떠났다""라며 ""그러나 시즌 막판부터 리버풀의 경기력이 흔들리기 시작했고, 이번 시즌에도 회복되지 못하고 있다""라고 지적했다. 올 시즌 리버풀은 지난 시즌과는 180도 다른 모습을 보여주고 있다. 시즌 초반 5연승을 달리며 지난 시즌과 비슷한 모습을 보여주는 듯했지만, 6라운드부터 흔들리기 시작했다. 팰리스, 첼시, 맨체스터 유나이티드, 브렌트포드에 연달아 패했다. 아스톤 빌라전 승리를 통해 반등하는 듯싶었지만, 맨체스터 시티, 노팅엄 포레스트에 패하며 추락을 거듭했다. 최근 7경기 1승 6패다. 이에 스콜스는 슬롯 감독이 시즌이 끝나지도 않은 상황에 이비자로 여행을 간 것이 리버풀 몰락의 원인 중 하나라고 지적했다. 그는 '더 굿, 더 베드 앤드 더 풋볼' 팟케스트에 출연해 ""이건 지난 시즌 말부터 시작됐다고 본다. 기억하는가? 그들이 우승을 확정했을 때. 그들은 이비자로 떠났다""라고 주장했다. 이어 ""정말로 아르네 슬롯이 DJ를 하고 있더라. 시즌이 끝나기도 전에 이비자에서 DJ를 하고 있었다. 그게 문제다. 시즌이 끝나기도 전에 그런 행동을 한다는 건 무례하다고 생각해요. 품격이 없다고 본다""라고 첨언했다. 한편 슬롯 감독 역시 현재 팀의 부진을 자신의 역량 부족이라고 인정했다. 그는 ""현재의 연패는 나의 책임이라는 점을 강조하고 싶다. 이기고 있을 때는 물론이고, 지고 있을 때도 책임은 감독에게 있다. 지금 우리가 이런 결과를 내는 데에는 어떤 변명도 충분하지 않다""라고 고개를 숙였다. 그러면서도 ""프리미어리그 최근 7경기에서 1승 6패라고 말할 수도 있지만, 최근 4경기 중 2패를 한 것이다. 챔피언스리그에서는 3승을 했다고도 말할 수 있다. 방법을 찾을 테지만, 리버풀이 기대하는 수준보다 낮은 건 사실이다""라고 덧붙였다. <저작권자 ⓒ SPOTV NEWS. 무단전재 및 재배포 금지>",https://v.daum.net/v/XmOR2fHlvz,스포티비뉴스,5분 전
"레알 마드리드 내부 뒤흔든 불화설… 알론소의 여유 있는 정면돌파 “자연스러운 일, 선수들을 존중한다”","[포포투=김호진] 사비 알론소 감독이 팀 내 불화설에 대해 입을 열었다. 영국 ‘스포츠 바이블’은 지난 24일(한국시간) 스페인 메체 ‘문도 데포르티보’를 인용하여 “사비 알론소의 레알 마드리드 드레싱룸 장악은 쉽지 않은 것 같다”고 보도했다. 이어 “현재 레알 선수단은 알론소와 거의 연결점을 느끼지 못하고 있다. 비니시우스 주니어, 페데리코 발베르데, 벨링엄, 호드리구, 엔드릭은 현재 행복하지 않은 상태”라고 덧붙였다. 레알 마드리드는 26일(현지시간) 구단 공식 홈페이지를 통해 하비 알론소 감독의 기자회견 발언을 공개했다. 최근 선수단과의 관계를 묻는 질문이 이어지자, 알론소 감독은 “나는 큰 성격을 가진 세계적인 선수들과 오랜 시간을 보냈다. 그들은 요구가 많고, 프로페셔널하며, 항상 최고를 원한다”라고 설명했다. 이어 그는 “그래서 지금의 모습이 자연스러운 것이다. 그런 성향이 있었기에 이 자리까지 올라올 수 있었던 것이다. 그런 선수들과 함께하는 건 특권이다. 감독은 그들과 어떻게 연결될지 이해해야 한다”고 강조했다. 감독 경질 이슈와 선수들의 영향력에 대한 질문도 나왔다. 알론소는 이에 대해 “선수들을 존중해야 한다. 팀을 존중해야 하고, 그들이 준비하는 방식을 존중해야 한다”고 운을 뗐다. 이어서 “드레싱룸에서 어떤 순간들이 찾아오는지 나는 잘 알고 있다. 외부의 잡음이 있을 때 어떻게 버티고 대응해야 하는지도 알고 있다. 우리가 할 수 있는 건 어떻게 훈련하는지, 어떻게 함께 일하는지, 그리고 어떻게 이런 순간을 헤쳐 나가는지다. 결과가 만족스럽지 않을 때 어떤 일이 벌어지는지는 잘 알고 있지만, 그렇다고 우리가 가고자 하는 길을 놓쳐선 안 된다”고 덧붙였다. 김호진 기자 hojink6668@fourfourtwo.co.kr ⓒ 포포투(https://www.fourfourtwo.co.kr) 무단전재 및 재배포금지",https://v.daum.net/v/KyUdQM3GRT,포포투,5분 전
"손흥민 초청 이유?.. '레비 떠난' NEW 토트넘, 아이콘 통해 '팬심 결속+정체성 회복' 프로젝트 가동","[OSEN=강필주 기자] '레비 시대'를 마감한 'NEW 토트넘'이 구단의 아이콘이었던 손흥민(33, LAFC)의 귀환을 통해 '팬심 결속'과 '정체성 회복'이라는 두 마리 토끼 잡기에 나선다. 지난 9월 25년간 구단을 통치했던 다니엘 레비 회장의 전격 사임은 토트넘에 거대한 지각 변동을 가져왔다. 레비 체제는 신구장 건립, 상업적 성공, 유럽축구연맹(UEFA) 챔피언스리그 단골 진출이라는 성과를 남겼다.  하지만 반대로 ""우승보다 수익을 좇는 구단""이라는 팬들의 비판에서 자유롭지 못했다. 결국 성적보다 수익을 우선시하는 구단 운영 기조에 팬심은 서서히 등을 돌렸다. 토트넘은 레비 퇴진 후 비나이 벤카테샴 CEO와 피터 채링턴 비상임 회장을 내세운 새 수뇌부를 꾸렸다. 이들은 단순한 재정 건전성을 넘어 '토트넘다움'의 재건을 천명했다. 현지에서도 ""토트넘이 비즈니스 중심에서 팬 중심 클럽으로 회귀하려는 움직임""이라고 분석했다. 이 변화의 중심에 손흥민이 '키맨'으로 다시 소환됐다. 구단은 오는 12월 홈경기에 맞춰 손흥민을 초청, 특별 귀환 이벤트를 준비 중인 것으로 알려졌다. 손흥민은 지난 8월 급작스런 이적으로 제대로 된 작별 인사를 나누지 못했다. 이에 토트넘이 제대로 된 이별을 하지 못한 손흥민과 팬들의 아쉬움을 달래고, 레전드에 대한 예우를 다하겠다는 취지를 내보인 것이다. 토트넘은 손흥민의 귀환을 위해 경기 전 프레젠테이션, 하프타임 헌정 세리머니, 특별 기념품 전달, 훈련장(홋스퍼 웨이) 비공개 방문 등이 포함된 구체적인 계획도 수립한 것으로 보인다. 새 경영진이 손흥민의 귀환을 서두르는 이유는 명확하다. 손흥민은 토트넘 유니폼을 입고 454경기 173골 101도움을 기록했다. 프리미어리그 득점왕, 푸스카스상 수상은 물론 구단 역사상 UEFA 유로파리그 우승 트로피까지 안긴 명실상부한 '클럽 아이콘'이다. 손흥민은 단순히 기록을 넘어, 팬과 구단을 하나로 묶는 구심점 역할을 해왔다. 새롭게 지휘봉을 잡은 토마스 프랭크 감독의 토트넘은 아직 팬들로부터 확실한 지지를 받지 못하고 있다. 결국 토트넘을 다시 묶을 수 있는 연결고리가 손흥민인 셈이다.  실제 토트넘은 지난달 장기 프로젝트의 일환으로 1억 파운드(약 1942억 원) 규모의 추가 투자 계획을 발표, ""구단의 정체성과 경쟁력을 동시에 끌어올리겠다""고 공언했다. 새 경영진은 손흥민을 통한 팬덤의 결집을 리브랜딩의 출발점으로 삼으려 하고 있다. 손흥민은 토트넘의 홈구장인 토트넘홋스퍼 스타디움과도 인연이 깊다. 구장의 프리미어리그 1호 골과 UEFA 챔피언스리그 1호 골 기록을 동시에 보유하고 있다. 손흥민의 북런던 귀환은 여러 면에서 토트넘의 새로운 시대를 각인시키는 계기가 될 전망이다.  /letmeout@osen.co.kr",https://v.daum.net/v/0EvouzlwS6,OSEN,21분 전
"배준호 2경기 연속 공격포인트…스토크시티, 찰턴에 3-0 완승","잉글랜드 챔피언십 스토크시티의 배준호가 시즌 두 번째 도움을 기록하며 팀의 완승을 이끌었다. 배준호는 26일(한국시간) 영국 스토크온트렌트 베트365 스타디움에서 열린 2025-2026 챔피언십 17라운드 찰턴 애슬레틱전에서 선발로 출전해 3-0 승리에 힘을 보탰다. 후반전 배준호의 연결 패스를 받은 소버 토머스가 측면으로 치고 들어가 올린 크로스가 상대 골키퍼를 넘기며 그대로 득점으로 이어졌다. 직전 라운드 레스터전에서 시즌 첫 골을 터뜨렸던 배준호는 2경기 연속 공격포인트를 기록하며 상승세를 이어갔다. 올 시즌 리그에서 1골 2도움을 기록 중인 배준호는 스토크시티의 확실한 2선 자원으로 자리 잡았다. 스토크시티 역시 최근 2연패를 끊고 승점 30으로 2위로 올라서며 반등의 계기를 만들었다. 스토크는 전반 3분 토머스의 선제골, 전반 5분 밀리언 만호프의 추가골로 일찌감치 승기를 잡았다. 배준호의 도움으로 나온 세 번째 골이 승부에 쐐기를 박았다. 한편 같은 라운드에서 엄지성이 속한 스완지시티는 더비카운티에 1-2로 패했다. 엄지성은 선발로 나섰으나 공격포인트 없이 후반 29분 교체됐고, 스완지는 리그 20위(승점 17)에 머물렀다. 사진 출처 = 스토크시티 제공 최대영 rokmc117@fomos.co.kr",https://v.daum.net/v/xpW1YHAiRG,포모스,23분 전
"첼시, 10명 된 바르셀로나 3-0 격파…쿠쿠레야가 야말 완전 봉쇄","첼시가 유럽축구연맹 챔피언스리그(UCL) 리그 페이즈 5차전에서 스페인 강호 바르셀로나를 3-0으로 완파하며 16강 직행 가능성을 크게 높였다. 26일(한국시간) 런던 스탬퍼드 브리지에서 열린 경기에서 바르셀로나는 전반 44분 로날두 아라우호가 경고 누적으로 퇴장당하며 10명이 싸워야 했고, 첼시는 이를 놓치지 않았다. 이날 경기의 핵심은 왼쪽 풀백 마르크 쿠쿠레야였다. 그는 바르셀로나의 17세 슈퍼타래 라민 야말을 경기 내내 압박하며 단 1개의 슈팅도 허용하지 않았다. 야말은 고전 끝에 후반 35분 교체됐다. 쿠쿠레야는 공격에서도 존재감을 드러냈다. 전반 27분 오른쪽 측면을 돌파해 올린 컷백이 일련의 수비 실수를 유발해 쥘 쿤데의 자책골로 연결됐다. 수적 우위를 잡은 첼시는 후반 들어 공세를 강화했고, 후반 10분 18세 공격수 이스테방이 개인기로 수비를 제친 뒤 오른발 슛으로 추가골을 넣으며 3경기 연속 UCL 득점에 성공했다. 후반 28분에는 엔소 페르난데스의 낮은 크로스를 리엄 델랍이 마무리하면서 3-0 승리를 확정지었다. 이 승리로 첼시는 3승 1무(승점 10)를 기록하며 5위에 올라 16강 직행권에 성큼 다가섰다. 반면 바르셀로나는 2승 1무 2패(승점 7)로 15위에 머물며 플레이오프 경쟁으로 밀려날 위기에 놓였다. 한편 같은 날 레버쿠젠은 맨체스터 시티 원정에서 2-0 승리를 거두며 13위로 올라섰고, 도르트문트는 비야레알을 4-0으로 완파하고 4위에 등극했다. 유벤투스와 나폴리도 각각 승리를 추가하며 상위권 경쟁을 이어갔다. 사진 출처 = 로이터, AP / 연합뉴스 최대영 rokmc117@fomos.co.kr",https://v.daum.net/v/p8CaK2YCJS,포모스,25분 전
"""아직 손흥민 수준 도달 못했다""...여전히 SON 찾는 프랭크, 토트넘 공격 부진에 대한 답 화제","[인터풋볼=신동훈 기자] 토마스 프랭크 감독은 다시 한번 손흥민을 언급했다. 토트넘 홋스퍼는 27일 오전 5시(한국시간) 프랑스 파리에 위치한 파르크 데 프랭스에서 열린 2025-26시즌 유럽축구연맹(UEFA) 챔피언스리그(UCL) 리그 페이즈 5라운드에서 토파리 생제르맹(PSG)과 대결한다. 토트넘은 직전 경기인 아스널과 북런던 더비에서 1-4 대패를 당했다. 히샬리송 골이 나와 영패를 면했어도 경기력 면에서 완전히 아스널에 밀렸다. 프랭크 감독은 수비에 집중을 했는데 공격 계획에는 신경을 쓰지 않은 모습이었다. 올여름 손흥민이 LAFC로 떠나고 사비 시몬스, 모하메드 쿠두스, 랑달 콜로 무아니 등을 영입하는데 큰 돈을 쓴 게 무색한 상황이다. 부상자가 많다고 해도 변명거리가 안 된다. 다음 상대는 PSG다. PSG는 부상자가 많지만 이강인 등을 활용해 성과를 내고 있다. UEFA 슈퍼컵에서 만났던 PSG와 다시 만난 프랭크 감독을 향해 많은 의구심이 쏟아지고 있다. 특히 공격 운영에 대한 비판이 많다. PSG전을 앞둔 사전 기자회견에서도 이어졌다.   프랭크 감독은 ""잘하면 결과를 낼 수 있다. 아스널전이 끝나고 다시 봤는데 보기 힘들었다. 하려는 의지는 좋았는데 준비했던 걸 제대로 실행하지 못했다. 충분히 경쟁 가능한 걸 준비했는데 당일에 없었다. 아스널전, 특히 경합에서 밀렸다. 이렇게 하면 이기기 어렵다. PSG는 유럽 최고의 팀인데 다시 이겨내며 승리할 거라 확신한다""고 말했다. 또 ""한 시즌에 60경기를 치른다. 10~12경기 정도는 완벽한 경기를 치를 수 있는데 30경기 정도만 평균 이상 정도 경기를 할 수 있을 것이다. 충분히 일관성을 가지도록 노력하는 것이 중요하다. 더 나아지기 위해 최선을 다해야 한다. 꽤 많은 골을 넣고 있고 충분한 기회를 만들려고 한다""고 이야기했다. 공격에 대해서 계속 강조했다. 프랭크 감독은 ""더 많은 기회를 만들도록 하는 것이 내 일이다. 그 점에 집중해서 훈련을 하고 있다. 압박을 받으면서도 어떻게 공격을 할지, 어떻게 전환을 할지 생각한다""고 언급했다. 프랭크 감독 말에도 공격에 관한 질문이 계속 이어졌다. ""모험적이고 공격적인 축구를 구축하는데 얼마나 시간이 필요하나?""라는 질문에 ""오래 걸릴 것 같진 않다""고 답하면서 기자회견장에 동석한 윌슨 오도베르를 예시로 말했다.   프랭크 감독은 ""오도베르는 지금도 훌륭한데 잠재력도 엄청나다. 지난 시즌과 비교해 한 단계 더 성장했고 기대감이 커졌다. 하지만 아직 손흥민 같은 토트넘 전설을 대신하기는 어렵다. 지난 시즌 핵심은 제임스 매디슨, 데얀 쿨루셉스키 같은 선수들이었는데 올 시즌은 오도베르, 브레넌 존슨, 쿠두스, 마티스 텔, 시몬스, 히샬리송이다. 아직 그 수준에 이르지 못했다. 그들까지 올라가려면 시간이 필요하다. 시간이 걸릴 뿐이다. 3일마다 경기를 치러야 하니 있는 그대로를 보면 된다""고 전했다.",https://v.daum.net/v/37TZkD6bFv,인터풋볼,27분 전
"""왼쪽 수비수 중 최고 퍼포먼스"" 英 전설도 감탄한 쿠쿠레야의 '야말 봉인쇼'","[풋볼리스트] 김진혁 기자= 마르크 쿠쿠레야가 라민 야말을 경기 중 봉인했다. 이에 잉글랜드 프리미어리그(PL) 전설 웨인 루니가 감탄을 금치 못했다. 26일(한국시간) 영국 런던의 스탬퍼드 브리지에서 2025-2026 유럽축구연맹(UEFA) 챔피언스리그(UCL) 리그 페이즈 5라운드를 치른 첼시가 바르셀로나를 3-0으로 제압했다. 이로써 첼시는 홈에서 바르셀로나 상대 5경기 무패를 달렸다. 순위도 5위로 끌어올렸다. 이날 쿠쿠레야가 야말을 완벽 봉쇄했다. 쿠쿠레야는 유려한 수비 기술로 야말을 시종일관 압박했고 왼발 의존도를 고려한 계획적인 수비 위치 선정으로 야말을 경기 내내 침묵하게 했다. 공격 장면에서도 쿠쿠레야의 존재감은 대단했다. 전반 27분 날카로운 문전 컷백으로 쥘 쿤데의 자책골 장면을 연출했다. 전반 막판에는 2대 1 패스로 측면을 허문 뒤 로날드 아라우호의 퇴장을 유도했다. 경기 후 중계사인 '아마존 프라임'과 인터뷰에서 쿠쿠레야는 ""야말은 왼발이 지배적이다. 내가 야말을 안으로 끌어들일 수 있다면, 팀원들도 그곳에 있을 것이다. 오른발, 즉 가장 약한 발에 공간을 남겨뒀다. 야말이 오른발로 뭔가 해내면 '좋아, 축하해'라고 말했다""라며 야말을 막은 본인 만에 노하우도 유쾌하게 밝혔다. 쿠쿠레야의 활약에 기겁한 건 야말 만이 아니었다. 전설적인 공격수 루니가 쿠쿠레야의 환상적인 퍼포먼스에 혀를 내둘렀다. '아마존 프라임'과 인터뷰에서 ""쿠쿠레야는 오늘 밤 야말을 상대하는 데 있어 받을 수 있는 최고의 훈련 수업을 제공했다""라며 """"쿠쿠레야는 정말 놀라웠다. 아마도 내가 오랫동안 본 왼쪽 수비수 중 최고의 퍼포먼스일 것이다. 오늘 밤 그런 활약을 해냈다는 건, 그는 정말 대단한 선수다""라고 극찬했다. 이날 쿠쿠레야는 90분 풀타임을 뛰며 태클 5회, 클리어링 2회, 볼 회수 4회, 드리블 돌파 허용 1회를 기록했다. 또한 지상 경합 15회 중 7회 성공했고 피파울도 2회나 얻어내며 지치지 않는 활약을 펼쳤다. UEFA 선정 '경기 최우수 선수'에도 꼽혔다. 쿠쿠레야는 공교롭게도 상대 팀인 바르셀로나 출신 유망주였다. '라 마시아'에서 성장한 쿠쿠레야는 2017-2018시즌 코파 델 레이 1경기 출전에 그치며 바르셀로나에서는 큰 두각을 드러내지 못했다. 리저브 팀에만 2시즌 있던 쿠쿠레야는 에이바르, 헤타페 등을 거치며 기량을 올렸고 2021-2022시즌 브라이튼앤보흐알비온으로 완전 이적하며 잉글랜드 생활을 시작했다. 최근 들어 스리백과 포백 전술의 복합 운용이 각광 받기 시작하면서 축구 지능이 뛰어난 쿠쿠레야의 가치가 올라가기 시작했다. 기본적으로 왼쪽 풀백인 쿠쿠레야는 빌드업과 공수 공간 점유에 장점을 지녀 왼쪽 스토퍼 혹은 왼쪽 윙백까지도 소화 가능한 자원이다. 이러한 매력에 첼시는 2022-2023시즌을 앞두고 6,000만 파운드(약 1,160억 원)에 쿠쿠레야를 영입했다. 쿠쿠레야가 본격적으로 첼시 핵심으로 발돋움한 건 지난 시즌부터다. 쿠쿠레야는 여름 간 UEFA 유로 2024에 참가해 스페인의 우승을 이끌었고 소속팀에서도 모든 대회 48경기 7골 3도움을 올리며 펄펄 날았다. 올 시즌에도 붙박이 왼쪽 수비수로 24경기 2도움을 기록 중이다. 사진= 게티이미지코리아",https://v.daum.net/v/YwCAJnztC9,풋볼리스트,31분 전
‘토트넘전 영웅’ 이강인 하나로 행복한 PSG…훈련서 알까기 굴욕→동료들 애정 듬뿍 ‘LEE 놀리기’,"[포포투=박진우] 토트넘 홋스퍼전을 앞두고 이강인의 분위기는 최상이다. 파리 생제르맹(PSG)은 27일 오전 5시(이하 한국시간) 프랑스 파리에 위치한 파르크 데 프랭스에서 열리는 2025-26시즌 유럽축구연맹(UEFA) 챔피언스리그(UCL) 리그 페이즈 5차전에서 토트넘 홋스퍼를 상대한다. 현재 PSG는 3승 1무로 7위, 토트넘은 2승 2무로 12위에 위치해 있다. 연일 상승 기류를 타고 있는 이강인. 시즌 초반부터 줄부상에 시달렸던 PSG는 이강인을 활용할 수 밖에 없었다. 그 상황에서 이강인은 주로 우측 윙어로 출전, 특유의 탈압박과 넓은 시야를 활용한 날카로운 왼발 패스를 과시하며 수차례 기회를 만들었다. 결국 최근 들어서며 이강인을 향한 평가는 180도 달라졌다. 특히 본인보다 팀을 먼저 생각하는 ‘헌신적 태도’에 찬사가 이어졌다. PSG 소식통 ‘파리 팬스’는 “ 이강인은 한국 대표팀에서도, PSG에서도 절정의 컨디션을 보여주고 있지만, 정작 자신의 활약에 대해서는 길게 말하지 않는다. 그는 늘 팀을 먼저 생각하며 100%를 쏟아붓는 선수다""라며 집중 조명했다. 그러면서 ""이러한 멘털리티는 이강인이 PSG에서, 특히 루이스 엔리케 감독에게 높은 평가를 받는 이유다. 그는 결코 경기장에서 다른 누구보다 돋보이려 애쓰지 않는다. 팀을 승리로 이끌기 위한 플레이가 우선이다. 게다가 이강인은 기술적 재능과 경기 이해도도 뛰어나다. 이 때문에 여러 포지션을 소화할 수 있는 멀티 자원으로서 팀에 큰 가치를 더하고 있다""며 거듭 칭찬했다. 이후 프랑스 리그앙 13라운드 르 아브르전에서 선발 출전, 리그 1호골을 신고하며 찬사의 이유를 증명한 이강인이었다. 이제 토트넘을 상대한다. 이강인에게는 좋은 기억만 남아 있는 상대다. 지난 8월 열렸던 UEFA 슈퍼컵에서 0-2로 뒤지던 후반 40분, 이강인은 천금같은 왼발 중거리 슈팅으로 추격골을 넣었다. 추격 의지를 얻은 PSG는 결국 2-2를 만들었고, 승부차기에서 승리했다. 프랑스 현지에서는 토트넘전 이강인이 세니 마율루와 선발 자리를 두고 경쟁할 것이라 전망했다. 명확한 선발 출전 여부는 알 수 없지만, 분위기 만큼은 확실히 좋다. 토트넘전을 앞둔 훈련에서 이강인은 동료들과 애정이 넘치는 순간을 보였는데, 프랑스 현지에서 화제가 됐다. 프랑스 ‘르 10 스포르트’는 “훈련 도중 이강인은 작은 기술적 굴욕(알까기)을 당하며 바닥에 누웠다. 비티냐, 루카스 베랄두, 우스만 뎀벨레, 브래들리 바르콜라 등 모두가 이강인을 놀리기 위해 달려 들었다”며 “PSG 선수단은 토트넘과의 맞대결을 앞두고 화기애애한 훈련장 분위기를 드러냈다”고 집중 조명했다. #포포투 코리안리거 소식 박진우 기자 jjnoow@fourfourtwo.co.kr ⓒ 포포투(https://www.fourfourtwo.co.kr) 무단전재 및 재배포금지",https://v.daum.net/v/Bx89vygRJP,포포투,36분 전
"이강인, 토트넘 상대로 또 한번 득점포 가동할까?... 김민재는 '英 1위' 아스날 원정 나선다","(베스트 일레븐) 코리안 공수 몬스터들이 유럽 무대에 뜬다. 내일(27일) 새벽, '국가대표 듀오' 김민재와 이강인이 각각 북런던을 연고로 둔 아스날과 토트넘을 만난다. 먼저, 파리 생제르망(PSG)의 이강인은 손흥민의 전 소속팀인 토트넘과 2025 UEFA 슈퍼컵 이후 약 3달 만에 다시 맞붙게 된다. 25-26 UEFA 챔피언스리그(UCL)에서 4전 전승 중인 바이에른 뮌헨(B.뮌헨)의 김민재는 나란히 전승을 기록한 아스날을 만나기 위해 런던으로 향한다. PSG와 토트넘은 2025 UEFA 슈퍼컵 이후 약 3개월 만에 파르크 데 프랭스에서 맞붙는다. 리그 2경기 연속 공격포인트를 기록 중인 이강인은 기세를 이어 토트넘전 득점에 도전한다. 이강인은 토트넘과의 UEFA 슈퍼컵에서 팀이 지고 있던 후반전 교체 투입돼 추격골을 터뜨리는 등 역전승의 중심이 된 바 있다. 한편, 2경기 연속 공격포인트를 쌓은 이강인의 활약과 함께 PSG는 2연승 중인 반면, 원정팀 토트넘은 최근 2경기에서 1무 1패에 그쳤다. PSG가 공식전 3연승을 거둘지, 토트넘이 분위기 반전에 성공할지 관심이 모인다. 같은 시각, 아스날의 홈구장 에미레이츠 스타디움에서는 김민재의 활약이 펼쳐질 예정인 아스날 대 B.뮌헨 경기가 펼쳐진다. 두 팀은 23-24 UCL 8강에서 맞붙은 이후 약 1년 7개월 만에 맞대결을 치르게 된다. 당시 1차전에서는 2대 2 무승부를 기록했지만, 2차전에서는 키미히의 결승골을 앞세워 B.뮌헨이 웃은 바 있다. 각각 리그에서도 1위에 위치한 아스날과 B.뮌헨은 나란히 UCL 4전 전승 행진을 기록하며 유럽 무대에서도 순항 중이다. 두 팀의 승점(12점)과 골득실(+11) 모두 동률인 가운데 B.뮌헨은 14득점 3실점, 아스날은 11득점 0실점을 기록했다. 한편, 홈팀 아스날이 올 시즌 UCL에서 단 1점도 내주지 않고 있는 가운데 B.뮌헨의 '스트라이커' 해리 케인의 발끝에 시선이 모인다. 아스날과 토트넘의 '북런던 더비' 최다골(14골) 기록을 보유한 케인이 아스날에 UCL 첫 실점을 안길지, 아니면 아스날이 케인마저 봉쇄하며 무실점 행진을 이어갈지 주목된다. 27일(목) 새벽 5시 펼쳐질 PSG 대 토트넘 경기는 스포티비 프라임(SPOTV Prime), 아스날 대 B.뮌헨 경기는 스포티비 프라임2(SPOTV Prime2)에서 생중계된다. 이강인과 김민재가 활약할 두 경기는 물론 25-26 UCL 전 경기 PC/모바일 생중계는 스포티비 나우(SPOTV NOW)에서 시청할 수 있다. 글=임기환 기자(lkh3234@soccerbest11.co.kr) 사진=ⓒgettyImages/게티이미지코리아(무단 전재 및 재배포 금지), 스포티비 축구 미디어 국가대표 - 베스트 일레븐 & 베스트 일레븐 닷컴 저작권자 ⓒ(주)베스트 일레븐. 무단 전재/재배포 금지-www.besteleven.com",https://v.daum.net/v/WxyQF0sACS,베스트일레븐,37분 전
"韓축구 초대박! 한국에 獨 분데스리가 명문팀 '공식' 아카데미 생긴다... 도르트문트, 박주호와 파트너십 맺고 수원에 개설","(베스트 일레븐) 대한민국 수원에 독일 분데스리가 명문 구단의 축구 아카데미가 생긴다. 분데스리가 명문 구단 보루시아 도르트문트(Borussia Dortmund, 이하 도르트문트)가 국내에서 처음으로 글로벌 유소년 육성 프로그램인 도르트문트 인터내셔널 아카데미 코리아를 공식 개설했다. 이를 통해 국내 유소년 선수들을 대상으로 도르트문트의 철학과 훈련 방식을 바탕으로 한 연중 상시 교육 프로그램을 제공할 예정이다. 아카데미는 수원월드컵경기장 인근에 위치해 있다. 이번 아카데미 개설은 전 국가대표 선수이자 도르트문트 출신인 한국 축구 레전드 박주호와의 협업을 통해 이뤄졌다. 프로 은퇴 후 유소년 육성에 힘써온 박주호는 도르트문트와 함께 초보 단계의 어린 선수부터 경쟁력을 갖춘 유망주까지 누구나 안정적으로 성장할 수 있는 교육 환경을 조성해 나갈 계획이다. 보루시아 도르트문트 아카데미의 베네딕트 숄츠(Benedikt Scholz) 총괄은 ""축구에 대한 열정이 높고, 도르트문트와 오랜 인연을 이어온 한국에 공식 아카데미를 개설하게 되어 매우 뜻깊게 생각한다""며, ""한국의 축구 유망주들이 도르트문트의 체계적인 훈련 시스템과 팀워크, 그리고 축구의 본질적인 즐거움을 담은 도르트문트만의 철학을 경험할 수 있기를 바란다""고 말했다. 이어 ""특히 유소년 육성에 강한 의지를 가진 박주호와 함께하게 되어 더욱 의미가 크다""고 덧붙였다. 도르트문트 인터내셔널 아카데미는 단순한 기술 훈련을 넘어 팀워크와 협력, 스포츠맨십, 경기 본연의 즐거움 등 도르트문트가 강조하는 핵심 철학을 기반으로 운영된다. 또한 도르트문트 코칭 시스템을 적용한 전문적인 지도 아래, 축구 기술은 물론 인성과 사회적 역량까지 균형 있게 성장시킬 수 있는 체계적인 교육 프로그램을 제공한다. 아카데미 운영을 맡은 박주호 총괄은 ""도르트문트 인터내셔널 아카데미 코리아 운영을 맡게 된 것은 개인적으로도 매우 뜻깊은 일이다. 프로 선수 생활을 마친 뒤, 축구를 통해 쌓아온 경험과 배움을 어린 선수들과 나누고 싶은 마음이 컸다""며, ""유소년 선수들이 기술 향상은 물론 서로에 대한 존중, 팀워크, 끈기 등을 배우며 성장할 수 있는 환경을 만들어가겠다. 도르트문트의 철학 아래 미래의 선수들이 어떻게 성장해 나갈지 기대된다""고 말했다. 아카데미 개설을 기념해 지난 24일 개최한 개막 축구 캠프에는 보루시아 도르트문트 인터내셔널 아카데미 본사 코치 2명이 직접 참여했다. 캠프에 참가한 유소년 선수들은 도르트문트의 세계적인 트레이닝을 체험하며, 아카데미가 추구하는 핵심 가치를 미리 경험하는 시간을 가졌다. 도르트문트는 축구에 대한 한국의 열정과 잠재력을 높이 평가하며, 이번 아카데미 개설이 전 세계 유소년 축구 발전을 위한 도르트문트의 글로벌 비전을 실현하는 데 있어 중요한 전환점이 될 것으로 기대하고 있다. 보루시아 도르트문트 아카데미 코리아 참여 및 프로그램에 대한 자세한 정보는 여기에서 확인할 수 있다. 글=임기환 기자(lkh3234@soccerbest11.co.kr) 사진=ⓒgettyImages/게티이미지코리아(무단 전재 및 재배포 금지), 인사이트 축구 미디어 국가대표 - 베스트 일레븐 & 베스트 일레븐 닷컴 저작권자 ⓒ(주)베스트 일레븐. 무단 전재/재배포 금지-www.besteleven.com",https://v.daum.net/v/qog61FrNhc,베스트일레븐,40분 전
"""다음달 재계약, 불이익 있을까 두렵지만""…""성추행 아냐"" 논란의 신체접촉 女 마라토너→""통증+정신적 스트레스"" 삼척시도 진상조사 착수","(엑스포츠뉴스 나승우 기자) 강원도 삼척시가 시청 육상팀 김완기 감독이 소속 선수 이수민에게 불필요한 신체 접촉을 했다는 '성추행 논란'과 관련해 진상조사에 착수했다. 해당 사건은 지난 23일 열린 2025 인천국제마라톤에서 나왔다. 여자 국내부 이수민이 1위로 결승선 통과 직후 김 감독이 타월로 자신을 덮어주려고 하자 표정을 찡그리며 뿌리쳤다. 몸이 앞으로 쏠리는 이수민을 잡아주는 과정에서 신체 접촉이 발생한 건데, 이를 생중계로 지켜보던 시청자들은 불필요한 접촉이었다며 성추행 아니냐는 비판을 제기했다. 26일 연합뉴스에 따르면 삼척시는 해당 사건에 대해 진상조사를 하고 있는 상황이다. 다만, 이수민은 이번 논란이 성추행이 아닌 다른 곳에 있다고 확실히 선을 그은 상태다. 이수민은 지난 25일 입장문을 통해 ""성추행이라고 단정하거나 주장한 적은 없다""고 강조했다. 이어 ""문제의 본질은 성적 의도 여부가 아니라 골인 직후 예상치 못한 강한 신체 접촉으로 인해 극심한 통증을 느꼈다는 점""이라며 ""가슴과 명치에 강한 통증이 발생했고, 저항해도 벗어나기 어려울 정도로 팔이 압박된 채 구속감을 느꼈다""고 주장했다. 감 감독의 신체 접촉으로 인해 성적 불쾌감보다 물리적 통증이 발생해 고통을 받았다는 것이다. 이수민이 제기한 문제는 해당 사건 이후 김 감독이 공식적으로 사과하지 않았다는 데 있다. 이수민은 김 감독에게 찾아가 김 감독의 행동에 대해 ""적절하지 않았다""고 전했고, 동시에 뿌리친 행동에 대해 기분이 나빴다면 죄송하다는 뜻도 전달했다. 다만 김 감독은 해당 행동에 대해 이수민에게 구체적인 사과나 인정을 전혀 하지 않았고, 오히려 말을 돌리는 식으로 대응했던 것으로 알려졌다. 심지어 논란이 불거진 후에도 적극적으로 상황을 해결하려는 시도조차 하지 않았다는 게 이수민의 설명이다. 해당 사건으로 인해 통증과 정신적 스트레스를 방은 이수민은 병원에서 2주 치료 소견을 받고 회복 중이다. 무엇보다 이수민의 불만이 컸던 부분은 김 감독과의 소통 문제였다. 김 감독과 소통하는 과정에서 일부 지시가 선수들에게 부담으로 작용했고, 경기력이나 계약과 관련된 압박이 느껴지는 순간도 있었다는 것이다. 이번 사건 때문만이 아니라 평소에도 이수민이 김 감독에 대한 불만이 어느정도 있었던 것으로 보인다. 지난해부터 삼척시청에서 활약하며 다음 달 재계약을 앞두고 있는 이수민은 혹시 모를 불이익이 생길까 두렵다면서도 용기를 냈다며, 이러한 논란이 발생한 것에 대해 죄송하다는 마음이 크다고 덧붙였다. 한편, 김 감독은 삼척시에 '선수 부상 방지 차원에서 타월로 덮어주려 했다'고 해명한 것으로 알려졌다. 시는 양측 의견을 모두 수렴해 사건 진상을 파악할 방침이다. 이수민도 ""관련된 모든 사실은 시청 조사 과정에서 상세히 전달했다""며 ""추가적인 조사와 검토가 필요하다고 생각한다""고 조사에 적극 임했다는 뜻을 전했다. 사진=SNS 나승우 기자 winright95@xportsnews.com",https://v.daum.net/v/4YIRqKyOHD,엑스포츠뉴스,44분 전
"이럴 수가! '여축-남축 처우 천차만별' 실태 공개... FIFPRO, ""여자 프로선수 34%, 月 690만원 이하로 수령""","(베스트 일레븐) 남녀 프로축구선수의 처우 등 격차가 큰 것으로 나타났다. 국제축구선수협회(이하 FIFPRO)가 창립 60주년 총회에서 남녀 축구간의 현실적 격차를 진단하고, 2025년 핵심 정책 로드맵을 발표했다. 사단법인 한국프로축구선수협회(이하 선수협)도 포르투갈 리스본에서 열린 '2025 FIFPRO 총회'에 참석했다. 선수협 김훈기 사무총장은 현지에서 논의된 남녀 축구 관련 주요 정책 의제를 소개했다. FIFPRO는 남자 축구 분야에서 '선수의 노동자성'을 다시 강조했다. 선수를 단순한 운동선수가 아닌 '노동자'로 인정받게 한 지미 힐(Jimmy Hill)의 업적을 재조명하며, 선수의 법적 권리 보호를 최우선 과제로 꼽았다. 특히 축구 이적시장의 판도를 바꾼 '장 마르크 보스만 판결'과 최근 FIFA의 이적 규정에 제동을 건 '라사나 디아라 판결'을 언급하며, 앞으로도 선수들의 커리어 보호와 법적 지위 향상을 위해 싸울 것임을 밝혔다. 또한, ▲ 선수 중심의 연구 데이터 확보▲ 후원 의존도를 낮추기 위해 연맹 자체 사업 확대 및 재정적 독립 추진 ▲ 축구 이해관계자들과의 수평적 관계 확립 등을 통해 선수들의 목소리가 실제 정책에 반영될 수 있는 구조를 만들겠다는 계획을 밝혔다. FIFPRO는 여자 축구 분야도 많은 신경을 쓰고 있다. 여전히 열악한 여자 축구 선수들의 처우와 환경 문제가 집중적으로 논의됐다. FIFPRO는 ""남자 축구와 달리 여자 축구는 국가·지역별로 노동 환경이 천차만별""이라며 ""유럽 챔피언스리그 선수들과 제 3세계 선수들간의 격차를 줄이는 것이 시급하다""고 강조했다. 이와 관련하여 총회에서 공개된 데이터는 충격적이었다. 최근 프로 계약이 늘어나고 있음에도 불구하고, 전체 여자 선수의 34%는 여전히 월 5,000달러(약 690만 원) 이하의 급여를 받고 있는 것으로 나타났다. 의료 지원과 심리적 지원 문제는 더 심각했다. 대회 참가 전 기본적인 메디컬 테스트조차 받지 못한 선수가 39%에 달했으며, 심리적 지원을 받지 못하는 비율도 27%나 됐다. 이에 FIFPRO는 여자 선수들에게 가장 큰 부상 위험으로 꼽히는 '전방십자인대(ACL) 부상 예방 프로젝트'를 연장하기로 결정했고, 2026년 발간을 목표로 '여자 선수 노동자 권리 보고서' 작성에 착수했다. 또한 FIFPRO는 2025년 열리는 대륙별 대회(UEFA, CONMEBOL, CAF 등)에 참가하는 선수들을 대상으로 환경 개선 여부를 추적 조사할 예정이다. 현장에서 총회에 참석한 김훈기 사무총장은 ""여자 선수들의 71%가 월드컵 상금의 공정한 배분을 원하고, 58%가 자국 리그의 프로화를 요구한다는 설문 결과는 한국 여자축구(WK리그)에도 시사하는 바가 크다""고 설명했다. 이어 김 총장은 ""특히 최근 국내에서도 언급된 여자 선수들의 열악한 의료 지원 실태가 전 세계적인 문제임이 확인됐다. 한국 선수들이 더 안전하고 공정한 환경에서 뛸 수 있도록 제도 개선을 이끌어내겠다""고 강조했다. 선수협은 여자 축구 선수들의 처우 개선을 위해 지속적으로 노력해왔으며, 앞으로도 축구 협회, 연맹 등과의 대화를 통해 선수들이 보다 안전하고 공정한 환경에서 뛸 수 있도록 제도 개선을 이끌어갈 예정이다. 글=임기환 기자(lkh3234@soccerbest11.co.kr) 사진=ⓒgettyImages/게티이미지코리아(무단 전재 및 재배포 금지), 선수협 축구 미디어 국가대표 - 베스트 일레븐 & 베스트 일레븐 닷컴 저작권자 ⓒ(주)베스트 일레븐. 무단 전재/재배포 금지-www.besteleven.com",https://v.daum.net/v/K7q3gj2uT2,베스트일레븐,46분 전
"'북런던 더비 참패' 토트넘 감독 ""손흥민 수준 대체자, 아직 시간이 필요해""","[스포츠투데이 신서영 기자] 토마스 프랭크 토트넘 홋스퍼 감독이 팀을 떠난 손흥민(LAFC)을 언급했다. 토트넘(잉글랜드)은 27일(한국시각) 프랑스 파리의 파르크 데 프랭스에서 열리는 2025-2026 유럽축구연맹(UEFA) 챔피언스리그(UCL) 리그 페이즈 5차전 파리 생제르맹(PSG·프랑스)과 원정 경기를 치른다. 토트넘은 최근 리그 3경기 무승(1무 2패)에 그쳤다. 특히 지난 24일 영국 런던의 에미레이츠 스타디움에서 열린 2025-2026 잉글랜드 프리미어리그(EPL) 12라운드 아스널과 시즌 첫 '북런던 더비'에선 1-4 완패를 당했다. 이로써 토트넘은 5승 3무 4패(승점 18)를 기록, 리그 9위로 내려앉았다. UCL에선 2승 2무(승점 8)로 12위에 자리해 있다. PSG전을 앞두고 사전 기자회견에 나선 프랭크 감독은 ""항상 경기력이 가장 중요하다고 생각한다. 꾸준히 하면 결과를 낼 가능성이 커지기 때문이다. 아스널전을 다시 봤는데, 정말 보기 힘들었다. 우린 좋지도 나쁘지도 않은 경기력을 보여줬지만 그 부분에서 전혀 밀리지 않았다. 문제는 제대로 실행하지 못했다는 것""이라고 말했다. 이어 ""가장 실망스러웠던 건 적극적인 경기가 안 됐다는 거다. 그날 경기에서 충분히 할 수 있다고 확신했는데, 그렇게 되지 않았다. 아스널이 롱패스를 하고, 우리도 롱패스를 하는 듀얼 플레이 같은 상황이 53번이나 있었다. 그 중 17번은 우리가 이겼고, 36번은 졌다""고 덧붙였다. 프랭크 감독은 ""경기력이 조금씩 오르락내리락하는 건 항상 있을 거라고 생각한다. 중요한 건 충분히 일관성을 유지하고 충분히 높은 수준의 경기력을 보여주며 경기에서 경쟁력을 유지하는 것이다. 패배는 당연한 일이기 때문에 어떤 경기는 감수해야 한다고 생각한다. 아스날전을 제외하고, 다른 경기들은 경쟁력을 발휘했다고 본다""며 ""내일 우리는 유럽 최고의 팀 중 하나인 PSG와 원정 경기를 치른다. 나는 토트넘이 이길 거라고 확신한다. 좋은 성과로 회복하려고 한다""고 각오를 다졌다. 이날 기자회견 막바지에는 손흥민의 이름이 언급되기도 했다. 한 취재진이 ""토트넘 팬들이 요구하는 플레이 방식에 대해 얼마나 의식하고 있나? 견고한 수비에 더 모험적인 요소를 더하는 데 현실적으로 오랜 시간이 걸린다고 생각하나?""라는 질문을 던졌다. 이에 프랭크 감독은 ""내 생각에는 그렇게 오랜 시간이 걸릴 것 같지는 않다. 내 옆에 있는 젊은 선수(윌손 오도베르)가 실제로 그 과정을 겪는다고 말하는 게 맞다고 생각한다. 오도베르는 환상적인 선수이고 엄청난 잠재력을 가졌다. 또한 지난 시즌에 비해 많이 성장했고, 그에게 큰 기대를 걸고 있다""고 칭찬했다. 그러면서도 ""하지만 오도베르는 지난해 뛰었던 손흥민 같은 톱 플레이어를 비롯해 제임스 매디슨, 도미닉 솔란케, 데얀 쿨루셉스키 같은 핵심 선수를 대신해야 한다. 오도베르와 브레넌 존슨, 모, 사비 시몬스 등이 그 수준에 도달할 수 없다는 말은 아니지만 시간이 필요하다. 우리는 프리미어리그와 챔피언스리그에서 3일마다 경기를 치러야 한다. 불평이 아니라 그냥 현실일 뿐""이라고 말했다. [스포츠투데이 신서영 기자 sports@stoo.com]",https://v.daum.net/v/2dteRJu5Sr,스포츠투데이,50분 전
"'시키는 대로 안 했다'...맨체스터 유나이티드 '충격' 내부 고발! 구단 관계자 ""측면 전술 지시 완전히 무시""","[마이데일리 = 노찬혁 기자] 맨체스터 유나이티드 선수들이 루벤 아모림 감독의 전술 지시를 무시했다는 소식이 전해졌다. 맨유는 25일(이하 한국시각) 잉글랜드 맨체스터 올드 트래포드에서 열린 '2025-2026시즌 잉글랜드 프리미어리그(EPL)' 12라운드 에버튼전에서 0-1로 패배했다. 맨유는 전반 초반부터 유리한 흐름을 탔다. 전반 10분 에버튼 베테랑 수비수 시무스 콜먼이 부상으로 제이크 오브라이언과 교체됐고, 전반 13분에는 이드리사 게예가 팀 동료 마이클 킨과의 언쟁 과정에서 얼굴을 가격해 퇴장을 당했다. 맨유는 수적 우위를 점했다. 그러나 맨유는 수적 우위를 활용하지 못한 채 실점을 허용했다. 전반 29분 키어런 듀스버리 홀이 골문을 열며 에버튼이 앞서나갔다. 맨유는 총 25개의 슈팅과 70%의 볼점유율을 기록하며 동점골을 노렸으나 끝내 골문을 열지 못했다. 패배로 승점 18점에 머무르며 10위로 내려앉았고, 5경기 무패 행진도 끊겼다. 경기 후 충격적인 보도가 이어졌다. 영국 '커트오프사이드'는 “맨유의 에버튼전 패배는 아모림 감독 체제에서 이뤄진 발전 흐름에 큰 좌절을 안겼다. 내부 소식통에 따르면 아모림 감독은 경기 직후 내부적으로 격노한 상태”라고 보도했다. 이어 “아모림 감독은 선수들을 매우 부정적으로 바라봤고, 경기장의 특정 구역에 대한 불만을 강하게 드러냈다. 내부 관계자는 감독이 측면에서 규율 부족을 직접 지적했다”고 밝혔다. '커트오프사이드'에 따르면 내부 관계자는 “아모림 감독은 팀 왼쪽에서 뛰는 선수들에게 강한 분노를 표출했다. 전술 지시가 완전히 무시됐다고 판단한 것으로 보인다. 선수들이 지시를 따르지 않으면 전체 경기 흐름이 무너진다”고 전했다. 또한 “아모림 감독은 성공이 모든 선수가 같은 목표를 향해 나아가는 데 달려 있다는 사실을 잘 알고 있다. 선수들에게 자신의 감정을 솔직하게 드러낼 계획”이라고 강조했다.",https://v.daum.net/v/7xncYXcnE0,마이데일리,53분 전
[승부예측] 11월27일(목) 05:00 UCL PSG vs 토트넘 스코어 예측,"(인터풋볼 경기분석실) 유럽 축구의 정상 파리 생제르맹(PSG)이 홈구장 파르크 데 프랭스로 잉글랜드의 토트넘 홋스퍼를 불러들인다. 디펜딩 챔피언의 위용을 과시하려는 PSG와 최근 부진의 늪에서 벗어나지 못하는 토트넘의 대조적인 행보가 맞붙는 경기다. 파리 생제르맹: 16강 직행 굳히기, 바이에른 패배 설욕 노려 PSG는 현재 챔피언스리그 리그 페이즈에서 3승 1패(승점 9점)로 5위에 올라 있다. 비록 지난 매치데이 4에서 바이에른 뮌헨에게 패하며 무패 행진이 끊겼지만 4경기에서 맞붙은 상대들의 면면을 고려하면 여전히 인상적인 성적표다. PSG의 목표는 명확하다. 16강 플레이오프를 피하고 16강 직행권(상위 8위)을 확보하는 것이다. 최근 모든 4경기에서 3승을 거두며 전반적인 분위기는 나쁘지 않다. 다만 홈에서의 경기력이 다소 들쭉날쭉한 모습을 보였다는 점은 우려스럽다. 아크라프 하키미, 데지레 두에, 우스만 뎀벨레의 결장이 예상되지만 PSG는 여전히 공격진에서 충분한 화력을 보유하고 있다. 크바라츠헬리아와 곤살루 하무스 등 막강 공격진이 토트넘 수비진을 시험대에 올릴 것이다. 토트넘 홋스퍼: 북런던 더비 참패, 파리에서도 무너질까? 토머스 프랭크 감독 체제의 토트넘은 심각한 위기에 봉착했다. 지난 주말 아스널과의 북런던 더비에서 무기력한 경기 내용 끝에 대패를 당하며 감독 선임에 대한 의문까지 제기되고 있다. 최근 5경기에서 3패를 기록하며 팀 전력이 급격히 하락한 상태다. 특히 원정 경기에서의 부진이 심각하다. 뉴캐슬과 아스널 원정에서 연달아 패하며 6실점을 기록했다. 챔피언스리그에서는 2승 2무로 10위권에서 무패 행진을 이어가고 있지만 맞붙은 상대들이 비야레알, 보되/글림트, 모나코, 코펜하겐 등 중하위권 팀들이었다는 점을 감안하면 이번 PSG전은 완전히 다른 차원의 시험대다. 브레넌 존슨의 출장 정지와 부상자 속출로 스쿼드 운용에도 어려움을 겪고 있다. 공격과 수비의 균형을 찾지 못하고 있는 토트넘에게 파리 원정은 가혹한 도전이 될 전망이다. 양 팀은 지난 8월 UEFA 슈퍼컵에서 맞붙어 2-2 무승부 끝에 PSG가 승부차기로 우승을 차지한 바 있다. 하지만 당시 토트넘의 경기력과 지금의 모습은 확연히 다르다. 최근 토트넘은 첼시, 뉴캐슬, 아스톤 빌라 등을 상대로 패했다. 맨유를 상대로 후반 추가시간 1분을 남기고 골을 허용하기도 했다. 전력과 최근 폼, 홈 이점을 모두 고려할 때 PSG의 압도적인 우세가 예상된다. 토트넘은 약팀 상대로만 승점을 챙겼을 뿐 강팀과의 맞대결에서는 취약함을 드러냈다. PSG가 홈에서 또 한 번 프리미어리그 클럽을 제압하며 3-1 스코어의 손쉬운 승리를 거둘 것으로 예상된다.",https://v.daum.net/v/KkeavWaeUm,인터풋볼,53분 전
"""리그 7경기 6패? UCL에선 3승 했잖아요""...이 정도면 순수악, 리버풀 최악 부진에도 긍정적인 슬롯","[인터풋볼=신동훈 기자] 아르네 슬롯 감독은 최악의 부진에도 긍정적인 생각을 갖고 있다. 리버풀은 27일 오전 5시(한국시간) 영국 리버풀에 위치한 안필드에서 열리는 2025-26시즌 유럽축구연맹(UEFA) 챔피언스리그(UCL) 리그 페이즈 5라운드에서 PSV 아인트호벤과 만난다. 리버풀의 현재 분위기는 최악이다. 프리미어리그 디펜딩 챔피언인데 최근 리그 7경기에서 1승 6패다. 아스톤 빌라를 잡으면서 리그 연패를 끊었는데 맨체스터 시티에 0-3으로 패하더니 홈에서 노팅엄 포레스트를 상대로 0-3 대패를 당했다. 2경기 연속 3실점 패배에, 홈 대패까지. 슬롯 감독을 보는 시선이 고울 수 없는 이유다. 지난 시즌 부임 첫해에 우승을 차지했어도 비판의 목소리가 향하고 있다. 슬롯 감독의 선수 기용부터 경기 운영까지 모두 지적되는 중이다. 이번 여름 리버풀 역사상 가장 많은 돈을 쓴 이적시장을 보내면서 알렉산더 이삭, 플로리안 비르츠 등을 품었기에 더 실망스럽다는 평이다. 슬롯 감독은 PSV전을 앞두고 기자회견에서 ""예상하지 못한 결과다. 경기력을 두고는 마땅한 변명을 찾을 수 없다. 리버풀은 위기를 극복할 수 있는 팀이다. 힘들수록 뭉쳐야 한다. 침착함을 유지해야 한다. 그게 내 성격이기도 하다. 예상치 못한 결과에도 리그 7경기 6패보다 최근 공식전 4경기 2패고 UCL에선 3승을 했다는 걸 생각해야 한다""고 말했다. 슬롯 감독이 말한대로 리버풀은 UCL 4경기에서 3승이다. 갈라타사라이와 2라운드에서 패배를 했지만 아틀레티코 마드리드, 프랑크푸르트, 레알 마드리드를 연이어 잡았다. 확실한 성과이나 지금 말할 부분은 아니다. 좋은 부분을 보는 것도 좋지만 좋게만 봐서는 안 된다. 슬롯 감독은 이어 ""죄책감과 책임감을 느낀다. 리버풀 팬들이 기대하는 수준 이하를 보여주고 있는 건 사실이다. 방법을 찾겠다""고 팬들에게 메시지를 보냈다. PSV는 로얄 위니옹(1-3 패), 레버쿠젠(1-1 무), 나폴리(6-2 승), 올림피아코스(1-1 무)와 만나 1승 2무 1패를 기록 중이다. PSV를 잡아야 리그에서도 반전을 보일 수 있는 힘을 얻을 것이다.",https://v.daum.net/v/02gLX1DgFK,인터풋볼,59분 전
"‘지금이 초대박 기회’ 맨체스터 유나이티드 충격 결단, 갈등 빚고 재계약 거절한 ‘이적료 1550억’ 비니시우스 영입 타진","[골닷컴] 강동훈 기자 = 맨체스터 유나이티드(맨유)가 비니시우스 주니오르(25·레알 마드리드)를 영입하기 위해 움직이기 시작했다. 비니시우스가 최근 사비 알론소(43·스페인) 감독과 갈등을 빚은 이후로 관계가 회복되지 않은 가운데 재계약을 거절하면서 내년 여름 이적을 추진할 가능성이 클 거로 예상되면서다. 영국 매체 풋볼 인사이더는 26일(한국시간) “알론소 감독과 불화가 있었던 것으로 알려진 비니시우스는 내년 여름에 레알 마드리드를 떠나게 될 거로 예상되는데, 그의 이적료는 8000만 파운드(약 1550억 원)가 될 것으로 보인다”면서 “맨유가 현재 비니시우스에게 관심이 있다”고 보도했다. 비니시우스는 재계약을 거절하면서 내년 여름 레알 마드리드를 떠날 조짐을 보이고 있다. 그는 알론소 감독과의 관계가 여전히 매우 불편한 가운데 재계약을 맺고 싶지 않다는 뜻을 구단에 전달했다. 실제 비니시우스는 알론소 감독과 갈등을 빚은 이후 관계가 경색됐고 알론소 감독 체제에서 뛰길 원하지 않고 있다. 비니시우스가 재계약을 거절한 이유는 알론소 감독과의 불화 때문만은 아니다. 그는 그동안 보여준 활약과 팀 내 입지 등을 고려했을 때 킬리안 음바페와 동일한 수준의 연봉을 원하고 있는데, 플로렌티노 페레즈 회장이 이를 받아들일 생각이 전혀 없어 재계약 협상이 결렬됐다는 주장도 제기됐다. 레알 마드리드로선 이대로 비니시우스가 재계약을 거절한다면 매각하는 수밖에 없다. 팀 분위기를 망칠뿐더러, 알론소 감독을 적극 지지하는 상황에서 비니시우스가 알론소 감독 밑에서 뛰길 원하지 않는다면 계속 데리고 있을 이유가 없기 때문이다. 이미 일각에선 페레스 회장이 비니시우스를 매각할 계획이 있다고 주장하고 있다. 다만 레알 마드리드는 비니시우스의 계약기간이 내후년 여름까지인 점을 고려했을 때 막대한 이적료를 책정할 수 없는 상황이다. 비니시우스의 시장 가치와 기량, 스타성, 관심도 등을 고려하면 천문학적인 이적료를 요구하는 게 지극히 정상이나 통상적으로 이적료는 계약기간과 반비례하기 마련이다. 그 말인즉슨 내년 여름이 되면 비니시우스의 계약기간이 1년밖에 남지 않아 급해지는 쪽은 레알 마드리드다. 레알 마드리드로선 혹여나 내후년 여름까지 비니시우스가 재계약을 거절하고 FA(자유계약선수) 신분으로 떠날 수 있는 위험부담이 있기에 내년 여름 이적료를 낮춰서라도 그를 매각하는 쪽을 선택할 가능성이 크다. 풋볼 인사이더도 “비니시우스는 내년 여름이 되면 계약기간이 1년밖에 남지 않는다. 레알 마드리드는 비니시우스에게 재계약을 제안했지만 협상이 교착 상태에 빠지면서 비니시우스의 미래는 불투명해졌다”며 “비니시우스의 계약기간을 고려했을 때 레알 마드리드는 그의 이적료로 8000만 파운드를 요구할 것으로 보인다”고 덧붙였다. 사진 = 게티이미지, 소셜네트워크서비스(SNS) 캡처",https://v.daum.net/v/UD9tioB3R4,골닷컴,2025.11.26 17:26
"‘프랭크 감독 악수 패싱 논란’ 얼마나 됐다고…“토트넘 일부 선수들, 감독 전술 방식에 이견”","[포포투=박진우] 토트넘 홋스퍼 일부 선수들이 토마스 프랭크 감독의 전술에 이견을 가졌다는 주장이 나왔다. 토트넘 홋스퍼는 27일 오전 5시(이하 한국시간) 프랑스 파리에 위치한 파르크 데 프랭스에서 열리는 2025-26시즌 유럽축구연맹(UEFA) 챔피언스리그(UCL) 리그 페이즈 5차전에서 파리 생제르맹(PSG)을 상대한다. 현재 토트넘은 2승 2무로 12위, PSG는 3승 1무로 7위에 위치해 있다. 지난 8월 열렸던 경기 이후로 다시 한 번 PSG를 맞이하는 토트넘. 당시 토트넘과 PSG는 각각 유로파리그, 챔피언스리그 우승팀 자격으로 UEFA 슈퍼컵에서 맞붙었다. 당시 토트넘은 후반 40분까지 2-0으로 이기고 있었는데, 이강인의 추격골을 시작으로 후반 막바지 균형을 내주며 승부차기에서 패배했다. 안 좋은 기억에 최근 분위기까지 좋지 않다. 지난 2일 열린 첼시전 0-1 패배 이후, 미키 반 더 벤과 제드 스펜스가 프랭크 감독의 악수를 거부하는 사태가 발생했다. 다행히 프랭크 감독은 이를 문제 삼지 않고 넘겼고, 선수들 역시 사과하며 사태는 일단락됐다. 다만 이후 경기력과 결과 모두 잡지 못했다. 지난 24일 열린 아스널과의 ‘북런던 더비’는 손에 꼽힐 정도의 졸전이었다. 토트넘은 전반 초반부터 후반 막판까지 이렇다 할 공격 기회 한 번 잡지 못한 채, 아스널의 일방적인 공세에 끌려 다녔다. 결국 돌아온 건 1-4 완패. 공격도, 수비도 최악이었다. 벌써 최근 공식전 11경기 3승 4무 4패다. 시즌 초반 좋았던 흐름은 끊긴 지 오래. 그러한 상황에서 일부 선수들이 프랭크 감독의 전술 운영 방식에 이견을 가진 것으로 알려졌다. 영국 ‘텔레그래프’가 단독 보도한 내용이었다. 매체는 “토트넘 내부 소식통은 본지에 ‘프랭크 감독의 잦은 변화가 팀의 일관성 부족과 공격력 저하에 일부 기여했다’고 전했다. 일부 선수들은 상대보다 팀 자체의 강점에 집중해 달라는 바람을 가지고 있는 것으로 알려졌지만, 이러한 의견이 (선수단 내부에) 얼마나 광범위하게 퍼져 있는지는 불분명하다”라며 현 상황을 설명했다. 일부 선수들의 의견과는 달리, 구단주는 프랭크 감독의 장기 계획을 여전히 신뢰한다는 입장이다. 매체는 “구단주 루이스 가문은 프랭크 감독 체제에서 장기적인 성과 달성을 목표로 한다는 메시지를 명확히 전달해 왔으며, 현재까지 그 방침은 변함이 없는 것으로 이해된다. 이는 단기적인 결정을 내릴 계획이 없다는 것을 의미한다”며 일각에서 거론됐던 ‘경질설’을 일축했다. 박진우 기자 jjnoow@fourfourtwo.co.kr ⓒ 포포투(https://www.fourfourtwo.co.kr) 무단전재 및 재배포금지",https://v.daum.net/v/PgP2yGjJJp,포포투,2025.11.26 17:18
"'퇴장' 호날두, 마지막 월드컵 정상적으로 뛴다... FIFA 징계 유예","[이데일리 스타in 허윤수 기자] A매치에서 퇴장당하며 2026 국제축구연맹(FIFA) 북중미 월드컵 일정에 차질을 빚을 거로 예상됐던 크리스티아누 호날두(알나스르)가 정상적으로 본선 무대에 나설 수 있게 됐다. 영국 매체 BBC는 26일(이하 한국시간) “폭력 행위로 인한 퇴장은 보통 3경기 출장 정지 징계가 내려지나, 호날두는 이 중 두 경기가 징계 유예 처리됐다”고 전했다. 이번 FIFA의 결정으로 호날두는 정상적으로 조별리그 첫 경기부터 뛸 수 있게 됐다. FIFA는 “호날두가 유사한 성격과 중대성을 지닌 반칙을 다시 하면, 유예된 징계는 즉시 효력을 되찾는다”며 “남은 두 경기 출장 정지를 즉각 이행해야 한다”고 설명했다. 호날두는 지난 14일 포르투갈 대표팀 소속으로 나선 아일랜드와 2026 북중미 월드컵 유럽 예선 조별리그 F조 5차전에서 퇴장당했다. 당시 호날두는 0-2로 끌려가던 후반 13분 페널티박스 안에서 몸싸움을 벌이다가 아일랜드 수비수 다라 오셰이를 팔꿈치로 가격했다. 최초 판정은 경고였으나 비디오 판독(VAR)을 통해 퇴장으로 바뀌었다. A매치 226경기 143골로 최다 출전과 최다 득점 기록을 동시에 보유한 호날두의 첫 A매치 퇴장이었다. 2003년 8월 데뷔해 약 22년 동안 대표팀에서는 퇴장이 없었으나 이날 첫 쓴맛을 봤다. 호날두는 이어진 아르메니아전에 나서지 못했고, 포르투갈은 호날두 없이도 북중미행을 확정했다. 다만 폭력 행위에 따른 퇴장 징계가 남았기에 호날두가 월드컵 본선 초반 결장할 가능성이 제기됐다. 특히 마지막 월드컵이라고 밝힌 만큼 FIFA 징계 수위에 관심이 쏠렸다. 이를 의식한 듯 로베르토 마르티네스 포르투갈 감독은 “호날두가 60여 분 동안 그라운드에서 붙잡히고 끌리는 상황을 계속 겪었다”며 “수비수에게 벗어나려는 순간의 행동이 실제보다 더 나쁘게 보였다”고 감쌌다. 이어 “팔꿈치 가격이라기보다 몸 전체의 움직임이었다”며 “카메라 각도 때문에 팔꿈치를 휘두른 거처럼 보였던 것뿐”이라고 해명했다. 허윤수 (yunsport@edaily.co.kr)",https://v.daum.net/v/fLOUyGjJDr,이데일리,2025.11.26 17:07
"""호날두와 트럼프가 만난지 6일 만에 FIFA 판정 나왔다!"" 美 매체 조차 지적...호날두, 월드컵 출전 가능","[스포티비뉴스=신인섭 기자] 크리스티아누 호날두가 다가오는 2026 북중미 월드컵에 나설 수 있게 됐다. 영국 공영방송 'BBC'는 26일(한국시간) ""크리스티아누 호날두는 이번 달 초 아일랜드전 퇴장에도 불구하고, 내년 여름 월드컵 조별리그 첫 경기에 포르투갈 대표로 출전할 수 있게 됐다""라고 보도했다. 이어 ""일반적으로 폭력 행위는 3경기 출전정지 징계가 내려지지만, 호날두의 징계는 3경기 중 2경기가 유예 처리됐다""라며 ""호날두는 11월 16일 열린 아르메니아전을 건너뛰었고, 이에 따라 내년 미국에서 열리는 월드컵에서는 추가로 결장하는 경기가 없다""라고 덧붙였다. FIFA는 성명을 통해 ""호날두가 유예 기간 동안 비슷한 성격과 수준의 반칙을 다시 저지를 경우, 이번 징계의 유예 조치는 자동으로 철회되며 남은 두 경기 출전정지 징계를 즉시 소화해야 한다""고 밝혔다. 다가올 월드컵은 호날두의 마지막이 될 전망이다. 그는 이미 지난 12일 리야드에서 열린 ‘투리즈 서밋(Tourise Summit)’ 인터뷰에서 2026년 대회가 마지막 월드컵이 될 것이냐는 질문에 호날두는 “물론이다. 그때면 내가 41살이 될 텐데, 그 정도면 큰 무대에서 물러날 때라고 생각한다”고 답했다. 그러면서 ""1~2년 안에 축구 선수로서 은퇴할 계획""이라고 확실하게 언급했다. 그러나 호날두가 자신의 라스트 댄스를 화려하게 시작하지 못할 것으로 예상됐다. 호날두는 지난 14일 열린 아일랜드와의 2026 FIFA 북중미 월드컵 유럽 최종 예선 F조 조별리그 5차전에서 상대 선수를 팔꿈치로 가격하는 행위로 다이렉트 퇴장을 받았다. 폭력 행위는 최소 3경기 이상의 징계가 주어지는 사안이다. 글로벌 매체 'ESPN' 역시 ""팔꿈치 가격을 비롯한 폭력 행위는 최소 3경기 이상의 징계가 주어진다""라고 논했다. 따라서 호날두가 조별리그 1, 2차전을 결장할 가능성이 제기됐다. 그러나 호날두는 솜방망이 처벌을 받았다. 'ESPN'은 이를 두고 ""3경기 출장 정지 중 2경기가 유예되는 경우는 드물다. 월드컵 예선에서 공격적 행위로 퇴장당한 아르메니아와 부룬디 선수들에게는 3경기 출전정지 징계가 부과됐으며, 이들은 감경이나 유예 혜택을 받지 못했다""라고 지적했다. 그러면서 도널드 트럼프 미국 대통령의 입김이 작용한 것 아니냐는 의문도 품었다. 매체는 ""이번 FIFA 판정은 호날두가 미국 백악관에서 사우디아라비아의 무함마드 빈 살만 왕세자와 함께 조 바이든 대통령과의 공식 만찬에 참석한 지 6일 만에 내려졌다. 호날두는 현재 사우디 국부펀드가 지분을 보유한 클럽에서 3년째 사우디 프로리그에서 뛰고 있다""라고 밝혔다. <저작권자 ⓒ SPOTV NEWS. 무단전재 및 재배포 금지>",https://v.daum.net/v/004Eei71S4,스포티비뉴스,2025.11.26 17:07
"""시즌 끝나지도 않았는데, 이비자 여행가서 DJ까지?""...리버풀 몰락 원인 지목한 스콜스","[스포티비뉴스=신인섭 기자] 맨체스터 유나이티드 레전드 폴 스콜스가 리버풀의 몰락의 원인으로 아르네 슬롯 감독의 지난 5월 여행을 꼽았다. 영국 '더 선'은 26일(한국시간) ""스콜스는 리버풀이 추락하게 된 원인 중 하나로 아르네 슬롯 감독의 ‘이비사 여행’을 지목했다""라며 ""슬롯 감독은 지난 5월, 웨인 리네커와 함께 이비자 섬에서 파티를 즐기는 모습이 포착된 바 있다""라고 보도했다. 지난 시즌 리버풀은 승승장구했다. 시즌 첫 3경에서 모두 승리를 거두며 순조로운 출발을 알렸다. 4차전 노팅엄 포레스트에 패하며 주춤하기도 했으나, 26경기 연속 무패를 기록하며 승점을 차곡차곡 쌓았다. 결국 36라운드 아스널과의 맞대결에서 2-2로 비기며, 잔여 경기와 상관 없이 우승을 확정했다. 37라운드 브라이튼, 38라운드 크리스탈 팰리스와의 경기가 남아있었지만, 슬롯 감독은 아스널전이 끝난 이후 비행기에 올랐다. '더 선'은 ""슬롯은 리버풀이 아스널과 2-2로 비긴 뒤, 이미 프리미어리그 우승을 확정한 상태에서 해당 여행을 떠났다""라며 ""그러나 시즌 막판부터 리버풀의 경기력이 흔들리기 시작했고, 이번 시즌에도 회복되지 못하고 있다""라고 지적했다. 올 시즌 리버풀은 지난 시즌과는 180도 다른 모습을 보여주고 있다. 시즌 초반 5연승을 달리며 지난 시즌과 비슷한 모습을 보여주는 듯했지만, 6라운드부터 흔들리기 시작했다. 팰리스, 첼시, 맨체스터 유나이티드, 브렌트포드에 연달아 패했다. 아스톤 빌라전 승리를 통해 반등하는 듯싶었지만, 맨체스터 시티, 노팅엄 포레스트에 패하며 추락을 거듭했다. 최근 7경기 1승 6패다. 이에 스콜스는 슬롯 감독이 시즌이 끝나지도 않은 상황에 이비자로 여행을 간 것이 리버풀 몰락의 원인 중 하나라고 지적했다. 그는 '더 굿, 더 베드 앤드 더 풋볼' 팟케스트에 출연해 ""이건 지난 시즌 말부터 시작됐다고 본다. 기억하는가? 그들이 우승을 확정했을 때. 그들은 이비자로 떠났다""라고 주장했다. 이어 ""정말로 아르네 슬롯이 DJ를 하고 있더라. 시즌이 끝나기도 전에 이비자에서 DJ를 하고 있었다. 그게 문제다. 시즌이 끝나기도 전에 그런 행동을 한다는 건 무례하다고 생각해요. 품격이 없다고 본다""라고 첨언했다. 한편 슬롯 감독 역시 현재 팀의 부진을 자신의 역량 부족이라고 인정했다. 그는 ""현재의 연패는 나의 책임이라는 점을 강조하고 싶다. 이기고 있을 때는 물론이고, 지고 있을 때도 책임은 감독에게 있다. 지금 우리가 이런 결과를 내는 데에는 어떤 변명도 충분하지 않다""라고 고개를 숙였다. 그러면서도 ""프리미어리그 최근 7경기에서 1승 6패라고 말할 수도 있지만, 최근 4경기 중 2패를 한 것이다. 챔피언스리그에서는 3승을 했다고도 말할 수 있다. 방법을 찾을 테지만, 리버풀이 기대하는 수준보다 낮은 건 사실이다""라고 덧붙였다. <저작권자 ⓒ SPOTV NEWS. 무단전재 및 재배포 금지>",https://v.daum.net/v/XmOR2fHlvz,스포티비뉴스,5분 전
"레알 마드리드 내부 뒤흔든 불화설… 알론소의 여유 있는 정면돌파 “자연스러운 일, 선수들을 존중한다”","[포포투=김호진] 사비 알론소 감독이 팀 내 불화설에 대해 입을 열었다. 영국 ‘스포츠 바이블’은 지난 24일(한국시간) 스페인 메체 ‘문도 데포르티보’를 인용하여 “사비 알론소의 레알 마드리드 드레싱룸 장악은 쉽지 않은 것 같다”고 보도했다. 이어 “현재 레알 선수단은 알론소와 거의 연결점을 느끼지 못하고 있다. 비니시우스 주니어, 페데리코 발베르데, 벨링엄, 호드리구, 엔드릭은 현재 행복하지 않은 상태”라고 덧붙였다. 레알 마드리드는 26일(현지시간) 구단 공식 홈페이지를 통해 하비 알론소 감독의 기자회견 발언을 공개했다. 최근 선수단과의 관계를 묻는 질문이 이어지자, 알론소 감독은 “나는 큰 성격을 가진 세계적인 선수들과 오랜 시간을 보냈다. 그들은 요구가 많고, 프로페셔널하며, 항상 최고를 원한다”라고 설명했다. 이어 그는 “그래서 지금의 모습이 자연스러운 것이다. 그런 성향이 있었기에 이 자리까지 올라올 수 있었던 것이다. 그런 선수들과 함께하는 건 특권이다. 감독은 그들과 어떻게 연결될지 이해해야 한다”고 강조했다. 감독 경질 이슈와 선수들의 영향력에 대한 질문도 나왔다. 알론소는 이에 대해 “선수들을 존중해야 한다. 팀을 존중해야 하고, 그들이 준비하는 방식을 존중해야 한다”고 운을 뗐다. 이어서 “드레싱룸에서 어떤 순간들이 찾아오는지 나는 잘 알고 있다. 외부의 잡음이 있을 때 어떻게 버티고 대응해야 하는지도 알고 있다. 우리가 할 수 있는 건 어떻게 훈련하는지, 어떻게 함께 일하는지, 그리고 어떻게 이런 순간을 헤쳐 나가는지다. 결과가 만족스럽지 않을 때 어떤 일이 벌어지는지는 잘 알고 있지만, 그렇다고 우리가 가고자 하는 길을 놓쳐선 안 된다”고 덧붙였다. 김호진 기자 hojink6668@fourfourtwo.co.kr ⓒ 포포투(https://www.fourfourtwo.co.kr) 무단전재 및 재배포금지",https://v.daum.net/v/KyUdQM3GRT,포포투,5분 전
"손흥민 초청 이유?.. '레비 떠난' NEW 토트넘, 아이콘 통해 '팬심 결속+정체성 회복' 프로젝트 가동","[OSEN=강필주 기자] '레비 시대'를 마감한 'NEW 토트넘'이 구단의 아이콘이었던 손흥민(33, LAFC)의 귀환을 통해 '팬심 결속'과 '정체성 회복'이라는 두 마리 토끼 잡기에 나선다. 지난 9월 25년간 구단을 통치했던 다니엘 레비 회장의 전격 사임은 토트넘에 거대한 지각 변동을 가져왔다. 레비 체제는 신구장 건립, 상업적 성공, 유럽축구연맹(UEFA) 챔피언스리그 단골 진출이라는 성과를 남겼다.  하지만 반대로 ""우승보다 수익을 좇는 구단""이라는 팬들의 비판에서 자유롭지 못했다. 결국 성적보다 수익을 우선시하는 구단 운영 기조에 팬심은 서서히 등을 돌렸다. 토트넘은 레비 퇴진 후 비나이 벤카테샴 CEO와 피터 채링턴 비상임 회장을 내세운 새 수뇌부를 꾸렸다. 이들은 단순한 재정 건전성을 넘어 '토트넘다움'의 재건을 천명했다. 현지에서도 ""토트넘이 비즈니스 중심에서 팬 중심 클럽으로 회귀하려는 움직임""이라고 분석했다. 이 변화의 중심에 손흥민이 '키맨'으로 다시 소환됐다. 구단은 오는 12월 홈경기에 맞춰 손흥민을 초청, 특별 귀환 이벤트를 준비 중인 것으로 알려졌다. 손흥민은 지난 8월 급작스런 이적으로 제대로 된 작별 인사를 나누지 못했다. 이에 토트넘이 제대로 된 이별을 하지 못한 손흥민과 팬들의 아쉬움을 달래고, 레전드에 대한 예우를 다하겠다는 취지를 내보인 것이다. 토트넘은 손흥민의 귀환을 위해 경기 전 프레젠테이션, 하프타임 헌정 세리머니, 특별 기념품 전달, 훈련장(홋스퍼 웨이) 비공개 방문 등이 포함된 구체적인 계획도 수립한 것으로 보인다. 새 경영진이 손흥민의 귀환을 서두르는 이유는 명확하다. 손흥민은 토트넘 유니폼을 입고 454경기 173골 101도움을 기록했다. 프리미어리그 득점왕, 푸스카스상 수상은 물론 구단 역사상 UEFA 유로파리그 우승 트로피까지 안긴 명실상부한 '클럽 아이콘'이다. 손흥민은 단순히 기록을 넘어, 팬과 구단을 하나로 묶는 구심점 역할을 해왔다. 새롭게 지휘봉을 잡은 토마스 프랭크 감독의 토트넘은 아직 팬들로부터 확실한 지지를 받지 못하고 있다. 결국 토트넘을 다시 묶을 수 있는 연결고리가 손흥민인 셈이다.  실제 토트넘은 지난달 장기 프로젝트의 일환으로 1억 파운드(약 1942억 원) 규모의 추가 투자 계획을 발표, ""구단의 정체성과 경쟁력을 동시에 끌어올리겠다""고 공언했다. 새 경영진은 손흥민을 통한 팬덤의 결집을 리브랜딩의 출발점으로 삼으려 하고 있다. 손흥민은 토트넘의 홈구장인 토트넘홋스퍼 스타디움과도 인연이 깊다. 구장의 프리미어리그 1호 골과 UEFA 챔피언스리그 1호 골 기록을 동시에 보유하고 있다. 손흥민의 북런던 귀환은 여러 면에서 토트넘의 새로운 시대를 각인시키는 계기가 될 전망이다.  /letmeout@osen.co.kr",https://v.daum.net/v/0EvouzlwS6,OSEN,21분 전
"배준호 2경기 연속 공격포인트…스토크시티, 찰턴에 3-0 완승","잉글랜드 챔피언십 스토크시티의 배준호가 시즌 두 번째 도움을 기록하며 팀의 완승을 이끌었다. 배준호는 26일(한국시간) 영국 스토크온트렌트 베트365 스타디움에서 열린 2025-2026 챔피언십 17라운드 찰턴 애슬레틱전에서 선발로 출전해 3-0 승리에 힘을 보탰다. 후반전 배준호의 연결 패스를 받은 소버 토머스가 측면으로 치고 들어가 올린 크로스가 상대 골키퍼를 넘기며 그대로 득점으로 이어졌다. 직전 라운드 레스터전에서 시즌 첫 골을 터뜨렸던 배준호는 2경기 연속 공격포인트를 기록하며 상승세를 이어갔다. 올 시즌 리그에서 1골 2도움을 기록 중인 배준호는 스토크시티의 확실한 2선 자원으로 자리 잡았다. 스토크시티 역시 최근 2연패를 끊고 승점 30으로 2위로 올라서며 반등의 계기를 만들었다. 스토크는 전반 3분 토머스의 선제골, 전반 5분 밀리언 만호프의 추가골로 일찌감치 승기를 잡았다. 배준호의 도움으로 나온 세 번째 골이 승부에 쐐기를 박았다. 한편 같은 라운드에서 엄지성이 속한 스완지시티는 더비카운티에 1-2로 패했다. 엄지성은 선발로 나섰으나 공격포인트 없이 후반 29분 교체됐고, 스완지는 리그 20위(승점 17)에 머물렀다. 사진 출처 = 스토크시티 제공 최대영 rokmc117@fomos.co.kr",https://v.daum.net/v/xpW1YHAiRG,포모스,23분 전
"첼시, 10명 된 바르셀로나 3-0 격파…쿠쿠레야가 야말 완전 봉쇄","첼시가 유럽축구연맹 챔피언스리그(UCL) 리그 페이즈 5차전에서 스페인 강호 바르셀로나를 3-0으로 완파하며 16강 직행 가능성을 크게 높였다. 26일(한국시간) 런던 스탬퍼드 브리지에서 열린 경기에서 바르셀로나는 전반 44분 로날두 아라우호가 경고 누적으로 퇴장당하며 10명이 싸워야 했고, 첼시는 이를 놓치지 않았다. 이날 경기의 핵심은 왼쪽 풀백 마르크 쿠쿠레야였다. 그는 바르셀로나의 17세 슈퍼타래 라민 야말을 경기 내내 압박하며 단 1개의 슈팅도 허용하지 않았다. 야말은 고전 끝에 후반 35분 교체됐다. 쿠쿠레야는 공격에서도 존재감을 드러냈다. 전반 27분 오른쪽 측면을 돌파해 올린 컷백이 일련의 수비 실수를 유발해 쥘 쿤데의 자책골로 연결됐다. 수적 우위를 잡은 첼시는 후반 들어 공세를 강화했고, 후반 10분 18세 공격수 이스테방이 개인기로 수비를 제친 뒤 오른발 슛으로 추가골을 넣으며 3경기 연속 UCL 득점에 성공했다. 후반 28분에는 엔소 페르난데스의 낮은 크로스를 리엄 델랍이 마무리하면서 3-0 승리를 확정지었다. 이 승리로 첼시는 3승 1무(승점 10)를 기록하며 5위에 올라 16강 직행권에 성큼 다가섰다. 반면 바르셀로나는 2승 1무 2패(승점 7)로 15위에 머물며 플레이오프 경쟁으로 밀려날 위기에 놓였다. 한편 같은 날 레버쿠젠은 맨체스터 시티 원정에서 2-0 승리를 거두며 13위로 올라섰고, 도르트문트는 비야레알을 4-0으로 완파하고 4위에 등극했다. 유벤투스와 나폴리도 각각 승리를 추가하며 상위권 경쟁을 이어갔다. 사진 출처 = 로이터, AP / 연합뉴스 최대영 rokmc117@fomos.co.kr",https://v.daum.net/v/p8CaK2YCJS,포모스,25분 전
"""아직 손흥민 수준 도달 못했다""...여전히 SON 찾는 프랭크, 토트넘 공격 부진에 대한 답 화제","[인터풋볼=신동훈 기자] 토마스 프랭크 감독은 다시 한번 손흥민을 언급했다. 토트넘 홋스퍼는 27일 오전 5시(한국시간) 프랑스 파리에 위치한 파르크 데 프랭스에서 열린 2025-26시즌 유럽축구연맹(UEFA) 챔피언스리그(UCL) 리그 페이즈 5라운드에서 토파리 생제르맹(PSG)과 대결한다. 토트넘은 직전 경기인 아스널과 북런던 더비에서 1-4 대패를 당했다. 히샬리송 골이 나와 영패를 면했어도 경기력 면에서 완전히 아스널에 밀렸다. 프랭크 감독은 수비에 집중을 했는데 공격 계획에는 신경을 쓰지 않은 모습이었다. 올여름 손흥민이 LAFC로 떠나고 사비 시몬스, 모하메드 쿠두스, 랑달 콜로 무아니 등을 영입하는데 큰 돈을 쓴 게 무색한 상황이다. 부상자가 많다고 해도 변명거리가 안 된다. 다음 상대는 PSG다. PSG는 부상자가 많지만 이강인 등을 활용해 성과를 내고 있다. UEFA 슈퍼컵에서 만났던 PSG와 다시 만난 프랭크 감독을 향해 많은 의구심이 쏟아지고 있다. 특히 공격 운영에 대한 비판이 많다. PSG전을 앞둔 사전 기자회견에서도 이어졌다.   프랭크 감독은 ""잘하면 결과를 낼 수 있다. 아스널전이 끝나고 다시 봤는데 보기 힘들었다. 하려는 의지는 좋았는데 준비했던 걸 제대로 실행하지 못했다. 충분히 경쟁 가능한 걸 준비했는데 당일에 없었다. 아스널전, 특히 경합에서 밀렸다. 이렇게 하면 이기기 어렵다. PSG는 유럽 최고의 팀인데 다시 이겨내며 승리할 거라 확신한다""고 말했다. 또 ""한 시즌에 60경기를 치른다. 10~12경기 정도는 완벽한 경기를 치를 수 있는데 30경기 정도만 평균 이상 정도 경기를 할 수 있을 것이다. 충분히 일관성을 가지도록 노력하는 것이 중요하다. 더 나아지기 위해 최선을 다해야 한다. 꽤 많은 골을 넣고 있고 충분한 기회를 만들려고 한다""고 이야기했다. 공격에 대해서 계속 강조했다. 프랭크 감독은 ""더 많은 기회를 만들도록 하는 것이 내 일이다. 그 점에 집중해서 훈련을 하고 있다. 압박을 받으면서도 어떻게 공격을 할지, 어떻게 전환을 할지 생각한다""고 언급했다. 프랭크 감독 말에도 공격에 관한 질문이 계속 이어졌다. ""모험적이고 공격적인 축구를 구축하는데 얼마나 시간이 필요하나?""라는 질문에 ""오래 걸릴 것 같진 않다""고 답하면서 기자회견장에 동석한 윌슨 오도베르를 예시로 말했다.   프랭크 감독은 ""오도베르는 지금도 훌륭한데 잠재력도 엄청나다. 지난 시즌과 비교해 한 단계 더 성장했고 기대감이 커졌다. 하지만 아직 손흥민 같은 토트넘 전설을 대신하기는 어렵다. 지난 시즌 핵심은 제임스 매디슨, 데얀 쿨루셉스키 같은 선수들이었는데 올 시즌은 오도베르, 브레넌 존슨, 쿠두스, 마티스 텔, 시몬스, 히샬리송이다. 아직 그 수준에 이르지 못했다. 그들까지 올라가려면 시간이 필요하다. 시간이 걸릴 뿐이다. 3일마다 경기를 치러야 하니 있는 그대로를 보면 된다""고 전했다.",https://v.daum.net/v/37TZkD6bFv,인터풋볼,27분 전
"""왼쪽 수비수 중 최고 퍼포먼스"" 英 전설도 감탄한 쿠쿠레야의 '야말 봉인쇼'","[풋볼리스트] 김진혁 기자= 마르크 쿠쿠레야가 라민 야말을 경기 중 봉인했다. 이에 잉글랜드 프리미어리그(PL) 전설 웨인 루니가 감탄을 금치 못했다. 26일(한국시간) 영국 런던의 스탬퍼드 브리지에서 2025-2026 유럽축구연맹(UEFA) 챔피언스리그(UCL) 리그 페이즈 5라운드를 치른 첼시가 바르셀로나를 3-0으로 제압했다. 이로써 첼시는 홈에서 바르셀로나 상대 5경기 무패를 달렸다. 순위도 5위로 끌어올렸다. 이날 쿠쿠레야가 야말을 완벽 봉쇄했다. 쿠쿠레야는 유려한 수비 기술로 야말을 시종일관 압박했고 왼발 의존도를 고려한 계획적인 수비 위치 선정으로 야말을 경기 내내 침묵하게 했다. 공격 장면에서도 쿠쿠레야의 존재감은 대단했다. 전반 27분 날카로운 문전 컷백으로 쥘 쿤데의 자책골 장면을 연출했다. 전반 막판에는 2대 1 패스로 측면을 허문 뒤 로날드 아라우호의 퇴장을 유도했다. 경기 후 중계사인 '아마존 프라임'과 인터뷰에서 쿠쿠레야는 ""야말은 왼발이 지배적이다. 내가 야말을 안으로 끌어들일 수 있다면, 팀원들도 그곳에 있을 것이다. 오른발, 즉 가장 약한 발에 공간을 남겨뒀다. 야말이 오른발로 뭔가 해내면 '좋아, 축하해'라고 말했다""라며 야말을 막은 본인 만에 노하우도 유쾌하게 밝혔다. 쿠쿠레야의 활약에 기겁한 건 야말 만이 아니었다. 전설적인 공격수 루니가 쿠쿠레야의 환상적인 퍼포먼스에 혀를 내둘렀다. '아마존 프라임'과 인터뷰에서 ""쿠쿠레야는 오늘 밤 야말을 상대하는 데 있어 받을 수 있는 최고의 훈련 수업을 제공했다""라며 """"쿠쿠레야는 정말 놀라웠다. 아마도 내가 오랫동안 본 왼쪽 수비수 중 최고의 퍼포먼스일 것이다. 오늘 밤 그런 활약을 해냈다는 건, 그는 정말 대단한 선수다""라고 극찬했다. 이날 쿠쿠레야는 90분 풀타임을 뛰며 태클 5회, 클리어링 2회, 볼 회수 4회, 드리블 돌파 허용 1회를 기록했다. 또한 지상 경합 15회 중 7회 성공했고 피파울도 2회나 얻어내며 지치지 않는 활약을 펼쳤다. UEFA 선정 '경기 최우수 선수'에도 꼽혔다. 쿠쿠레야는 공교롭게도 상대 팀인 바르셀로나 출신 유망주였다. '라 마시아'에서 성장한 쿠쿠레야는 2017-2018시즌 코파 델 레이 1경기 출전에 그치며 바르셀로나에서는 큰 두각을 드러내지 못했다. 리저브 팀에만 2시즌 있던 쿠쿠레야는 에이바르, 헤타페 등을 거치며 기량을 올렸고 2021-2022시즌 브라이튼앤보흐알비온으로 완전 이적하며 잉글랜드 생활을 시작했다. 최근 들어 스리백과 포백 전술의 복합 운용이 각광 받기 시작하면서 축구 지능이 뛰어난 쿠쿠레야의 가치가 올라가기 시작했다. 기본적으로 왼쪽 풀백인 쿠쿠레야는 빌드업과 공수 공간 점유에 장점을 지녀 왼쪽 스토퍼 혹은 왼쪽 윙백까지도 소화 가능한 자원이다. 이러한 매력에 첼시는 2022-2023시즌을 앞두고 6,000만 파운드(약 1,160억 원)에 쿠쿠레야를 영입했다. 쿠쿠레야가 본격적으로 첼시 핵심으로 발돋움한 건 지난 시즌부터다. 쿠쿠레야는 여름 간 UEFA 유로 2024에 참가해 스페인의 우승을 이끌었고 소속팀에서도 모든 대회 48경기 7골 3도움을 올리며 펄펄 날았다. 올 시즌에도 붙박이 왼쪽 수비수로 24경기 2도움을 기록 중이다. 사진= 게티이미지코리아",https://v.daum.net/v/YwCAJnztC9,풋볼리스트,31분 전
‘토트넘전 영웅’ 이강인 하나로 행복한 PSG…훈련서 알까기 굴욕→동료들 애정 듬뿍 ‘LEE 놀리기’,"[포포투=박진우] 토트넘 홋스퍼전을 앞두고 이강인의 분위기는 최상이다. 파리 생제르맹(PSG)은 27일 오전 5시(이하 한국시간) 프랑스 파리에 위치한 파르크 데 프랭스에서 열리는 2025-26시즌 유럽축구연맹(UEFA) 챔피언스리그(UCL) 리그 페이즈 5차전에서 토트넘 홋스퍼를 상대한다. 현재 PSG는 3승 1무로 7위, 토트넘은 2승 2무로 12위에 위치해 있다. 연일 상승 기류를 타고 있는 이강인. 시즌 초반부터 줄부상에 시달렸던 PSG는 이강인을 활용할 수 밖에 없었다. 그 상황에서 이강인은 주로 우측 윙어로 출전, 특유의 탈압박과 넓은 시야를 활용한 날카로운 왼발 패스를 과시하며 수차례 기회를 만들었다. 결국 최근 들어서며 이강인을 향한 평가는 180도 달라졌다. 특히 본인보다 팀을 먼저 생각하는 ‘헌신적 태도’에 찬사가 이어졌다. PSG 소식통 ‘파리 팬스’는 “ 이강인은 한국 대표팀에서도, PSG에서도 절정의 컨디션을 보여주고 있지만, 정작 자신의 활약에 대해서는 길게 말하지 않는다. 그는 늘 팀을 먼저 생각하며 100%를 쏟아붓는 선수다""라며 집중 조명했다. 그러면서 ""이러한 멘털리티는 이강인이 PSG에서, 특히 루이스 엔리케 감독에게 높은 평가를 받는 이유다. 그는 결코 경기장에서 다른 누구보다 돋보이려 애쓰지 않는다. 팀을 승리로 이끌기 위한 플레이가 우선이다. 게다가 이강인은 기술적 재능과 경기 이해도도 뛰어나다. 이 때문에 여러 포지션을 소화할 수 있는 멀티 자원으로서 팀에 큰 가치를 더하고 있다""며 거듭 칭찬했다. 이후 프랑스 리그앙 13라운드 르 아브르전에서 선발 출전, 리그 1호골을 신고하며 찬사의 이유를 증명한 이강인이었다. 이제 토트넘을 상대한다. 이강인에게는 좋은 기억만 남아 있는 상대다. 지난 8월 열렸던 UEFA 슈퍼컵에서 0-2로 뒤지던 후반 40분, 이강인은 천금같은 왼발 중거리 슈팅으로 추격골을 넣었다. 추격 의지를 얻은 PSG는 결국 2-2를 만들었고, 승부차기에서 승리했다. 프랑스 현지에서는 토트넘전 이강인이 세니 마율루와 선발 자리를 두고 경쟁할 것이라 전망했다. 명확한 선발 출전 여부는 알 수 없지만, 분위기 만큼은 확실히 좋다. 토트넘전을 앞둔 훈련에서 이강인은 동료들과 애정이 넘치는 순간을 보였는데, 프랑스 현지에서 화제가 됐다. 프랑스 ‘르 10 스포르트’는 “훈련 도중 이강인은 작은 기술적 굴욕(알까기)을 당하며 바닥에 누웠다. 비티냐, 루카스 베랄두, 우스만 뎀벨레, 브래들리 바르콜라 등 모두가 이강인을 놀리기 위해 달려 들었다”며 “PSG 선수단은 토트넘과의 맞대결을 앞두고 화기애애한 훈련장 분위기를 드러냈다”고 집중 조명했다. #포포투 코리안리거 소식 박진우 기자 jjnoow@fourfourtwo.co.kr ⓒ 포포투(https://www.fourfourtwo.co.kr) 무단전재 및 재배포금지",https://v.daum.net/v/Bx89vygRJP,포포투,36분 전
"이강인, 토트넘 상대로 또 한번 득점포 가동할까?... 김민재는 '英 1위' 아스날 원정 나선다","(베스트 일레븐) 코리안 공수 몬스터들이 유럽 무대에 뜬다. 내일(27일) 새벽, '국가대표 듀오' 김민재와 이강인이 각각 북런던을 연고로 둔 아스날과 토트넘을 만난다. 먼저, 파리 생제르망(PSG)의 이강인은 손흥민의 전 소속팀인 토트넘과 2025 UEFA 슈퍼컵 이후 약 3달 만에 다시 맞붙게 된다. 25-26 UEFA 챔피언스리그(UCL)에서 4전 전승 중인 바이에른 뮌헨(B.뮌헨)의 김민재는 나란히 전승을 기록한 아스날을 만나기 위해 런던으로 향한다. PSG와 토트넘은 2025 UEFA 슈퍼컵 이후 약 3개월 만에 파르크 데 프랭스에서 맞붙는다. 리그 2경기 연속 공격포인트를 기록 중인 이강인은 기세를 이어 토트넘전 득점에 도전한다. 이강인은 토트넘과의 UEFA 슈퍼컵에서 팀이 지고 있던 후반전 교체 투입돼 추격골을 터뜨리는 등 역전승의 중심이 된 바 있다. 한편, 2경기 연속 공격포인트를 쌓은 이강인의 활약과 함께 PSG는 2연승 중인 반면, 원정팀 토트넘은 최근 2경기에서 1무 1패에 그쳤다. PSG가 공식전 3연승을 거둘지, 토트넘이 분위기 반전에 성공할지 관심이 모인다. 같은 시각, 아스날의 홈구장 에미레이츠 스타디움에서는 김민재의 활약이 펼쳐질 예정인 아스날 대 B.뮌헨 경기가 펼쳐진다. 두 팀은 23-24 UCL 8강에서 맞붙은 이후 약 1년 7개월 만에 맞대결을 치르게 된다. 당시 1차전에서는 2대 2 무승부를 기록했지만, 2차전에서는 키미히의 결승골을 앞세워 B.뮌헨이 웃은 바 있다. 각각 리그에서도 1위에 위치한 아스날과 B.뮌헨은 나란히 UCL 4전 전승 행진을 기록하며 유럽 무대에서도 순항 중이다. 두 팀의 승점(12점)과 골득실(+11) 모두 동률인 가운데 B.뮌헨은 14득점 3실점, 아스날은 11득점 0실점을 기록했다. 한편, 홈팀 아스날이 올 시즌 UCL에서 단 1점도 내주지 않고 있는 가운데 B.뮌헨의 '스트라이커' 해리 케인의 발끝에 시선이 모인다. 아스날과 토트넘의 '북런던 더비' 최다골(14골) 기록을 보유한 케인이 아스날에 UCL 첫 실점을 안길지, 아니면 아스날이 케인마저 봉쇄하며 무실점 행진을 이어갈지 주목된다. 27일(목) 새벽 5시 펼쳐질 PSG 대 토트넘 경기는 스포티비 프라임(SPOTV Prime), 아스날 대 B.뮌헨 경기는 스포티비 프라임2(SPOTV Prime2)에서 생중계된다. 이강인과 김민재가 활약할 두 경기는 물론 25-26 UCL 전 경기 PC/모바일 생중계는 스포티비 나우(SPOTV NOW)에서 시청할 수 있다. 글=임기환 기자(lkh3234@soccerbest11.co.kr) 사진=ⓒgettyImages/게티이미지코리아(무단 전재 및 재배포 금지), 스포티비 축구 미디어 국가대표 - 베스트 일레븐 & 베스트 일레븐 닷컴 저작권자 ⓒ(주)베스트 일레븐. 무단 전재/재배포 금지-www.besteleven.com",https://v.daum.net/v/WxyQF0sACS,베스트일레븐,37분 전
"韓축구 초대박! 한국에 獨 분데스리가 명문팀 '공식' 아카데미 생긴다... 도르트문트, 박주호와 파트너십 맺고 수원에 개설","(베스트 일레븐) 대한민국 수원에 독일 분데스리가 명문 구단의 축구 아카데미가 생긴다. 분데스리가 명문 구단 보루시아 도르트문트(Borussia Dortmund, 이하 도르트문트)가 국내에서 처음으로 글로벌 유소년 육성 프로그램인 도르트문트 인터내셔널 아카데미 코리아를 공식 개설했다. 이를 통해 국내 유소년 선수들을 대상으로 도르트문트의 철학과 훈련 방식을 바탕으로 한 연중 상시 교육 프로그램을 제공할 예정이다. 아카데미는 수원월드컵경기장 인근에 위치해 있다. 이번 아카데미 개설은 전 국가대표 선수이자 도르트문트 출신인 한국 축구 레전드 박주호와의 협업을 통해 이뤄졌다. 프로 은퇴 후 유소년 육성에 힘써온 박주호는 도르트문트와 함께 초보 단계의 어린 선수부터 경쟁력을 갖춘 유망주까지 누구나 안정적으로 성장할 수 있는 교육 환경을 조성해 나갈 계획이다. 보루시아 도르트문트 아카데미의 베네딕트 숄츠(Benedikt Scholz) 총괄은 ""축구에 대한 열정이 높고, 도르트문트와 오랜 인연을 이어온 한국에 공식 아카데미를 개설하게 되어 매우 뜻깊게 생각한다""며, ""한국의 축구 유망주들이 도르트문트의 체계적인 훈련 시스템과 팀워크, 그리고 축구의 본질적인 즐거움을 담은 도르트문트만의 철학을 경험할 수 있기를 바란다""고 말했다. 이어 ""특히 유소년 육성에 강한 의지를 가진 박주호와 함께하게 되어 더욱 의미가 크다""고 덧붙였다. 도르트문트 인터내셔널 아카데미는 단순한 기술 훈련을 넘어 팀워크와 협력, 스포츠맨십, 경기 본연의 즐거움 등 도르트문트가 강조하는 핵심 철학을 기반으로 운영된다. 또한 도르트문트 코칭 시스템을 적용한 전문적인 지도 아래, 축구 기술은 물론 인성과 사회적 역량까지 균형 있게 성장시킬 수 있는 체계적인 교육 프로그램을 제공한다. 아카데미 운영을 맡은 박주호 총괄은 ""도르트문트 인터내셔널 아카데미 코리아 운영을 맡게 된 것은 개인적으로도 매우 뜻깊은 일이다. 프로 선수 생활을 마친 뒤, 축구를 통해 쌓아온 경험과 배움을 어린 선수들과 나누고 싶은 마음이 컸다""며, ""유소년 선수들이 기술 향상은 물론 서로에 대한 존중, 팀워크, 끈기 등을 배우며 성장할 수 있는 환경을 만들어가겠다. 도르트문트의 철학 아래 미래의 선수들이 어떻게 성장해 나갈지 기대된다""고 말했다. 아카데미 개설을 기념해 지난 24일 개최한 개막 축구 캠프에는 보루시아 도르트문트 인터내셔널 아카데미 본사 코치 2명이 직접 참여했다. 캠프에 참가한 유소년 선수들은 도르트문트의 세계적인 트레이닝을 체험하며, 아카데미가 추구하는 핵심 가치를 미리 경험하는 시간을 가졌다. 도르트문트는 축구에 대한 한국의 열정과 잠재력을 높이 평가하며, 이번 아카데미 개설이 전 세계 유소년 축구 발전을 위한 도르트문트의 글로벌 비전을 실현하는 데 있어 중요한 전환점이 될 것으로 기대하고 있다. 보루시아 도르트문트 아카데미 코리아 참여 및 프로그램에 대한 자세한 정보는 여기에서 확인할 수 있다. 글=임기환 기자(lkh3234@soccerbest11.co.kr) 사진=ⓒgettyImages/게티이미지코리아(무단 전재 및 재배포 금지), 인사이트 축구 미디어 국가대표 - 베스트 일레븐 & 베스트 일레븐 닷컴 저작권자 ⓒ(주)베스트 일레븐. 무단 전재/재배포 금지-www.besteleven.com",https://v.daum.net/v/qog61FrNhc,베스트일레븐,40분 전
"""다음달 재계약, 불이익 있을까 두렵지만""…""성추행 아냐"" 논란의 신체접촉 女 마라토너→""통증+정신적 스트레스"" 삼척시도 진상조사 착수","(엑스포츠뉴스 나승우 기자) 강원도 삼척시가 시청 육상팀 김완기 감독이 소속 선수 이수민에게 불필요한 신체 접촉을 했다는 '성추행 논란'과 관련해 진상조사에 착수했다. 해당 사건은 지난 23일 열린 2025 인천국제마라톤에서 나왔다. 여자 국내부 이수민이 1위로 결승선 통과 직후 김 감독이 타월로 자신을 덮어주려고 하자 표정을 찡그리며 뿌리쳤다. 몸이 앞으로 쏠리는 이수민을 잡아주는 과정에서 신체 접촉이 발생한 건데, 이를 생중계로 지켜보던 시청자들은 불필요한 접촉이었다며 성추행 아니냐는 비판을 제기했다. 26일 연합뉴스에 따르면 삼척시는 해당 사건에 대해 진상조사를 하고 있는 상황이다. 다만, 이수민은 이번 논란이 성추행이 아닌 다른 곳에 있다고 확실히 선을 그은 상태다. 이수민은 지난 25일 입장문을 통해 ""성추행이라고 단정하거나 주장한 적은 없다""고 강조했다. 이어 ""문제의 본질은 성적 의도 여부가 아니라 골인 직후 예상치 못한 강한 신체 접촉으로 인해 극심한 통증을 느꼈다는 점""이라며 ""가슴과 명치에 강한 통증이 발생했고, 저항해도 벗어나기 어려울 정도로 팔이 압박된 채 구속감을 느꼈다""고 주장했다. 감 감독의 신체 접촉으로 인해 성적 불쾌감보다 물리적 통증이 발생해 고통을 받았다는 것이다. 이수민이 제기한 문제는 해당 사건 이후 김 감독이 공식적으로 사과하지 않았다는 데 있다. 이수민은 김 감독에게 찾아가 김 감독의 행동에 대해 ""적절하지 않았다""고 전했고, 동시에 뿌리친 행동에 대해 기분이 나빴다면 죄송하다는 뜻도 전달했다. 다만 김 감독은 해당 행동에 대해 이수민에게 구체적인 사과나 인정을 전혀 하지 않았고, 오히려 말을 돌리는 식으로 대응했던 것으로 알려졌다. 심지어 논란이 불거진 후에도 적극적으로 상황을 해결하려는 시도조차 하지 않았다는 게 이수민의 설명이다. 해당 사건으로 인해 통증과 정신적 스트레스를 방은 이수민은 병원에서 2주 치료 소견을 받고 회복 중이다. 무엇보다 이수민의 불만이 컸던 부분은 김 감독과의 소통 문제였다. 김 감독과 소통하는 과정에서 일부 지시가 선수들에게 부담으로 작용했고, 경기력이나 계약과 관련된 압박이 느껴지는 순간도 있었다는 것이다. 이번 사건 때문만이 아니라 평소에도 이수민이 김 감독에 대한 불만이 어느정도 있었던 것으로 보인다. 지난해부터 삼척시청에서 활약하며 다음 달 재계약을 앞두고 있는 이수민은 혹시 모를 불이익이 생길까 두렵다면서도 용기를 냈다며, 이러한 논란이 발생한 것에 대해 죄송하다는 마음이 크다고 덧붙였다. 한편, 김 감독은 삼척시에 '선수 부상 방지 차원에서 타월로 덮어주려 했다'고 해명한 것으로 알려졌다. 시는 양측 의견을 모두 수렴해 사건 진상을 파악할 방침이다. 이수민도 ""관련된 모든 사실은 시청 조사 과정에서 상세히 전달했다""며 ""추가적인 조사와 검토가 필요하다고 생각한다""고 조사에 적극 임했다는 뜻을 전했다. 사진=SNS 나승우 기자 winright95@xportsnews.com",https://v.daum.net/v/4YIRqKyOHD,엑스포츠뉴스,44분 전
"이럴 수가! '여축-남축 처우 천차만별' 실태 공개... FIFPRO, ""여자 프로선수 34%, 月 690만원 이하로 수령""","(베스트 일레븐) 남녀 프로축구선수의 처우 등 격차가 큰 것으로 나타났다. 국제축구선수협회(이하 FIFPRO)가 창립 60주년 총회에서 남녀 축구간의 현실적 격차를 진단하고, 2025년 핵심 정책 로드맵을 발표했다. 사단법인 한국프로축구선수협회(이하 선수협)도 포르투갈 리스본에서 열린 '2025 FIFPRO 총회'에 참석했다. 선수협 김훈기 사무총장은 현지에서 논의된 남녀 축구 관련 주요 정책 의제를 소개했다. FIFPRO는 남자 축구 분야에서 '선수의 노동자성'을 다시 강조했다. 선수를 단순한 운동선수가 아닌 '노동자'로 인정받게 한 지미 힐(Jimmy Hill)의 업적을 재조명하며, 선수의 법적 권리 보호를 최우선 과제로 꼽았다. 특히 축구 이적시장의 판도를 바꾼 '장 마르크 보스만 판결'과 최근 FIFA의 이적 규정에 제동을 건 '라사나 디아라 판결'을 언급하며, 앞으로도 선수들의 커리어 보호와 법적 지위 향상을 위해 싸울 것임을 밝혔다. 또한, ▲ 선수 중심의 연구 데이터 확보▲ 후원 의존도를 낮추기 위해 연맹 자체 사업 확대 및 재정적 독립 추진 ▲ 축구 이해관계자들과의 수평적 관계 확립 등을 통해 선수들의 목소리가 실제 정책에 반영될 수 있는 구조를 만들겠다는 계획을 밝혔다. FIFPRO는 여자 축구 분야도 많은 신경을 쓰고 있다. 여전히 열악한 여자 축구 선수들의 처우와 환경 문제가 집중적으로 논의됐다. FIFPRO는 ""남자 축구와 달리 여자 축구는 국가·지역별로 노동 환경이 천차만별""이라며 ""유럽 챔피언스리그 선수들과 제 3세계 선수들간의 격차를 줄이는 것이 시급하다""고 강조했다. 이와 관련하여 총회에서 공개된 데이터는 충격적이었다. 최근 프로 계약이 늘어나고 있음에도 불구하고, 전체 여자 선수의 34%는 여전히 월 5,000달러(약 690만 원) 이하의 급여를 받고 있는 것으로 나타났다. 의료 지원과 심리적 지원 문제는 더 심각했다. 대회 참가 전 기본적인 메디컬 테스트조차 받지 못한 선수가 39%에 달했으며, 심리적 지원을 받지 못하는 비율도 27%나 됐다. 이에 FIFPRO는 여자 선수들에게 가장 큰 부상 위험으로 꼽히는 '전방십자인대(ACL) 부상 예방 프로젝트'를 연장하기로 결정했고, 2026년 발간을 목표로 '여자 선수 노동자 권리 보고서' 작성에 착수했다. 또한 FIFPRO는 2025년 열리는 대륙별 대회(UEFA, CONMEBOL, CAF 등)에 참가하는 선수들을 대상으로 환경 개선 여부를 추적 조사할 예정이다. 현장에서 총회에 참석한 김훈기 사무총장은 ""여자 선수들의 71%가 월드컵 상금의 공정한 배분을 원하고, 58%가 자국 리그의 프로화를 요구한다는 설문 결과는 한국 여자축구(WK리그)에도 시사하는 바가 크다""고 설명했다. 이어 김 총장은 ""특히 최근 국내에서도 언급된 여자 선수들의 열악한 의료 지원 실태가 전 세계적인 문제임이 확인됐다. 한국 선수들이 더 안전하고 공정한 환경에서 뛸 수 있도록 제도 개선을 이끌어내겠다""고 강조했다. 선수협은 여자 축구 선수들의 처우 개선을 위해 지속적으로 노력해왔으며, 앞으로도 축구 협회, 연맹 등과의 대화를 통해 선수들이 보다 안전하고 공정한 환경에서 뛸 수 있도록 제도 개선을 이끌어갈 예정이다. 글=임기환 기자(lkh3234@soccerbest11.co.kr) 사진=ⓒgettyImages/게티이미지코리아(무단 전재 및 재배포 금지), 선수협 축구 미디어 국가대표 - 베스트 일레븐 & 베스트 일레븐 닷컴 저작권자 ⓒ(주)베스트 일레븐. 무단 전재/재배포 금지-www.besteleven.com",https://v.daum.net/v/K7q3gj2uT2,베스트일레븐,46분 전
"'북런던 더비 참패' 토트넘 감독 ""손흥민 수준 대체자, 아직 시간이 필요해""","[스포츠투데이 신서영 기자] 토마스 프랭크 토트넘 홋스퍼 감독이 팀을 떠난 손흥민(LAFC)을 언급했다. 토트넘(잉글랜드)은 27일(한국시각) 프랑스 파리의 파르크 데 프랭스에서 열리는 2025-2026 유럽축구연맹(UEFA) 챔피언스리그(UCL) 리그 페이즈 5차전 파리 생제르맹(PSG·프랑스)과 원정 경기를 치른다. 토트넘은 최근 리그 3경기 무승(1무 2패)에 그쳤다. 특히 지난 24일 영국 런던의 에미레이츠 스타디움에서 열린 2025-2026 잉글랜드 프리미어리그(EPL) 12라운드 아스널과 시즌 첫 '북런던 더비'에선 1-4 완패를 당했다. 이로써 토트넘은 5승 3무 4패(승점 18)를 기록, 리그 9위로 내려앉았다. UCL에선 2승 2무(승점 8)로 12위에 자리해 있다. PSG전을 앞두고 사전 기자회견에 나선 프랭크 감독은 ""항상 경기력이 가장 중요하다고 생각한다. 꾸준히 하면 결과를 낼 가능성이 커지기 때문이다. 아스널전을 다시 봤는데, 정말 보기 힘들었다. 우린 좋지도 나쁘지도 않은 경기력을 보여줬지만 그 부분에서 전혀 밀리지 않았다. 문제는 제대로 실행하지 못했다는 것""이라고 말했다. 이어 ""가장 실망스러웠던 건 적극적인 경기가 안 됐다는 거다. 그날 경기에서 충분히 할 수 있다고 확신했는데, 그렇게 되지 않았다. 아스널이 롱패스를 하고, 우리도 롱패스를 하는 듀얼 플레이 같은 상황이 53번이나 있었다. 그 중 17번은 우리가 이겼고, 36번은 졌다""고 덧붙였다. 프랭크 감독은 ""경기력이 조금씩 오르락내리락하는 건 항상 있을 거라고 생각한다. 중요한 건 충분히 일관성을 유지하고 충분히 높은 수준의 경기력을 보여주며 경기에서 경쟁력을 유지하는 것이다. 패배는 당연한 일이기 때문에 어떤 경기는 감수해야 한다고 생각한다. 아스날전을 제외하고, 다른 경기들은 경쟁력을 발휘했다고 본다""며 ""내일 우리는 유럽 최고의 팀 중 하나인 PSG와 원정 경기를 치른다. 나는 토트넘이 이길 거라고 확신한다. 좋은 성과로 회복하려고 한다""고 각오를 다졌다. 이날 기자회견 막바지에는 손흥민의 이름이 언급되기도 했다. 한 취재진이 ""토트넘 팬들이 요구하는 플레이 방식에 대해 얼마나 의식하고 있나? 견고한 수비에 더 모험적인 요소를 더하는 데 현실적으로 오랜 시간이 걸린다고 생각하나?""라는 질문을 던졌다. 이에 프랭크 감독은 ""내 생각에는 그렇게 오랜 시간이 걸릴 것 같지는 않다. 내 옆에 있는 젊은 선수(윌손 오도베르)가 실제로 그 과정을 겪는다고 말하는 게 맞다고 생각한다. 오도베르는 환상적인 선수이고 엄청난 잠재력을 가졌다. 또한 지난 시즌에 비해 많이 성장했고, 그에게 큰 기대를 걸고 있다""고 칭찬했다. 그러면서도 ""하지만 오도베르는 지난해 뛰었던 손흥민 같은 톱 플레이어를 비롯해 제임스 매디슨, 도미닉 솔란케, 데얀 쿨루셉스키 같은 핵심 선수를 대신해야 한다. 오도베르와 브레넌 존슨, 모, 사비 시몬스 등이 그 수준에 도달할 수 없다는 말은 아니지만 시간이 필요하다. 우리는 프리미어리그와 챔피언스리그에서 3일마다 경기를 치러야 한다. 불평이 아니라 그냥 현실일 뿐""이라고 말했다. [스포츠투데이 신서영 기자 sports@stoo.com]",https://v.daum.net/v/2dteRJu5Sr,스포츠투데이,50분 전
"'시키는 대로 안 했다'...맨체스터 유나이티드 '충격' 내부 고발! 구단 관계자 ""측면 전술 지시 완전히 무시""","[마이데일리 = 노찬혁 기자] 맨체스터 유나이티드 선수들이 루벤 아모림 감독의 전술 지시를 무시했다는 소식이 전해졌다. 맨유는 25일(이하 한국시각) 잉글랜드 맨체스터 올드 트래포드에서 열린 '2025-2026시즌 잉글랜드 프리미어리그(EPL)' 12라운드 에버튼전에서 0-1로 패배했다. 맨유는 전반 초반부터 유리한 흐름을 탔다. 전반 10분 에버튼 베테랑 수비수 시무스 콜먼이 부상으로 제이크 오브라이언과 교체됐고, 전반 13분에는 이드리사 게예가 팀 동료 마이클 킨과의 언쟁 과정에서 얼굴을 가격해 퇴장을 당했다. 맨유는 수적 우위를 점했다. 그러나 맨유는 수적 우위를 활용하지 못한 채 실점을 허용했다. 전반 29분 키어런 듀스버리 홀이 골문을 열며 에버튼이 앞서나갔다. 맨유는 총 25개의 슈팅과 70%의 볼점유율을 기록하며 동점골을 노렸으나 끝내 골문을 열지 못했다. 패배로 승점 18점에 머무르며 10위로 내려앉았고, 5경기 무패 행진도 끊겼다. 경기 후 충격적인 보도가 이어졌다. 영국 '커트오프사이드'는 “맨유의 에버튼전 패배는 아모림 감독 체제에서 이뤄진 발전 흐름에 큰 좌절을 안겼다. 내부 소식통에 따르면 아모림 감독은 경기 직후 내부적으로 격노한 상태”라고 보도했다. 이어 “아모림 감독은 선수들을 매우 부정적으로 바라봤고, 경기장의 특정 구역에 대한 불만을 강하게 드러냈다. 내부 관계자는 감독이 측면에서 규율 부족을 직접 지적했다”고 밝혔다. '커트오프사이드'에 따르면 내부 관계자는 “아모림 감독은 팀 왼쪽에서 뛰는 선수들에게 강한 분노를 표출했다. 전술 지시가 완전히 무시됐다고 판단한 것으로 보인다. 선수들이 지시를 따르지 않으면 전체 경기 흐름이 무너진다”고 전했다. 또한 “아모림 감독은 성공이 모든 선수가 같은 목표를 향해 나아가는 데 달려 있다는 사실을 잘 알고 있다. 선수들에게 자신의 감정을 솔직하게 드러낼 계획”이라고 강조했다.",https://v.daum.net/v/7xncYXcnE0,마이데일리,53분 전
[승부예측] 11월27일(목) 05:00 UCL PSG vs 토트넘 스코어 예측,"(인터풋볼 경기분석실) 유럽 축구의 정상 파리 생제르맹(PSG)이 홈구장 파르크 데 프랭스로 잉글랜드의 토트넘 홋스퍼를 불러들인다. 디펜딩 챔피언의 위용을 과시하려는 PSG와 최근 부진의 늪에서 벗어나지 못하는 토트넘의 대조적인 행보가 맞붙는 경기다. 파리 생제르맹: 16강 직행 굳히기, 바이에른 패배 설욕 노려 PSG는 현재 챔피언스리그 리그 페이즈에서 3승 1패(승점 9점)로 5위에 올라 있다. 비록 지난 매치데이 4에서 바이에른 뮌헨에게 패하며 무패 행진이 끊겼지만 4경기에서 맞붙은 상대들의 면면을 고려하면 여전히 인상적인 성적표다. PSG의 목표는 명확하다. 16강 플레이오프를 피하고 16강 직행권(상위 8위)을 확보하는 것이다. 최근 모든 4경기에서 3승을 거두며 전반적인 분위기는 나쁘지 않다. 다만 홈에서의 경기력이 다소 들쭉날쭉한 모습을 보였다는 점은 우려스럽다. 아크라프 하키미, 데지레 두에, 우스만 뎀벨레의 결장이 예상되지만 PSG는 여전히 공격진에서 충분한 화력을 보유하고 있다. 크바라츠헬리아와 곤살루 하무스 등 막강 공격진이 토트넘 수비진을 시험대에 올릴 것이다. 토트넘 홋스퍼: 북런던 더비 참패, 파리에서도 무너질까? 토머스 프랭크 감독 체제의 토트넘은 심각한 위기에 봉착했다. 지난 주말 아스널과의 북런던 더비에서 무기력한 경기 내용 끝에 대패를 당하며 감독 선임에 대한 의문까지 제기되고 있다. 최근 5경기에서 3패를 기록하며 팀 전력이 급격히 하락한 상태다. 특히 원정 경기에서의 부진이 심각하다. 뉴캐슬과 아스널 원정에서 연달아 패하며 6실점을 기록했다. 챔피언스리그에서는 2승 2무로 10위권에서 무패 행진을 이어가고 있지만 맞붙은 상대들이 비야레알, 보되/글림트, 모나코, 코펜하겐 등 중하위권 팀들이었다는 점을 감안하면 이번 PSG전은 완전히 다른 차원의 시험대다. 브레넌 존슨의 출장 정지와 부상자 속출로 스쿼드 운용에도 어려움을 겪고 있다. 공격과 수비의 균형을 찾지 못하고 있는 토트넘에게 파리 원정은 가혹한 도전이 될 전망이다. 양 팀은 지난 8월 UEFA 슈퍼컵에서 맞붙어 2-2 무승부 끝에 PSG가 승부차기로 우승을 차지한 바 있다. 하지만 당시 토트넘의 경기력과 지금의 모습은 확연히 다르다. 최근 토트넘은 첼시, 뉴캐슬, 아스톤 빌라 등을 상대로 패했다. 맨유를 상대로 후반 추가시간 1분을 남기고 골을 허용하기도 했다. 전력과 최근 폼, 홈 이점을 모두 고려할 때 PSG의 압도적인 우세가 예상된다. 토트넘은 약팀 상대로만 승점을 챙겼을 뿐 강팀과의 맞대결에서는 취약함을 드러냈다. PSG가 홈에서 또 한 번 프리미어리그 클럽을 제압하며 3-1 스코어의 손쉬운 승리를 거둘 것으로 예상된다.",https://v.daum.net/v/KkeavWaeUm,인터풋볼,53분 전
"""리그 7경기 6패? UCL에선 3승 했잖아요""...이 정도면 순수악, 리버풀 최악 부진에도 긍정적인 슬롯","[인터풋볼=신동훈 기자] 아르네 슬롯 감독은 최악의 부진에도 긍정적인 생각을 갖고 있다. 리버풀은 27일 오전 5시(한국시간) 영국 리버풀에 위치한 안필드에서 열리는 2025-26시즌 유럽축구연맹(UEFA) 챔피언스리그(UCL) 리그 페이즈 5라운드에서 PSV 아인트호벤과 만난다. 리버풀의 현재 분위기는 최악이다. 프리미어리그 디펜딩 챔피언인데 최근 리그 7경기에서 1승 6패다. 아스톤 빌라를 잡으면서 리그 연패를 끊었는데 맨체스터 시티에 0-3으로 패하더니 홈에서 노팅엄 포레스트를 상대로 0-3 대패를 당했다. 2경기 연속 3실점 패배에, 홈 대패까지. 슬롯 감독을 보는 시선이 고울 수 없는 이유다. 지난 시즌 부임 첫해에 우승을 차지했어도 비판의 목소리가 향하고 있다. 슬롯 감독의 선수 기용부터 경기 운영까지 모두 지적되는 중이다. 이번 여름 리버풀 역사상 가장 많은 돈을 쓴 이적시장을 보내면서 알렉산더 이삭, 플로리안 비르츠 등을 품었기에 더 실망스럽다는 평이다. 슬롯 감독은 PSV전을 앞두고 기자회견에서 ""예상하지 못한 결과다. 경기력을 두고는 마땅한 변명을 찾을 수 없다. 리버풀은 위기를 극복할 수 있는 팀이다. 힘들수록 뭉쳐야 한다. 침착함을 유지해야 한다. 그게 내 성격이기도 하다. 예상치 못한 결과에도 리그 7경기 6패보다 최근 공식전 4경기 2패고 UCL에선 3승을 했다는 걸 생각해야 한다""고 말했다. 슬롯 감독이 말한대로 리버풀은 UCL 4경기에서 3승이다. 갈라타사라이와 2라운드에서 패배를 했지만 아틀레티코 마드리드, 프랑크푸르트, 레알 마드리드를 연이어 잡았다. 확실한 성과이나 지금 말할 부분은 아니다. 좋은 부분을 보는 것도 좋지만 좋게만 봐서는 안 된다. 슬롯 감독은 이어 ""죄책감과 책임감을 느낀다. 리버풀 팬들이 기대하는 수준 이하를 보여주고 있는 건 사실이다. 방법을 찾겠다""고 팬들에게 메시지를 보냈다. PSV는 로얄 위니옹(1-3 패), 레버쿠젠(1-1 무), 나폴리(6-2 승), 올림피아코스(1-1 무)와 만나 1승 2무 1패를 기록 중이다. PSV를 잡아야 리그에서도 반전을 보일 수 있는 힘을 얻을 것이다.",https://v.daum.net/v/02gLX1DgFK,인터풋볼,59분 전
"‘지금이 초대박 기회’ 맨체스터 유나이티드 충격 결단, 갈등 빚고 재계약 거절한 ‘이적료 1550억’ 비니시우스 영입 타진","[골닷컴] 강동훈 기자 = 맨체스터 유나이티드(맨유)가 비니시우스 주니오르(25·레알 마드리드)를 영입하기 위해 움직이기 시작했다. 비니시우스가 최근 사비 알론소(43·스페인) 감독과 갈등을 빚은 이후로 관계가 회복되지 않은 가운데 재계약을 거절하면서 내년 여름 이적을 추진할 가능성이 클 거로 예상되면서다. 영국 매체 풋볼 인사이더는 26일(한국시간) “알론소 감독과 불화가 있었던 것으로 알려진 비니시우스는 내년 여름에 레알 마드리드를 떠나게 될 거로 예상되는데, 그의 이적료는 8000만 파운드(약 1550억 원)가 될 것으로 보인다”면서 “맨유가 현재 비니시우스에게 관심이 있다”고 보도했다. 비니시우스는 재계약을 거절하면서 내년 여름 레알 마드리드를 떠날 조짐을 보이고 있다. 그는 알론소 감독과의 관계가 여전히 매우 불편한 가운데 재계약을 맺고 싶지 않다는 뜻을 구단에 전달했다. 실제 비니시우스는 알론소 감독과 갈등을 빚은 이후 관계가 경색됐고 알론소 감독 체제에서 뛰길 원하지 않고 있다. 비니시우스가 재계약을 거절한 이유는 알론소 감독과의 불화 때문만은 아니다. 그는 그동안 보여준 활약과 팀 내 입지 등을 고려했을 때 킬리안 음바페와 동일한 수준의 연봉을 원하고 있는데, 플로렌티노 페레즈 회장이 이를 받아들일 생각이 전혀 없어 재계약 협상이 결렬됐다는 주장도 제기됐다. 레알 마드리드로선 이대로 비니시우스가 재계약을 거절한다면 매각하는 수밖에 없다. 팀 분위기를 망칠뿐더러, 알론소 감독을 적극 지지하는 상황에서 비니시우스가 알론소 감독 밑에서 뛰길 원하지 않는다면 계속 데리고 있을 이유가 없기 때문이다. 이미 일각에선 페레스 회장이 비니시우스를 매각할 계획이 있다고 주장하고 있다. 다만 레알 마드리드는 비니시우스의 계약기간이 내후년 여름까지인 점을 고려했을 때 막대한 이적료를 책정할 수 없는 상황이다. 비니시우스의 시장 가치와 기량, 스타성, 관심도 등을 고려하면 천문학적인 이적료를 요구하는 게 지극히 정상이나 통상적으로 이적료는 계약기간과 반비례하기 마련이다. 그 말인즉슨 내년 여름이 되면 비니시우스의 계약기간이 1년밖에 남지 않아 급해지는 쪽은 레알 마드리드다. 레알 마드리드로선 혹여나 내후년 여름까지 비니시우스가 재계약을 거절하고 FA(자유계약선수) 신분으로 떠날 수 있는 위험부담이 있기에 내년 여름 이적료를 낮춰서라도 그를 매각하는 쪽을 선택할 가능성이 크다. 풋볼 인사이더도 “비니시우스는 내년 여름이 되면 계약기간이 1년밖에 남지 않는다. 레알 마드리드는 비니시우스에게 재계약을 제안했지만 협상이 교착 상태에 빠지면서 비니시우스의 미래는 불투명해졌다”며 “비니시우스의 계약기간을 고려했을 때 레알 마드리드는 그의 이적료로 8000만 파운드를 요구할 것으로 보인다”고 덧붙였다. 사진 = 게티이미지, 소셜네트워크서비스(SNS) 캡처",https://v.daum.net/v/UD9tioB3R4,골닷컴,2025.11.26 17:26
"‘프랭크 감독 악수 패싱 논란’ 얼마나 됐다고…“토트넘 일부 선수들, 감독 전술 방식에 이견”","[포포투=박진우] 토트넘 홋스퍼 일부 선수들이 토마스 프랭크 감독의 전술에 이견을 가졌다는 주장이 나왔다. 토트넘 홋스퍼는 27일 오전 5시(이하 한국시간) 프랑스 파리에 위치한 파르크 데 프랭스에서 열리는 2025-26시즌 유럽축구연맹(UEFA) 챔피언스리그(UCL) 리그 페이즈 5차전에서 파리 생제르맹(PSG)을 상대한다. 현재 토트넘은 2승 2무로 12위, PSG는 3승 1무로 7위에 위치해 있다. 지난 8월 열렸던 경기 이후로 다시 한 번 PSG를 맞이하는 토트넘. 당시 토트넘과 PSG는 각각 유로파리그, 챔피언스리그 우승팀 자격으로 UEFA 슈퍼컵에서 맞붙었다. 당시 토트넘은 후반 40분까지 2-0으로 이기고 있었는데, 이강인의 추격골을 시작으로 후반 막바지 균형을 내주며 승부차기에서 패배했다. 안 좋은 기억에 최근 분위기까지 좋지 않다. 지난 2일 열린 첼시전 0-1 패배 이후, 미키 반 더 벤과 제드 스펜스가 프랭크 감독의 악수를 거부하는 사태가 발생했다. 다행히 프랭크 감독은 이를 문제 삼지 않고 넘겼고, 선수들 역시 사과하며 사태는 일단락됐다. 다만 이후 경기력과 결과 모두 잡지 못했다. 지난 24일 열린 아스널과의 ‘북런던 더비’는 손에 꼽힐 정도의 졸전이었다. 토트넘은 전반 초반부터 후반 막판까지 이렇다 할 공격 기회 한 번 잡지 못한 채, 아스널의 일방적인 공세에 끌려 다녔다. 결국 돌아온 건 1-4 완패. 공격도, 수비도 최악이었다. 벌써 최근 공식전 11경기 3승 4무 4패다. 시즌 초반 좋았던 흐름은 끊긴 지 오래. 그러한 상황에서 일부 선수들이 프랭크 감독의 전술 운영 방식에 이견을 가진 것으로 알려졌다. 영국 ‘텔레그래프’가 단독 보도한 내용이었다. 매체는 “토트넘 내부 소식통은 본지에 ‘프랭크 감독의 잦은 변화가 팀의 일관성 부족과 공격력 저하에 일부 기여했다’고 전했다. 일부 선수들은 상대보다 팀 자체의 강점에 집중해 달라는 바람을 가지고 있는 것으로 알려졌지만, 이러한 의견이 (선수단 내부에) 얼마나 광범위하게 퍼져 있는지는 불분명하다”라며 현 상황을 설명했다. 일부 선수들의 의견과는 달리, 구단주는 프랭크 감독의 장기 계획을 여전히 신뢰한다는 입장이다. 매체는 “구단주 루이스 가문은 프랭크 감독 체제에서 장기적인 성과 달성을 목표로 한다는 메시지를 명확히 전달해 왔으며, 현재까지 그 방침은 변함이 없는 것으로 이해된다. 이는 단기적인 결정을 내릴 계획이 없다는 것을 의미한다”며 일각에서 거론됐던 ‘경질설’을 일축했다. 박진우 기자 jjnoow@fourfourtwo.co.kr ⓒ 포포투(https://www.fourfourtwo.co.kr) 무단전재 및 재배포금지",https://v.daum.net/v/PgP2yGjJJp,포포투,2025.11.26 17:18
"'퇴장' 호날두, 마지막 월드컵 정상적으로 뛴다... FIFA 징계 유예","[이데일리 스타in 허윤수 기자] A매치에서 퇴장당하며 2026 국제축구연맹(FIFA) 북중미 월드컵 일정에 차질을 빚을 거로 예상됐던 크리스티아누 호날두(알나스르)가 정상적으로 본선 무대에 나설 수 있게 됐다. 영국 매체 BBC는 26일(이하 한국시간) “폭력 행위로 인한 퇴장은 보통 3경기 출장 정지 징계가 내려지나, 호날두는 이 중 두 경기가 징계 유예 처리됐다”고 전했다. 이번 FIFA의 결정으로 호날두는 정상적으로 조별리그 첫 경기부터 뛸 수 있게 됐다. FIFA는 “호날두가 유사한 성격과 중대성을 지닌 반칙을 다시 하면, 유예된 징계는 즉시 효력을 되찾는다”며 “남은 두 경기 출장 정지를 즉각 이행해야 한다”고 설명했다. 호날두는 지난 14일 포르투갈 대표팀 소속으로 나선 아일랜드와 2026 북중미 월드컵 유럽 예선 조별리그 F조 5차전에서 퇴장당했다. 당시 호날두는 0-2로 끌려가던 후반 13분 페널티박스 안에서 몸싸움을 벌이다가 아일랜드 수비수 다라 오셰이를 팔꿈치로 가격했다. 최초 판정은 경고였으나 비디오 판독(VAR)을 통해 퇴장으로 바뀌었다. A매치 226경기 143골로 최다 출전과 최다 득점 기록을 동시에 보유한 호날두의 첫 A매치 퇴장이었다. 2003년 8월 데뷔해 약 22년 동안 대표팀에서는 퇴장이 없었으나 이날 첫 쓴맛을 봤다. 호날두는 이어진 아르메니아전에 나서지 못했고, 포르투갈은 호날두 없이도 북중미행을 확정했다. 다만 폭력 행위에 따른 퇴장 징계가 남았기에 호날두가 월드컵 본선 초반 결장할 가능성이 제기됐다. 특히 마지막 월드컵이라고 밝힌 만큼 FIFA 징계 수위에 관심이 쏠렸다. 이를 의식한 듯 로베르토 마르티네스 포르투갈 감독은 “호날두가 60여 분 동안 그라운드에서 붙잡히고 끌리는 상황을 계속 겪었다”며 “수비수에게 벗어나려는 순간의 행동이 실제보다 더 나쁘게 보였다”고 감쌌다. 이어 “팔꿈치 가격이라기보다 몸 전체의 움직임이었다”며 “카메라 각도 때문에 팔꿈치를 휘두른 거처럼 보였던 것뿐”이라고 해명했다. 허윤수 (yunsport@edaily.co.kr)",https://v.daum.net/v/fLOUyGjJDr,이데일리,2025.11.26 17:07
"""호날두와 트럼프가 만난지 6일 만에 FIFA 판정 나왔다!"" 美 매체 조차 지적...호날두, 월드컵 출전 가능","[스포티비뉴스=신인섭 기자] 크리스티아누 호날두가 다가오는 2026 북중미 월드컵에 나설 수 있게 됐다. 영국 공영방송 'BBC'는 26일(한국시간) ""크리스티아누 호날두는 이번 달 초 아일랜드전 퇴장에도 불구하고, 내년 여름 월드컵 조별리그 첫 경기에 포르투갈 대표로 출전할 수 있게 됐다""라고 보도했다. 이어 ""일반적으로 폭력 행위는 3경기 출전정지 징계가 내려지지만, 호날두의 징계는 3경기 중 2경기가 유예 처리됐다""라며 ""호날두는 11월 16일 열린 아르메니아전을 건너뛰었고, 이에 따라 내년 미국에서 열리는 월드컵에서는 추가로 결장하는 경기가 없다""라고 덧붙였다. FIFA는 성명을 통해 ""호날두가 유예 기간 동안 비슷한 성격과 수준의 반칙을 다시 저지를 경우, 이번 징계의 유예 조치는 자동으로 철회되며 남은 두 경기 출전정지 징계를 즉시 소화해야 한다""고 밝혔다. 다가올 월드컵은 호날두의 마지막이 될 전망이다. 그는 이미 지난 12일 리야드에서 열린 ‘투리즈 서밋(Tourise Summit)’ 인터뷰에서 2026년 대회가 마지막 월드컵이 될 것이냐는 질문에 호날두는 “물론이다. 그때면 내가 41살이 될 텐데, 그 정도면 큰 무대에서 물러날 때라고 생각한다”고 답했다. 그러면서 ""1~2년 안에 축구 선수로서 은퇴할 계획""이라고 확실하게 언급했다. 그러나 호날두가 자신의 라스트 댄스를 화려하게 시작하지 못할 것으로 예상됐다. 호날두는 지난 14일 열린 아일랜드와의 2026 FIFA 북중미 월드컵 유럽 최종 예선 F조 조별리그 5차전에서 상대 선수를 팔꿈치로 가격하는 행위로 다이렉트 퇴장을 받았다. 폭력 행위는 최소 3경기 이상의 징계가 주어지는 사안이다. 글로벌 매체 'ESPN' 역시 ""팔꿈치 가격을 비롯한 폭력 행위는 최소 3경기 이상의 징계가 주어진다""라고 논했다. 따라서 호날두가 조별리그 1, 2차전을 결장할 가능성이 제기됐다. 그러나 호날두는 솜방망이 처벌을 받았다. 'ESPN'은 이를 두고 ""3경기 출장 정지 중 2경기가 유예되는 경우는 드물다. 월드컵 예선에서 공격적 행위로 퇴장당한 아르메니아와 부룬디 선수들에게는 3경기 출전정지 징계가 부과됐으며, 이들은 감경이나 유예 혜택을 받지 못했다""라고 지적했다. 그러면서 도널드 트럼프 미국 대통령의 입김이 작용한 것 아니냐는 의문도 품었다. 매체는 ""이번 FIFA 판정은 호날두가 미국 백악관에서 사우디아라비아의 무함마드 빈 살만 왕세자와 함께 조 바이든 대통령과의 공식 만찬에 참석한 지 6일 만에 내려졌다. 호날두는 현재 사우디 국부펀드가 지분을 보유한 클럽에서 3년째 사우디 프로리그에서 뛰고 있다""라고 밝혔다. <저작권자 ⓒ SPOTV NEWS. 무단전재 및 재배포 금지>",https://v.daum.net/v/004Eei71S4,스포티비뉴스,2025.11.26 17:07
"'아스널서 6분 뛰고 방출됐어도' 日 ""월드컵에 꼭 필요하다""... '무적 신세' 유리몸 토미야스, 재활 '구슬땀'","[스타뉴스 | 박재호 기자] 무적 신분인 토미야스 타케히로(27)가 재활에 한창이다. 토미야스는 26일(한국시간) 자신의 소셜미디어(SNS)에 훈련 중인 영상을 공개하며 ""스텝 바이 스텝(한 걸음, 한 걸음씩)이라는 글을 올렸다. 영상 속 토미야스는 스프린트 등 달리기, 드리블, 패스 연습에 한창이다. 일본 '니칸 스포츠'도 ""토미야스는 복귀를 위해 몸 상태를 점점 올리고 있다""고 전했다. 매체는 팬들의 반응도 전했다. 팬들은 댓글을 통해 '기다리고 있겠다' '북중미 월드컵에서 꼭 토미(토미야스)가 필요하다', '일본 대표팀 베스트11에 토미야스가 있어야 한다', '토미야스는 꼭 월드컵을 뛰게 될 것'이라고 기대를 전했다. 아스널은 지난 7월 토미야스와 계약을 즉각 해지했다. 원래 계약은 내년 6월까지였지만 그의 잦은 부상으로 인해 이른 결별을 맞이했다. 2021년 아스널 유니폼을 입은 토미야스는 4시즌 동안 공식전 82경기(2골)를 뛰었다. 하지만 지난 시즌 토미야스가 뛴 경기는 지난해 10월 사우스햄튼전 단 1경기, 6분에 불과하다. 당시 토미야스는 후반 막판 투입됐는데 2023~2024시즌 최종전 이후 약 5개월 만의 부상 복귀전이었다. 하지만 불행히도 이 경기를 뛰고 또 다시 부상으로 이탈하는 불운을 맞았다. 이후 재활에 매달렸지만 또 수술을 받게 되면서 시즌을 통째로 날렸다. 토미야스는 2023~2024시즌에도 장기 부상으로 고생했다. 지난해 2월 2024 카타르 아시안컵에서 부상을 당해 두 달여를 결장했다. 하지만 시즌 막판 주전으로 도약해 맹활약했다. 해당 시즌 아스널 풀백 중 토미야스가 공식전 30경기에 출전했다. 미켈 아르테타 감독은 당시 부상에서 복귀한 토미야스를 이후 주요 경기에서 모두 선발 출전시키며 신뢰를 나타내기도 했다. 하지만 뛰어난 기량에도 '유리몸'이 문제였다. 아스널은 지난 시즌 토미야스의 매각 방안을 찾기도 했다. 시즌 초 세리에A 인터밀란과 유벤투스, 나폴리가 관심을 보였지만 부상이 길어지자 아예 관심이 사라졌다. 토미야스는 일본으로 돌아와 재활에 매달렸고 지난 여름 AC밀란이 이적설이 돌기도 했지만 실제 이적은 일어나지 않았다. 최근엔 네덜란드 무대로 간다는 이적설이 돌았다. 네덜란드 매체 FCUpdate.nl은 지난 20일 ""아약스가 전 아스널 수비수 토미야스를 신속하게 영입하려 한다. 이번 겨울 이적시장에서 데려올 가능성이 크다""고 전했다. 박재호 기자 pjhwak@mtstarnews.com",https://v.daum.net/v/ZZy9GZkLTC,스타뉴스,2025.11.26 17:03
"'PSG 주축 선수 도약' 이강인, 토트넘전 선발 제외 엇갈린 전망…루이스 엔리케 말 바뀌나","[마이데일리 = 김종국 기자] 파리생제르망(PSG) 이강인의 토트넘전 선발 출전에 대한 전망이 엇갈렸다. PSG는 27일 오전 5시(한국시간) 프랑스 파리에서 토트넘을 상대로 2025-26시즌 유럽축구연맹(UEFA) 챔피언스리그 페이즈 5차전을 치른다. PSG의 이강인은 최근 맹활약을 펼치고 있는 가운데 토트넘전 출격을 앞두고 있다. 이강인은 지난 8월 열린 토트넘과의 유럽축구연맹(UEFA) 슈퍼컵에선 만회골을 터트린데 이어 승부차기 키커로 나서 득점에 성공하는 등 PSG의 승리 주역으로 활약했다. 이강인의 최근 상승세에도 불구하고 다수의 프랑스 현지 매체는 이강인이 토트넘전 선발 명단에서 제외될 것으로 예측했다. 프랑스 매체 레퀴프는 PSG가 토트넘을 상대로 바르콜라와 마율루가 선발 출전하고 공격진의 남은 한 자리에는 이강인 또는 크바라츠헬리아가 출전할 것으로 점쳤다. 프랑스 매체 르파리지엥은 바르콜라, 마율루, 크바라츠헬리아가 선발 출전할 것으로 예상했다. UEFA는 PSG가 토트넘을 상대로 바르콜라, 마율루, 크바라츠헬리아가 공격진을 구성하고 루이스, 비티냐, 네베스가 중원을 구축할 것으로 예측했다. 또한 멘데스, 파초, 마르퀴뇨스, 에메리가 수비진을 구성하고 골문은 슈발리에가 지킬 것으로 예상했다. 반면 프랑스 매체 PF는 '이강인은 더 이상 단순히 폼이 좋은 선수가 아니라 팀의 주축 선수가 됐다. 이강인의 최근 활약은 마율루보다 앞서 있다. 루이스 엔리케 감독은 최고의 폼을 유지하는 선수들을 기용한다고 자주 언급했다'며 '크바라츠헬리아와 바르콜로는 팀 공격에 속도와 역동성을 더해주지만 미드필더진과 공격진의 연결고리를 완벽하게 구현하는 선수는 이강인이다. 경기 템포를 높이고 공간으로 침투하고 볼 점유율을 최대한 활용하는 이강인의 능력은 현재 자신의 위상을 증명한다. 토트넘을 압도하려는 PSG에게 이강인의 영향력은 필요한 요소'라고 언급했다. 이강인은 지난 23일 열린 르아브르와의 2025-26시즌 프랑스 리그1 13라운드에서 선발 출전해 전반 29분 선제 결승골을 터트렸다. 이강인은 멘데스가 왼쪽 측면에서 낮게 올린 크로스가 골문앞으로 연결된 상황에서 왼발 슈팅으로 르아브르 골문을 갈랐다. 이강인은 르아브르전에서 후반 10분 바르콜라와 교체되며 55분 동안 활약했다. 선제 결승골을 터트린 이강인은 48번의 볼터치와 함께 두 번의 키패스를 기록했고 패스 성공률은 86%였다. 드리블 돌파도 한 차례 성공했다. 슈팅은 두 차례 기록했다. 프랑스 매체 트리뷰나는 24일 '이강인은 올 시즌 루이스 감독 체제에서 상당한 영향을 미쳤기 때문에 UEFA 챔피언스리그 토트넘전에서 선발 출전할 가능성이 높다'며 'PSG의 팬과 지지자들은 이강인의 선발 출전 가능성을 나쁜 일로 보지 않는다. 일부 사람들은 뎀벨레가 없는 상황에서 이강인이 펄스 나인 역할을 해야 한다고 생각한다'고 언급했다. 또한 '지난 시즌 PSG에서 비난 받았던 이강인은 올 시즌 교체 선수로 멋진 활약을 펼치며 강력한 모습을 보여주고 있다'고 덧붙였다. 이 매체는 '이강인은 토트넘전에서 펄스나인이나 오른쪽 측면에서 공격을 이끌 것 같다. 이강인은 토트넘전에 선발 출전할 것 같다. 르아브르전에서 가장 먼저 교체 아웃된 선수였다. 루이스 엔리케 감독이 르아브르전에서 이강인을 가장 먼저 교체한 이유가 있다'며 이강인의 토트넘전 선발 출전을 예측했다.",https://v.daum.net/v/q9JUhvLxEM,마이데일리,2025.11.26 17:03
"‘MLS 6년 뛴’ 일본 공격수, 미국 떠난다···구보 유야, 신시내티와 작별 “고향 같은 곳서 크게 성장”","미국 메이저리그사커(MLS) FC신시내티에서 6년간 뛴 일본 축구대표팀 공격수 출신 구보 유야(32)가 팀과 작별한다. 구보는 26일 자신의 소셜미디어를 통해 신시내티를 떠난다고 밝혔다. 구보는 “6년의 세월을 거쳐 오늘 신시내티 무대의 막을 내린다. 새로운 도전으로 시작된 이곳에서 나와 가족은 마치 고향처럼 느꼈다. 우정을 쌓고 잊을 수 없는 순간을 공유하며 피치 안팎에서 크게 성장했다”면서 “팬 여러분과 팀원, 스태프, 이곳 커뮤니티 모두에게 감사드린다”고 작별 인사를 했다. 1993년생인 구보는 2011년 일본 교토상가에서 데뷔했다. 첫해에 33경기에서 13골을 넣으며 강한 인상을 남긴 그는 고교생으로 축구대표팀에 처음 선발됐다. 2013년에 스위스 영보이스로 이적한 뒤 벨기에 헨트, 독일 뉘른베르크를 거쳐 2020년 1월 신시내티로 이적했다. 신시내티에서 6년간 179경기에 출전, 19골·9어시스트를 기록했다. 올 시즌은 21경기에서 1골에 그치며 부진했다. 지난 24일 열린 인터 마이애미와의 2025 MLS컵 8강전(동부 콘퍼런스 4강전)에는 출전하지 않았다. 당시 리오넬 메시가 1골·3어시스트로 맹활약하며 4-0 완승을 거두면서 신시내티의 시즌은 끝이 났다. 구보는 2012년부터 2018년까지 일본 대표팀에서 뛰며 13경기에 출전, 2골을 기록했다. 양승남 기자 ysn93@kyunghyang.com",https://v.daum.net/v/PvBdgj2uuV,스포츠경향,2025.11.26 16:55
"英 단독 떴다, 토트넘 ‘파격 대우’ 재계약 준비…“레전드이자 GOAT” 손흥민 무한찬양했던 판 더 펜 ‘최고 연봉’ 약속","[골닷컴] 강동훈 기자 = 잉글랜드 프리미어리그(EPL) 토트넘이 붙박이 주전으로 활약 중인 센터백 미키 판 더 펜(24·네덜란드)을 붙잡기 위해 재계약을 추진 중인 가운데 팀 내 최고 연봉을 약속, 그야말로 ‘파격 대우’를 보장할 거란 관측이 나왔다. 26일(한국시간) 영국 매체 풋볼 인사이더에 따르면 토트넘은 최근 들어서 레알 마드리드(스페인) 등 몇몇 구단이 판 더 펜에게 관심을 보이면서 영입을 추진하려고 하자, 잔류하도록 설득하기 위해 새 계약을 준비 중이다. 토트넘은 단순히 판 더 펜을 노리는 구단들이 있어서만이 아니라, 그가 입단한 이래 꾸준히 활약 중인 만큼 재계약을 맺을 자격이 있다고 판단한 것으로 전해졌다. 실제 판 더 펜은 토트넘 유니폼을 입은 뒤 곧바로 주전으로 자리매김한 후 안정적으로 수비라인을 지키고 있다. 이 과정에서 토트넘 구단주가 임금 지출을 늘리기 위한 계획의 일환으로 판 더 펜에게 팀 내 최고 연봉을 약속할 계획이 있다. 스포츠 재정 통계 전문 매체 카폴로지에 따르면 현재 팀 내 최고 연봉은 크리스티안 로메로로, 1014만 파운드(약 196억 원)를 받고 있다. 과거 맨체스터 시티(잉글랜드)에서 재정 고문직을 역임했던 슈테판 보르슨은 풋볼 인사이더를 통해 “판 더 펜이 팀 내 최고 연봉자로 올라설 수 있다고 본다”면서 “특히 구단주 상황을 고려하면 더욱 그렇다”고 전망했다. 그러면서 “토트넘은 운영 방식에 변화가 있을 것으로 보이며, 이는 결국 선수단 급여와 영입에 더 많은 자금을 투입한다는 의미”라며 “토트넘에서 적절한 시기에 적절한 위치에 있는 선수들은 그 혜택을 누릴 것이며, 판 더 펜이 바로 완벽한 사례”라고 설명했다. 추후 ‘월드 클래스(월클)’로 성장할 센터백 재목으로 평가받는 판 더 펜은 2019년 폴렌담(네덜란드)에서 프로에 데뷔한 후 볼프스부르크(독일)를 거쳐 2023년 토트넘 유니폼을 입은 뒤 곧바로 주전으로 입지를 굳히며 활약 중이다. 1m93cm의 큰 키에도 최고 시속 37.38km/h를 자랑할 정도로 스피드가 빠른 데다, 위치 선정이나 기본적인 수비력이 탄탄한 판 더 펜은 수비라인 조율과 후방 빌드업 능력까지 갖췄다. 사실상 현대축구에서 요구하는 센터백의 모든 자질을 다 지녔다는 평가를 받는다. 한편, 판 더 펜은 손흥민과 함께 뛸 당시 손흥민을 “토트넘의 레전드, GOAT”라며 “모두에게 좋은 본보기가 되어주는 사람이다. 너무나도 친절하고 따뜻하다. 또 뛰어난 리더십을 보여준다. 그라운드 안에선 늘 최선을 다하고 노력하다”고 존경심을 표했던 바 있다. 사진 = 게티이미지, 소셜네트워크서비스(SNS) 캡처",https://v.daum.net/v/59TTB9WIeh,골닷컴,2025.11.26 16:51
"손흥민처럼 박수 받으며 떠나긴 글렀다, 레전드마저 등돌린 살라 인생 최대 위기...""재계약 필요할 때만 인터뷰하네""","[스포츠조선 김대식 기자]모하메드 살라는 이제 리더십으로도 비판받는 선수가 됐다. 영국 텔레그래프는 25일(한국시각) '제이미 캐러거가 살라의 리더십에 의문을 제기하며, 살라가 '새 계약이 필요할 때나 경기 최우수선수상을 받을 때만 말한다'고 비판했다'고 보도했다. 이어 매체는 '버질 반 다이크는 노팅엄 포레스트를 상대로 안필드에서 0대3으로 완패한 뒤 리버풀이 '엉망진창'이라고 말했다. 이 패배로 지난 시즌 프리미어리그 챔피언은 최근 7경기에서 6패째를 당했다. 그러나 캐러거는 위기 때마다 리버풀 주장만이 언론 대응에 나서는 것은 바람직하지 않다고 보며, 특히 지난 시즌 살라가 경기 후 인터뷰를 통해 자신의 계약 문제를 언급하다가 4월 새 계약을 체결한 점을 들어, 살라가 더 많은 책임을 져야 한다고 주장했다'며 캐러거가 왜 살라를 언급했는지를 설명했다. 캐러거는 ""리버풀이 이렇게 계속 패할 때마다 항상 반 다이크만 나와서 말한다. 주장이 해야 할 일이 맞지만, 라커룸 안에는 클럽을 대표해 말해야 할 다른 선수들도 있어야 한다""며 살라를 저격했다. 계속해서 캐러거는 ""1년 전 이맘때, 살라는 자신의 상황과 구단이 계약을 제시하지 않았다는 점에 대해 말하는 데 전혀 주저하지 않았다. 내가 살라의 목소리를 듣는 건 경기 최우수선수를 받았을 때나 새 계약이 필요할 때뿐이다. 리버풀의 리더이자 레전드 중 한 명으로서, 살라가 나서 팀을 대표해 말하는 모습을 보고 싶다""며 살라가 경기장 밖에서도 나서야 한다고 목소리를 높였다. 캐러거의 지적은 틀린 말이 아니다. 살라는 평소에 인터뷰를 잘 안하기로 영국에서 소문난 선수 중 하나다. 하지만 살라는 지난 시즌에는 달랐다. 리버풀에 남고 싶은데 구단에서 재계약 제안을 해주지 않자 언론플레이를 적극적으로 펼쳤다. 지난해 9월 살라는 시즌 시작부터 ""이번 시즌이 리버풀에서의 마지막 시즌이다. 이제 그냥 즐기고 싶다. 아직까지 구단의 어느 누구도 나에게 계약에 관해 이야기한 적이 없다. 그래서 난 이번 시즌이 리버풀에서의 마지막 시즌이라고 말하고 싶다""며 폭탄 선언을 해버렸다. 살라는 2022년 당시에도 그랬다. 살라는 리버풀에서 레전드가 된 후 확실한 대우를 보장받고 싶어했다. 사우디아라비아에서도 자신을 영입하려고 하고 있으며 바르셀로나와 같은 빅클럽들도 살라를 원할 때였다. 살라는 이때도 언론플레이를 통해서 리버풀이 살라를 반드시 붙잡아야 한다는 여론을 형성했고, 결국 원하는 최고의 계약을 이뤄냈다. 하지만 이번 시즌 들어서 리버풀이 위기에 빠지고, 살라 스스로도 부진하자 살라는 침묵하고 있는 중이다. 심지어 살라는 이번 시즌 초반 개인 SNS 프로필에서 '리버풀'을 삭제해 또 논란을 일으킨 적이 있다. 살라의 리더십 없는 태도에 리버풀 레전드인 캐러거마저 비판의 목소리를 내면서 살라는 더욱 위기에 빠졌다.",https://v.daum.net/v/5QXnYXcnu4,스포츠조선,2025.11.26 16:47
'3경기 연속 맹활약' 이강인 이름 없다! 토트넘전 예상 선발 라인업서 제외,"[STN뉴스] 강의택 기자┃이강인(24·파리 생제르맹)이 최근 맹활약에도 불구하고 토트넘 홋스퍼전 예상 선발 라인업에서 제외됐다. 파리 생제르맹(PSG)은 오는 27일(한국시간) 프랑스 파리에 위치한 파르크 데 프랭스에서 열리는 2025-26시즌 유럽축구연맹(UEFA) 챔피언스리그(UCL)리그 페이즈 5차전에서 토트넘과 맞붙는다. 이강인은 최근 좋은 활약을 펼치며 팀의 주축으로 떠올랐다. 지난 5일에 치러진 2025-26시즌 UCL 리그 페이즈 4차전 바이에른 뮌헨전부터 리그 12, 13라운드 각각 리옹과 르 아브르전까지 3경기 연속 맹활약하고 있다. 이강인은 바이에른 뮌헨전에서 전반 25분 우스만 뎀벨레의 부상으로 교체 투입됐다. 후반 내내 우측면에서 안쪽으로 치고 들어가 골문 쪽으로 향하는 인스윙 크로스를 날렸다. 이는 바이에른 뮌헨 수비진 사이로 정확히 떨어지며 찬스로 이어졌다. 도움까지 올렸다. 후반 29분 우측면에서 볼을 잡은 이강인은 반대쪽을 향해 정교한 왼발 크로스를 올렸다. 주앙 네베스가 오른발 슈팅으로 골망을 가르며 점수 차를 한 골로 좁혔다. 후반 내내 이어진 이강인의 크로스는 기록으로 남았다. 축구 통계 사이트 '후스코어드닷컴'은 ""이강인은 바이에른 뮌헨전에서 총 15개의 크로스를 시도했다""며 ""이번 시즌 UCL 단일 경기에서 나온 최다 기록이다""고 밝혔다. 공격 포인트는 리그까지 이어졌다. 12라운드 리옹전에서 선발 출전한 이강인은 2-2로 맞선 후반 49분 코너킥 키커로 나섰다. 특유의 날카로운 왼발 킥을 시도했고 네베스가 머리에 맞추며 득점을 터트렸다. 13라운드에서는 득점도 터트렸다. 르 아브르전에서도 선발로 나선 이강인은 전반 28분 누누 멘데스의 크로스를 받아 왼발 슈팅을 날렸고 골망을 흔들었다. 이 골로 이강인은 시즌 첫 득점을 신고했다. 최근 맹활약에 힘입어 영국 매체도 다가오는 토트넘전에서 이강인이 선발 출전할 것으로 예상했다. 영국 매체 '트리뷰나'는 ""이강인은 이번 시즌 루이스 엔리케 감독 체제에서 상당한 영향력을 발휘해왔기 때문에 다가오는 UCL 토트넘전에 선발로 나설 가능성이 높다""고 전했다. 이어 ""일부 팬들은 뎀벨레가 없는 상황에 이강인이 가짜 9번을 맡아야 한다고 생각한다""며 ""지난 시즌 많은 비판을 받았던 이강인은 이번 시즌 폭발적인 활약을 펼치고 있다""고 덧붙였다. 그러나 프랑스 매체의 생각은 달랐다. '풋 메르카토'는 흐비차 크바라츠헬리아, 세니 마율루, 브래들리 바르콜라를 선발 공격진으로 예상했다. 미드필더진은 파비안 루이스, 네베스, 비티냐가 책임질 것으로 전망했다. 이강인의 이름은 없었다. ※STN뉴스 보도탐사팀 제보하기 당신의 목소리가 세상을 바꾸고, 당신의 목소리가 권력보다 강합니다. STN뉴스는 오늘도 진실만을 지향하며 여러분의 소중한 제보를 기다립니다. ▷ 전화 : 1599-5053 ▷ 이메일 : news@stnsports.co.kr ▷ 카카오톡 : @stnnews / STN뉴스=강의택 기자 sports@stnsports.co.kr ▶STN 뉴스 공식 모바일 구독 ▶STN 뉴스 공식 유튜브 구독 ▶STN 뉴스 공식 네이버 구독 ▶STN 뉴스 공식 카카오톡 구독",https://v.daum.net/v/3zO34P1yo5,에스티엔,2025.11.26 16:45
"'탈맨유 효과' 또 터졌다! '세리에A MVP' 헤더 선제골+자책골 유도...나폴리, 카라바흐에 2-0 완승","[마이데일리 = 노찬혁 기자] 스콧 맥토미니(SSC 나폴리)가 압도적인 활약으로 팀의 완승을 이끌었다. 나폴리는 26일(이하 한국시각) 이탈리아 나폴리 스타디오 디에고 아르만도 마라도나에서 열린 카라바흐와의 '2025-2026시즌 유럽축구연맹(UEFA) 챔피언스리그(UCL)' 리그페이즈 5차전에서 2-0으로 승리했다. 맥토미니는 중앙 미드필더로 선발 출전해 풀타임을 소화했다. 나폴리는 후반 11분 절호의 선제골 기회를 놓쳤다. 지오바니 디 로렌초가 페널티박스 안에서 파울을 얻어냈으나 키커로 나선 라스무스 호일룬이 페널티킥을 실축했다. 후반 20분 나폴리가 마침내 균형을 깼다. 코너킥 상황에서 카라바흐 수비수가 걷어낸 공이 골대로 향했고, 골키퍼를 맞고 나온 공을 맥토미니가 머리로 밀어 넣었다. 이어 후반 27분 추가골까지 터졌다. 이번에도 맥토미니가 득점에 관여했다. 왼쪽에서 넘어온 마티아스 올리베라의 크로스를 맥토미니가 오른발 발리슛으로 시도했고, 슈팅이 수비수에 맞아 자책골로 이어졌다. 나폴리는 두 점 차 리드를 지켜내며 경기를 마무리했다. 나폴리는 이날 승리로 2승 1무 2패 승점 7점, UCL 리그페이즈 18위로 올라섰다. 맥토미니는 팀 내 최고 평점을 받았다. 통계 매체 ‘풋몹’은 맥토미니에게 8.7점을 부여했다. 그는 90분 동안 1골, 패스 성공률 87%, 기회 창출 2회, 공격 지역 패스 9회를 기록하며 중원을 장악했다. 경기 후 맥토미니는 “팀에 도움이 되고 싶다. 감독님은 골을 넣든 못 넣든 높은 수준을 유지하라고 말씀하셨다. 이번 주말 경기가 기대된다. 승점 3점이 오늘 정말 중요했다. 여기 있는 관중은 상징적이다. 이미 이뤄낸 많은 꿈이 있고 구단을 위해 이루고 싶은 꿈도 많다”고 전했다. 지난 시즌을 앞두고 22년 만에 맨체스터 유나이티드를 떠난 맥토미니는 나폴리의 핵심 선수로 자리 잡았다. 지난 시즌 나폴리를 세리에A 정상에 올려놓으며 MVP를 수상했고, 올 시즌 공식전 16경기에서 4골 2도움을 기록 중이다.",https://v.daum.net/v/0DvG13mjw9,마이데일리,2025.11.26 16:37
"'슬롯 감독 경질' 구원할 히든카드! 비니시우스 이적료 1500억 책정…알론소와 불화로 ""내년 여름 매각""","[스포츠조선 강우진 기자]비니시우스 주니오르의 이적료가 책정됐다. 리버풀과 맨체스터 유나이티드가 관심을 보이고 있다. 영국 풋볼인사이더는 ""비니시우스가 레알 마드리드를 떠난다면 내년 여름 약 8000만 파운드(약 1500억원)의 이적료가 필요할 것이라고 관계자들이 전했다""라고 보도했다. 리버풀과 맨체스터 유나이티드 등 여러 클럽이 비니시우스에게 관심을 보이고 있다. 그와 레알 마드리드의 계약은 2027년 6월에 만료된다. 비니시우스는 사비 알론소 레알 마드리드 감독과 불화가 있었다는 보도 이후, 예상보다 이른 시점에 레알에서 떠날 가능성이 커지고 있다. 이번 시즌이 끝나면 계약이 1년밖에 남지 않음에도 불구하고, 레알 마드리드는 비니시우스에게 최소 8000만 파운드의 가격표를 붙일 것으로 보인다. 레알 마드리드는 그에게 계약 연장을 제시했지만, 새 계약 체결을 위한 협상이 지지부진하며 그의 미래에 대한 불확실성이 커지고 있다. 매체는 ""양측 모두 연봉 조건에서 이견을 좁히지 못하는 가운데, 비니시우스와 알론소 감독과의 악화된 관계 역시 큰 걸림돌이 되고 있다""라며 ""현 계약이 2년도 채 남지 않은 만큼, 레알 마드리드는 그가 자유이적으로 떠나는 상황을 피하기 위해 내년 여름 이적시장에서 매각을 선택할 가능성이 있다""라고 전했다. 리버풀은 또 한 번의 대형 영입으로 부진에서 탈출하기를 바라고 있다. 아르네 슬롯 감독이 이끄는 리버풀은 루이스 디아스가 바이에른 뮌헨으로 이적하고, 모하메드 살라의 폼 저하로 공격 수준이 크게 떨어졌다. 비니시우스 같은 월드 클래스 선수를 놓치지 않을 가능성이 크다. 한편, 최근 성적 부진에도 불구하고 리버풀 수뇌부는 슬롯 감독을 여전히 지지하고 있다. 리버풀은 최근 잉글랜드 프리미어리그(EPL) 7경기 중 6경기에서 패하며 부진에 빠졌고, 선두 아스널과의 승점 차는 이미 11점까지 벌어졌다. 지난 23일 리버풀은 노팅엄 포레스트에게 0대3으로 대패를 당했다. 리그 순위는 12위까지 떨어지며 슬롯 감독에 대한 압박은 커지고 있지만, 여전히 경질의 조짐은 없다. 강우진 기자 kwj1222@sportschosun.com",https://v.daum.net/v/x64CB9WI74,스포츠조선,2025.11.26 16:34
"'슬롯적 사고?' 리버풀, 최악의 부진→슬롯은 엉뚱 변명 ""EPL 6패지만, UCL 3승이라고도 할 수 있어""","[스포츠조선 박찬준 기자]""리그에서 최근 7경기 중 6패라고 말할 수 있지만, 챔피언스리그에서 3승을 했다고도 말할 수 있다."" 부진한 팀 감독들은 하나 같이 똑같다. 엉뚱한 지표로 자기합리화를 한다. 아르네 슬롯 리버풀 감독 역시 마찬가지다. 리버풀은 27일(한국시각) 영국 리버풀 안필드에서 PSV아인트호벤과 2025~2026시즌 유럽챔피언스리그(UCL) 리그 페이즈 5차전을 치른다. 리버풀은 최악의 부진에 빠졌다. 지난 23일 홈에서 열린 노팅엄 포레스트와의 2025~2026시즌 잉글랜드 프리미어리그(EPL) 12라운드에서 0대3 패배는 결정타였다. 리버풀이 3골차로 연패를 한 것은 1965년 4월 이후 무려 60년만이다. 최근 리그 7경기에서 6패를 당하며, 디펜딩챔피언으로 맞은 시즌에서 첫 12경기 동안 6패 이상을 당한 4번째 클럽이 됐다. 예상치 못한 부진이다. 지난 시즌 우승을 차지한 리버풀은 올 여름 화끈하게 지갑을 열었다. 플로리안 비르츠와 알렉산더 이삭을 데려오는데 연이어 EPL 최고 이적료를 경신했고, 위고 에키티케, 제레미 프림퐁 등을 더하며 무려 4억파운드 이상을 투자했다. '슈퍼팀'이라는 별명을 얻으며 EPL과 UCL에서 가장 강력한 우승후보로 꼽혔다. 하지만 막상 뚜껑을 열고 보니 전혀 예상과 다른 그림이 펼쳐지고 있다. 아인트호벤전 사전 기자회견에 나선 슬롯 감독은 최근 부진에 대해 당혹감을 보이면서도, 책임을 인정했다. 그는 ""최근 우리의 경기력은 변명거리를 찾을 수가 없을 정도다. 모두가 예상치 못한 결과""라고 했다. 이어 ""상황이 좋지 않은 것은 사실이다. 솔직히 우리가 해온 전술적 방식과 선수들의 클래스를 고려했을때 이런 상황은 전혀 예상하지 못했다""고 했다. 그는 ""현재 리버풀이 기대하는 수준보다 낮은 것은 사실이다. 이에 대해 책임감과 죄책감을 느낀다""며 ""리버풀은 이런 위기를 극복하기에 최고의 클럽이다. 우리는 힘들수록 더 함께 뭉친다""고 했다. 하지만 귀를 의심케 하는 이야기도 했다. 슬롯 감독은 ""EPL 최근 7경기 중 6패라고 말할 수도 있지만, 최근 4경기 중 2패를 했고, UCL에서 3승을 했다고 말할수도 있다""고 했다. 현재 리버풀 전력을 감안하면, 말도 안되는 변명이다. 박찬준 기자 vanbasten@sportschosun.com",https://v.daum.net/v/KtwFdnztUc,스포츠조선,2025.11.26 16:31
"깜짝 선언! 손흥민 없는 토트넘도, 빈자리 생길 바르셀로나도, 전부 안 간다...케인의 고백 ""난 뮌헨에서 행복해""","[스포츠조선 이현석 기자]해리 케인이 이적설을 일축했다. 글로벌 스포츠 언론 디애슬레틱은 26일(한국시각) '케인은 올여름 바이에른 뮌헨을 떠날 가능성은 매우 낮다고 밝혔다'고 보도했다. 디애슬레틱은 '케인은 이번 시즌이 마무리되고 바이에른을 떠날 가능성이 매우 낮다고 말했다. 현재 바이에른과 논의를 진행한 적은 없다. 그럼에도 그는 바르셀로나와의 이적설을 일축했다. 그는 바이에른 팬들이 그의 미래를 걱정할 이유가 있냐는 질문에도 부정했다. 케인의 현재 계약은 2027년 6월까지 유효하다. 그의 계약에는 6500만 유로 수준의 바이아웃이 있으며, 2026년 여름에 발동할 수 있다. 다만 케인이 이적 의사를 통보해야 활성화된다'고 했다. 케인은 최근 이적설이 떠올랐다. 발단은 바이아웃이었다. 2023년 토트넘을 떠나 바이에른으로 이적할 당시 케인의 계약에는 특정 기간에 따라 발동될 수 있는 바이아웃이 포함됐다. 2026년 여름에 비교적 저렴한 금액으로 케인이 바이에른을 떠날 수 있다는 소식이 전해지자, 이적설에 불이 붙었다. 친정팀 토트넘을 비롯해 여러 구단의 이름이 케인 옆에 놓였다. 바르셀로나도 그중 한 팀이었다. 바르셀로나의 관심은 상황과 맞물리며 비교적 구체적으로 언급됐다. 바르셀로나는 2026년 여름 로베르트 레반도프스키와의 계약이 만료된다. 최전방 공격수 포지션에 공백이 발생한다. 그 자리를 채울 대체자로 케인을 노린다는 골자의 소식이 전해졌다. 케인이 바르셀로나 이적에 관심을 보인다는 내용도 함께 포함됐다. 하지만 케인은 최근 인터뷰를 통해 이러한 소식에 선을 그었다. 그는 바르셀로나 이적설에 대해 ""아무와도 접촉한 적이 없다. 아무도 나에게 연락하지 않았다""고 했다. 팬들의 걱정에 대해서도 ""아니다. 걱정할 필요가 없다""며 ""뮌헨에서 정말 행복하다. 내 플레이에서도 이를 확인할 수 있다. 만약 접촉이 있다면 두고 봐야겠다. 하지만 아직 새 시즌에 대해 생각하고 있지 않다. 여름에 월드컵도 있고, 올 시즌 이후에 어떤 변화도 없을 것 같다. 앞으로 몇 달 동안 바이에른과 이야기를 나눠볼 것이며, 미래를 위한 최선을 알아볼 것이다""라고 설명했다. 케인은 또한 27일 영국 런던의 에미레이츠 스타디움에서 열리는 아스널과의 유럽챔피언스리그 리그 페이즈 5차전을 앞두고도 ""(이 팀에) 더 오래 머물고 싶다. 우리의 경기력을 보면 유럽 최고라고 생각한다. 다른 팀을 보면서 그곳에서 발전하고 싶다는 생각이 전혀 없다. 난 뮌헨에서 정말 행복하다. 당장은 여기서 정말 행복하고, 가까운 미래에 변화가 없을 것 같다는 말을 할 수 있다""고 했다. 케인이 이적설을 일축하며, 토트넘도, 바르셀로나도 당분간은 케인의 영입을 기대하기는 어렵게 됐다. 바이에른이 내년 여름을 앞두고 케인과 새로운 계약을 체결할지도 관심을 모을 전망이다. 이현석 기자 digh1229@sportschosun.com",https://v.daum.net/v/tQOTV8Zv0J,스포츠조선,2025.11.26 16:31
"[UCL WORST] 손흥민 후계자로 1400억 쓸 뻔했다...맨시티 욕받이 전락한 사비우, 레버쿠젠에서도 최악","[인터풋볼=신동훈 기자] 토트넘 홋스퍼는 사비우를 보며 올여름 손흥민 대체자로 영입하지 않은 것에 안도의 한숨을 쉴 것이다. 맨체스터 시티는 26일 오전 5시(한국시간) 영국 맨체스터에 위치한 에티하드 스타디움에서 열린 2025-26시즌 유럽축구연맹(UEFA) 챔피언스리그(UCL) 리그 페이즈 5차전에서 레버쿠젠에 0-2로 패배했다. 펩 과르디올라 감독은 로테이션을 가동했다. 직전 프리미어리그 경기였던 뉴캐슬 유나이티드전과 비교해 10명이 바뀌었다. 과감한 선택이었는데 결과는 대실패였다. 수비도 허술했고 공격은 위협적이지 않았다. 알레한드로 그리말도, 패트릭 쉬크에게 연속 실점을 하고 무득점에 그치면서 0-2 패배를 당했다. 과르디올라 감독은 로테이션 실패를 인정했다. 맨시티 팬들은 과르디올라 감독 선택보다 사비우의 부진에 더 비판의 목소리를 내고 있다. 사비우는 2004년생 윙어다. 아틀레치쿠 미네이루에서 성장한 사비뉴는 맨시티가 일찍이 낙점한 윙어로 트루아, PSV 아인트호벤, 지로나에서 뛰다 맨시티로 왔다. 지로나에 있던 2023-24시즌 스페인 라리가 37경기에서 9골 10도움을 기록하면서 인상을 남겼던 사비우는 맨시티에서도 자리를 잡았다. 지난 시즌 주로 우측에 나서면서 프리미어리그 29경기를 소화하고 1골 10도움을 기록했다. 공식전 전체로 봐도 48경기 3골이었다. 득점력은 부족했지만 나이를 고려했을 때 잠재력이 충분했다. 맨시티는 잔류를 원했는데 토트넘이 적극적으로 노렸다. LAFC를 떠난 손흥민의 대체자로 노렸다. 토트넘은 영입에 실패했다. 토트넘은 무려 7,000만 파운드(약 1,356억 원)를 제시했는데 사비우와 맨시티 마음을 돌리지 못했다. 사비우는 맨시티와 2031년까지 재계약에 성공했다. ""맨시티와 재계약을 체결해 매우 자랑스럽다. 과르디올라 감독과 맨시티가 믿음을 준 건 정말 특별한 느낌이다. 가족에게도 의미가 있다. 발전해야 할 부분이 많다. 아직 젊고 나아가고 싶다. 과르디올라 감독과 함께라면 더 도움이 될 것이다""고 재계약 소감을 밝혔다. 맨시티에 남은 사비우는 나올 때마다 부진하다. 엉성한 드리블, 최악의 결정력으로 맨시티 공격에 전혀 힘이 되지 않고 있다. 레버쿠젠전에서도 마찬가지다. 영국 '맨체스터 이브닝 뉴스'는 ""사비우는 90분 동안 뛰고도 의미 있는 활약을 하지 못했다""고 혹평했다.   영국 공영방송 'BBC'는 ""사비우가 출전하면 맨시티 팬들은 비판한다. 사비우는 맨시티의 미래로 평가됐는데 자신감이 전혀 없고 주저하기만 한다. 단순한 패스가 안 되고 과도하게 욕심이 심하다. 사비우는 의지도 없고 남탓만 한다. 최고 수준 활약을 할 수 있는 활약을 할 수 없는 것 같다""고 하며 맨시티 팬의 의견을 전하기도 했다. 또 영국 '풋볼 팬캐스트'는 ""사비우는 레버쿠젠전에서 드리블 성공 4회를 했지만 비판을 받고 있다. 공을 24번이나 놓쳤고 슈팅은 1회였다. 판단력이 당황스럽다. 잭 그릴리쉬의 길을 걷고 있다. 실패한 영입 사례가 될 것 같다. 사비우는 맨시티에 아무런 도움이 되지 않는다. 계속해서 벤치를 지킬 것이다""고 평가했다.",https://v.daum.net/v/2mb6KVGhz5,인터풋볼,2025.11.26 16:25
‘쏘니 자책 말고 고개 들어’ 독일서 전해진 진심…“손흥민 없었으면 LAFC 여기까지 못 왔다”,"[포포투=박진우] 토마스 뮐러의 4강 진출 소식을 전달한 독일 언론도 손흥민을 위로했다. LAFC는 23일 오전 11시 30분(한국시간) 캐나다 밴쿠버에 위치한 BC 플레이스에서 열린 2025 미국 메이저리그사커(MLS) 플레이오프 8강에서 밴쿠버 화이트캡스와 2-2 무승부를 거뒀지만, 승부차기에서 3-4로 패배하며 탈락했다. ‘영웅’ 손흥민은 결국 고개를 떨궜다. 전반에만 내리 두 골을 헌납한 LAFC를 살린 손흥민. 후반 15분 문전 혼전 상황, 집념의 슈팅으로 추격골을 넣었다. 패색이 짙었던 후반 추가시간 5분, ‘전매특허’ 오른발 감아차기로 극적인 프리킥 환상골을 넣으며 2-2를 만들었다. 손흥민을 잡은 건 근육 경련이었다. 연장 후반 막바지, 손흥민은 허벅지 뒷근육을 잡으며 통증을 호소했다. 승부차기에 돌입한 순간에도 마찬가지. 가장 중요한 1번 키커로 나선 손흥민은 골키퍼를 속이고 오른쪽으로 시도한 슈팅이 골대를 맞은 뒤, 또다시 허벅지 뒷근육을 잡으며 좌절했다. 결국 LAFC는 승부차기에서 밴쿠버에게 패배, MLS컵 여정을 8강에서 마무리하게 됐다. 손흥민은 경기 직후 멍하니 그라운드를 바라보며 짙은 아쉬움을 표했다. 경기 후 기자회견에서도 “연장 후반 막판에 근육 경련이 있었다. 느낌이 좋지 않았다. 승부차기에서 슈팅을 하려는 순간 다시 경련을 느꼈다. 그래서 정확하게 차지 못했다. 어쨌든 모두 나의 책임”이라며 고개를 떨궜다. 다만 그 누구도 손흥민을 비난할 수 없었다. 지난 8월 LAFC에 합류한 손흥민은 팀 자체를 바꿔 놓았다.최전방 공격수로 포지션을 옮기며 드니 부앙가와 완벽한 호흡을 자랑했고, 13경기 12골 4도움이라는 폭발적인 기록을 남겼다. LAFC는 경기장 안팎에서 ‘손흥민 효과’를 확실하게 실감했다. 독일에서도 손흥민을 향한 위로의 메시지가 전달됐다. 독일 ‘스포르트1’은 “손흥민의 골대 같아 이후 팀은 좀처럼 회복하지 못했고, 결국 승부차기에서 3-4로 패배했다. 기쁨과 슬픔은 늘 가까이 있다는 말이 실감나는 순간이었다. 뮐러는 팀과 함께 준결승 진출을 기뻐했지만, 손흥민에게는 깊은 좌절감이 남았다”고 전했다. 그러면서 “하지만 손흥민 스스로 죄책감을 느낄 필요는 없다. 결국 그의 멀티골이 없었다면, LAFC는 90분 만에 아무 소득 없이 경기를 마쳤을 것이다. 그리고 전반적으로 보면, 이번 여름 MLS로 이적한 손흥민은 13경기 12골 4도움을 기록, 리그에 잘 적응했다”며 손흥민의 투지와 실력을 인정했다. #포포투 코리안리거 소식 박진우 기자 jjnoow@fourfourtwo.co.kr ⓒ 포포투(https://www.fourfourtwo.co.kr) 무단전재 및 재배포금지",https://v.daum.net/v/FJ646xFYiZ,포포투,2025.11.26 16:20
"캐러거, 리버풀 부진에 침묵하는 살라 저격…""재계약이 필요할 때만 입을 연다""","[스포츠투데이 신서영 기자] '리버풀 레전드' 제이미 캐러거가 팀의 부진 속에서 침묵 중인 모하메드 살라에게 일침을 가했다. 지난 시즌 프리미어리그(EPL) 챔피언 리버풀은 올 시즌 심각한 부진에 빠져있다. 지난 23일 안방에서 열린 EPL 12라운드 노팅엄 포레스트전에서 0-3으로 완패했고, 최근 리그 7경기에서 6경기를 패했다. 현재 리버풀은 프리미어리그에서 6승 6패(승점 18)로 12위에 그쳐 있다. 챔피언스리그에선 3승 1패(승점 9)로 10위에 올라 있다. 캐러거는 노팅엄전 후 스카이스포츠와 인터뷰를 통해 ""경기 후 리버풀의 주장 버질 반 다이크가 언론과 인터뷰를 가졌다. 그는 주장으로서 마땅히 해야 할 일을 했다. 리버풀이 패배할 때마다 항상 반 다이크가 나서서 목소리를 낸다. 주장이 그러는 건 당연하지만, 라커룸에 있는 다른 선수들도 팀을 대표해 목소리를 내야 한다""고 주장했다. 캐러거는 특히 리버풀의 핵심 선수인 살라에게 힘을 실어줄 것을 촉구했다. 그는 ""1년 전 살라는 자신의 계약 상황과 구단이 계약을 제안하지 않은 것에 대해 거리낌 없이 이야기했다. 살라는 최우수 선수(MOM)로 선정되거나 새로운 계약이 필요할 때만 말한다""며 ""리버풀의 레전드인 살라가 직접 나서서 팀을 대변하는 모습을 보고싶다""고 쓴소리를 남겼다. 캐러거는 최근 불거진 아르네 슬롯 리버풀 감독의 경질설에는 선을 그었다. 그는 ""경질할 가능성은 없다. 이번 시즌 내내 언제든지 그럴 생각은 없다. 그는 지난 시즌 우승을 차지했다. 부임 첫 시즌에 우승을 차지한 건 정말 특별한 일""이라 했다. 그러면서도 ""나는 슬롯 감독이 위르겐 클롭 전 감독이 받았던 무조건적인 사랑과 지원을 받지 못하고 있다는 느낌이 든다. 클롭 감독도 힘든 시기를 겪었다. 한때 그는 안필드에서 6연패를 당하기도 했다. 하지만 나는 사람들이 클롭 감독을 대했던 방식으로 슬롯 감독을 대하고 있지 않다고 느낀다""고 짚었다. 한편 과거 맨체스터 유나이티드에서 활약했던 웨인 루니도 최근 살라를 비판했다. 그는 최근 팟캐스트를 통해 ""내가 슬롯 감독이라면 팀 전체에 영향을 미칠 수 있는 결정을 내려고 노력할 것""이라고 짚었다. 이어 """"살라는 수비적으로 도움이 되지 않는다. 만약 당신이 리버풀의 벤치를 지키는 선수인데, 살라가 뛰지 않는 걸 본다면 어떤 감정을 느끼겠는가""라고 덧붙였다. [스포츠투데이 신서영 기자 sports@stoo.com]",https://v.daum.net/v/Fq1rOhJ6SN,스포츠투데이,2025.11.26 16:17
"""케인 두렵지 않아!"" 정신 무장한 '대세' 아스널, '천적' 바이에른전 승리 각오","[풋볼리스트] 김진혁 기자= 올 시즌 최상의 컨디션을 유지 중인 두 팀이 유럽대항전에서 맞붙는다. 아스널은 이번 기회로 천적 바이에른뮌헨을 기필코 꺾겠다고 각오했다. 27일(한국시간) 영국 런던의 에미레이츠 스타디움에서 2025-2026 유럽축구연맹(UEFA) 챔피언스리그(UCL) 리그 페이즈 5라운드 아스널과 바이에른이 맞대결을 펼친다. 양 팀 모두 4전 전승을 달리고 있고 득실 차까지 같아 득점 차로 바이에른이 1위, 아스널이 2위에 위치했다. 올 시즌 아스널은 확실히 달라진 모습이다. 지난 시즌까지 아스널은 잉글랜드 프리미어리그(PL) 3연속 준우승을 기록했다. 우승의 문턱을 넘을 마지막 열쇠를 올여름 이적시장을 통해 찾기로 마음먹었고 사실상 전 포지션 보강에 성공하며 강력한 전력을 구축했다. 최전방 빅토르 요케레스부터 3선 마르틴 수비멘디, 측면 자원 에베레치 에제 등 내로라하는 자원을 한데 품은 아스널은 더블 스쿼드를 꾸릴 정도로 탄탄한 뎁스를 갖췄다. 미켈 아르테타 감독의 전술 색이 완전히 입혀졌는데 강력한 스쿼드까지 더해지니 시너지를 낳았다. 아스널은 현재 공식전 15경기 무패를 달렸다. 가장 눈에 띄는 건 탄탄한 수비력이다. 무패 기간 동안 허용한 실점은 5점에 불과하다. 심지어 UCL에서는 4경기 무실점을 기록 중이다. 승승장구하던 아스널 앞에 '천적' 바이에른이 나타났다. 아스널은 역사적으로 바이에른 상대로 약한 모습이다. 최근 맞대결만 미뤄봐도 4경기째 승리가 없다. 심지어 지난 2015년부터 2017년까지 3차례 맞대결에서 모두 1-5로 패배하는 충격적인 결과를 낳기도 했다. 특히 이번에 맞붙을 바이에른에는 올 시즌 컨디션이 가장 좋은 공격수 중 한 명인 해리 케인이 존재한다. 토트넘홋스퍼 시절 때도 아스널을 수차례 상대해 온 케인은 올 시즌 공식전 18경기 24골을 올렸다. 아스널전 기록은 통산 21경기 15골로 역시나 강한 모습이다. 사전 기자회견에서도 케인에 관한 질문이 나왔다. 경계 대상 1호인 케인에 대해 아르테타 감독은 ""두려움이라는 단어를 사용하지 않겠다. 케인이 지금까지 해온 일과 계속해서 해내는 일을 존중한다. 특히 국가대표팀과 그가 속한 모든 팀에서 요구되는 수준에서 꾸준히 골을 넣는 능력은 놀라운 일이며, 큰 찬사를 받아 마땅하다""라며 업적은 인정하지만 두려움 없이 맞서겠다고 포부했다. 함께 참석한 수비수 위리엔 팀버르도 ""물론 쉽지 않을 것이다. 클린시트를 기록했던 게 도움이 되지만, 수비는 단지 수비수들만의 일이 아니다""라며 ""케인은 놀라운 스트라이커이며, 모두가 그 사실을 알고 있다. 그는 엄청난 능력을 갖고 있고 오랫동안 이를 증명해 왔다. 바이에른에서도 세계 최고 선수 중 한 명이다. 케인을 막는 것은 팀 전체, 그리고 수비수들에게 좋은 도전이 될 것""이라고 말했다. 한편 아스널은 무릎 부상으로 결장 중인 마르틴 외데고르가 바이에른전 복귀를 준비 중이다. 노니 마두에케와 가브리에우 마르티넬리 역시 직전 토트넘전 교체 명단에 이름을 올린 만큼 출전이 가능하다. 주전 공격수인 요케레스와 카이 하베르츠는 이날 출전이 어렵다는 전망이다. 사진= 게티이미지코리아",https://v.daum.net/v/znrjkwPKvJ,풋볼리스트,2025.11.26 16:17
"'평점 2위' 배준호 2G 연속 공격포인트 '폭발'… 스토크, 찰턴 상대 3-0 완승→챔피언십 2위 수성! 승격 레이스 참여","(엑스포츠뉴스 윤준석 기자) 배준호가 잉글랜드 챔피언십(2부리그)에서 2경기 연속 공격포인트 적립에 성공했다. 스토크시티는 영국 베트365 스타디움에서 열린 2025-2026시즌 챔피언십 17라운드 홈경기에서 찰턴 애슬레틱을 상대로 소르바 토마스의 멀티골과 밀리언 만호프의 추가 득점을 앞세워 3-0 승리를 거뒀다. 스토크는 최근 두 경기 연속 패배로 분위기가 좋지 않았지만, 찰튼을 상대로 경기 시작과 동시에 상대를 압도하며 순위를 끌어올렸다. 승점 30이 된 스토크는 미들즈브러를 제치고 리그 2위로 올라서며 승격 레이스의 중요한 분수령을 맞았다. 다만 1위 코번트리 시티가 승점 40으로 치고 나가는 상황에서 경쟁은 여전히 치열하다. 배준호는 이날 스토크의 4-2-3-1 포메이션의 2선 중앙 공격형 미드필더로 선발 출전해 풀타임을 소화했다. 경기는 스토크의 빠른 선제 득점으로 요동쳤다. 전반 3분 에릭-주니어 보캣이 상대 수비를 집요하게 흔들며 공을 왼쪽으로 밀어냈고, 이를 받은 토마스가 먼 포스트를 향해 올린 크로스성 볼이 그대로 골문으로 빨려 들어갔다. 찰턴 골키퍼 토마스 카민스키는 궤적을 제대로 판단하지 못했고, 아쉬운 리드를 넘겨줬다. 이후 2분만인 전반 5분 스토크는 또 한번 경기 흐름을 빼앗는 결정적인 장면을 완성했다. 골키퍼 요한슨의 롱패스를 로버트 보제닉이 경합을 통해 따냈고, 흐른 공을 토마스가 주워 오른쪽에 있던 만호프에게 연결했다. 수비 압박이 비교적 느슨했던 찰턴은 만호프의 안쪽 침투를 저지하지 못했다. 만호프는 박스 안에서 왼발로 낮게 깔리는 슛을 시도했고, 볼은 카민스키의 오른쪽 포스트 안쪽으로 정확히 빨려 들어갔다. 세 번째 골 역시 다소 어이없게 들어갔다. 전반 34분 배준호가 중원에서 침착하게 공간을 넓히는 패스를 선택했고, 왼쪽 측면에 머물던 토마스가 이를 받아 오른발로 전환해 긴 크로스를 시도했다. 보제닉과 찰턴 수비수 램지의 경합 사이에서 카민스키 골키퍼는 반 박자 늦게 반응했고, 공은 그의 팔 아래로 굴러가 골라인을 넘었다. 배준호 입장에서 단순히 측면으로 보낸 패스가 도움으로 이어지는 다소 행운 섞인 장면이 만들어졌다. 전반 34분 만에 3골 리드를 잡은 스토크는 이후 실점하지 않고 그대로 3-0 승리를 따냈다. 경기 후 양 팀 감독의 평가는 극명하게 대비됐다. 스토크의 마크 로빈스 감독은 'BBC 라디오'와의 인터뷰에서 ""오늘 경기는 우리가 필요했던 단순함이 만들어낸 결과다. 초반에 두 골을 넣으며 완전히 경기를 장악했고, 전반에 세 골을 넣은 건 충분히 정당한 결과였다""라고 말했다. 이어 ""세 경기 동안 최고의 경기력이라고 부르기는 어렵지만, 실점 없이 3골을 넣고 승점 3점을 챙겼다. 우리는 지금 리그 2위다. 매우 만족한다""며 소감을 전했다. 반면 찰튼의 네이선 존스 감독은 인터뷰에서 참담한 심정을 감추지 못했다. 그는 ""반등하려고 왔지만 경기 시작 5분 만에 두 골을 내주며 모든 것이 무너졌다""며 ""선수들이 너무 쉽게 공간을 내줬고, 수비에서의 실수는 용납될 수 없다""며 아쉬움을 드러냈다. 그는 ""첫 번째 실점은 운이 없었지만, 두 번째는 파울이라고 느꼈고, 세 번째는 명백한 실수였다""며 전체적으로는 수비 집중력 부족과 부상으로 인한 전력 누수를 아쉬워했다. 한편, 배준호는 이날 풀타임을 소화하며 1도움, 패스 성공률 91%(29/32), 키 패스 3회, 슈팅 1회, 공격 지역 패스 1회, 리커버리 5회, 지상 볼 경합 승리 1회를 기록하며 준수한 플레이를 펼쳤다. 축구 통계 매체 '풋몹'은 그에게 7.8 평점을 매기며 그의 활약을 인정했다. 또한 배준호의 상세 기록을 소개하며 ""그가 만들어낸 3회의 결정적 기회 창출은 이날 경기 전체를 통틀어 최고의 수치였다""고 강조했다. 현지 매체 '스토크온트렌트라이브'는 스토크 선수단 평점을 공개하며 배준호에게 팀 내 2위에 해당하는 평점인 8점을 부여했다.  매체는 배준호의 이날 활약에 대해 ""이를 악물고 공을 몰고 전진했다. 최근 경기에서 더욱 자신감을 얻은 모습이며, 공을 받을 때마다 공격의 출발점이 됐다""고 평가했다. 지난 23일 레스터시티전에서 시즌 첫 골을 넣은 데 이어 이날 도움까지 추가한 배준호는 2경기 연속 공격포인트를 기록했다. 올 시즌 누적 기록은 1골 2도움이다. 그는 지난 8월 셰필드 웬즈데이와의 2라운드 이후 어떤 공격포인트도 생산하지 못하는 등 부진을 겪었는데, 3달 만에 재기에 성공하면서 자신의 폼을 끌어올리는 모습이다. 스토크 합류 3시즌 차에 접어든 배준호는 올 시즌 공격형 미드필더로 완전히 자리를 굳히며 팀에서 가장 중요한 역할을 맡고 있다. 지역 팬들에게도 꾸준히 환호를 받고 있는 배준호다. 이날 승리로 스토크는 승점 30점으로 2위로 올라섰다. 1위 코번트리(승점 40)가 독주 중이지만, 2위부터 13위까지 승점 차가 불과 6점에 불과할 정도로 혼전이다. 스토크가 프리미어리그 자동 승격권을 유지하기 위해서는 현재처럼 공격 전개 속도와 측면 파괴력을 유지하는 것이 관건으로 보인다. 스토크는 오는 주말 다시 홈에서 헐 시티를 상대한다. 3-0 대승으로 분위기를 바꾼 만큼, 이번 경기에서 연승까지 이어간다면 프리미어리그 자동 승격권을 굳힐 중요한 계기가 될 전망이다. 반면 찰튼은 세 경기 연속 패배에 빠지며 최악의 분위기 속에서 선두 코번트리를 원정에서 상대해야 한다. 전반 대량 실점이 반복되는 흐름을 끊지 못한다면 순위 추락은 더욱 가속화될 것이다. 사진=스토크 시티 윤준석 기자 redrupy@xportsnews.com",https://v.daum.net/v/PWPTp7hDY9,엑스포츠뉴스,2025.11.26 16:12
"""이 팀은 지금 재앙"" 알론소 체제, '3경기 무승' 레알 탈의실 '비관론+분노' 확산","[OSEN=강필주 기자] 사비 알론소(44) 감독 체제의 레알 마드리드 내부 분위기가 심상치 않다.  글로벌 매체 '디 애슬레틱'은 26일(한국시간) 레알이 최근 3경기 연속 무승에 빠지면서 탈의실 곳곳에서 비관론이 확산되고, 불만과 긴장감이 동시에 치솟는 분위기라고 전했다.  알론소 감독이 이끄는 레알 마드리드는 지난 24일 엘체와의 라리가 13라운드 원정 경기에서 2-2로 비겼다. 선두(승점 32)는 유지했지만 3연승을 거둔 바르셀로나(승점 31)와 1점 차로 좁혀진 상황이다.  이 매체는 경기 직후 여러 내부 관계자들과 접촉한 결과에 대해 ""내부 분위기가 확실히 부정적으로 바뀌었다""고 설명했다. 코칭스태프 관계자는 ""공기 속에 비관론이 느껴진다""고 말했고, 또 다른 1군 관계자는 ""이 팀은 지금 재앙""이라고 강조했다.  무엇보다 선수단 여러 핵심 선수들도 경기 직후 '분노에 가까운 반응'을 보였다고 전해졌다. 이에 다른 관계자가 ""팀이 경기 템포를 더 잘 관리할 필요가 있다""고 말했다고 덧붙이기도 했다.  비니시우스 주니오르(25)의 상황도 주시했다. 이날 비니시우스는 선발에서 제외돼 벤치에서 경기를 시작했고, 후반 12분 호드리구 대신 투입됐다. 비니시우스의 시즌 4번째 벤치 출발이었고 17경기 중 풀타임은 단 5경기에 그쳤다.  비니시우스는 지난달 바르셀로나와 가진 엘 클라시코 경기에서 교체 지시를 받자, 알론소 감독에게 노골적으로 불만을 터뜨렸다. 카를로 안첼로티 감독 시절엔 확고한 주전이었던 비니시우스가 알론소 체제에서는 벤치행도 가능하다. 이에 알론소 감독은 ""비니시우스와는 항상 이야기한다. 그의 역할도 알고 있다""면서 ""오늘은 우리가 원하는 만큼 행복하지 못하지만, 그는 팀에 연결돼 있다""고 담담하게 밝혔다.  하지만 비니시우스는 엘 클라시코 직후 플로렌티노 페레스 레알 회장을 만나 ""현 상태로는 재계약을 하지 않겠다""고 분명히 밝혔다는 보도가 나오기도 했다. 비니시우스는 2027년까지 계약된 상태다.  어수선한 분위기 속에서도 레알이 선수 경쟁을 이어가고 있는 것은 변함 없다. 다만 겉과 달리 레알의 팀 내부에서는 분열과 갈등이 이어지고 있다는 점에서 현 상황은 알론소 체제에서 가장 큰 시험대가 될 수 있다. /letmeout@osen.co.kr",https://v.daum.net/v/5bDINcfzvO,OSEN,2025.11.26 16:09
"케인 바르사 이적설에 “여기서 행복, 당분간 생각 안 바뀔 듯”","[뉴스엔 김재민 기자] 케인이 뮌헨에서 더 뛰고 싶다는 의사를 밝혔다. 최근 바이에른 뮌헨 공격수 해리 케인이 오는 2026년 여름 이적시장에서 팀을 떠날 수 있다는 이적설이 꾸준히 제기됐다. 그의 계약 조건에 5,700만 파운드 바이아웃 조항이 있다는 소식이 나온 후부터다. 케인은 어느새 만 32세가 됐지만 여전히 세계 최고의 골잡이다. 이미 빅리그 득점왕만 5차례 차지했고 이번 시즌도 독일 분데스리가 득점왕이 유력하다. 케인은 이번 시즌 리그 11경기(선발 10회)에서 이미 14골을 몰아쳤다. 향후 몇년간 득점력을 유지해준다면, 그에게 투자하는 5,700만 파운드는 그리 비싼 금액이 아니다. 이에 그의 친정팀 토트넘 홋스퍼를 비롯해, FC 바르셀로나, 맨체스터 유나이티드 등 여러 빅클럽이 경쟁에 나설 가능성이 제기돼 왔다. 그러나 케인은 당장 뮌헨을 떠날 의사가 없어보인다. 영국 스포츠 전문 매체 '스카이스포츠'가 26일(이하 한국시간) 전한 인터뷰에서 케인은 ""뮌헨 이적은 내 인생 최고의 결정 중 하나였다""고 말했다. 그는 뮌헨 생활에 대해 ""새로운 리그와 뮌헨 같은 팀을 경험하고 이런 챔피언스리그 밤을 경험하며 다른 문화와 다른 선수들에 둘러싸이는 건 내 경력에서 큰 족적이고 나를 선수로서 발전시켰다""며 ""더 오래 머무는 것에 열려있다. 우리는 유럽 최고의 팀 중 하나다""며 만족감을 드러냈다. 또 자신을 둘러싼 이적설에 대해서도 ""다른 팀을 지켜보고 있지는 않다. 지금은 여기서 행복하며 계약기간도 18개월 남았다""며 ""향후 몇개월 내에 내 미래와 구단이 원하는 바에 대한 논의가 있을 거라고 확신한다. 내가 말할 수 있는 건 내가 여기서 행복하고 근시일에 변화가 있을 것 같진 않다""며 부인했다. 케인과 뮌헨의 계약기간은 2027년 6월까지다.(자료사진=해리 케인) 뉴스엔 김재민 jm@ 사진=ⓒ GettyImagesKorea 기사제보 및 보도자료 newsen@newsen.com copyrightⓒ 뉴스엔. 무단전재 & 재배포 금지",https://v.daum.net/v/BlR0yGjJCO,뉴스엔,2025.11.26 16:06
"""우승하고 싶었습니다""...MLS 첫 시즌 13경기 12골 4도움에도 고개 숙인 손흥민, ""내년엔 우승하겠다"" 다짐도","[인터풋볼=신동훈 기자] LAFC만 생각하는 손흥민은 다음 시즌 더 강해진 모습을 약속했다. LAFC는 23일 오전 11시 30분(한국시간) 캐나다 밴쿠버에 위치한 BC 플레이스에서 열린 2025 미국메이저리그사커(MLS)컵 플레이오프 2라운드에서 밴쿠버 화이트캡스에 2-2로 비긴 뒤 승부차기에서 패배했다. 손흥민에게 매우 아쉬운 경기였다. 오스틴FC를 꺾고 올라온 LAFC는 전반 막판 수비가 크게 흔들리면서 연속 실점을 허용했다. 후반 손흥민 쇼가 펼쳐졌다. 후반 15분 골을 터트리더니 종료 직전 프리킥 골로 2-2를 만들었다. 연장전까지 끌고 갔는데 밴쿠버에서 퇴장자가 발생해 LAFC가 수적 우위였다. LAFC의 기적 같은 승리가 예고됐지만 결과는 승부차기 패배였다. 손흥민에 이어 마크 델가도가 실축을 하면서 LAFC가 패배했다. 손흥민의 MLS 첫 시즌은 마무리됐다. 정규리그에서 10경기 9골 3도움을 기록했고 플레이오프에서 3경기 3골 1도움을 올렸다. 후반기만 뛰고도 MLS 올해의 골을 터트렸고 신인상 후보에도 올랐다. 분명 성공적인 시즌이라고 할 수 있다. 하지만 아쉽게 플레이오프에서 탈락을 하면서 고개를 숙였다. 손흥민은 ""축구는 이렇게 정신이 없을 때가 많다. 우리가 축구를 사랑하는 이유다. 밴쿠버에 진심으로 축하를 전하고 다음 시즌에 다시 만나겠다""고 말했다. 그러면서 ""난 MLS컵 우승을 위해 이 자리에 섰다. 이번 시즌은 성공하지 못했지만 내년에는 우승을 하겠다. 매우 실망스러운 날이지만 내년에 더 강해져서 돌아오겠다""고 다짐했다. 손흥민은 LAFC에 집중한다. 겨울 MLS 오프 시즌 동안 임대를 통해 유럽으로 돌아갈 수 있다는 보도가 나왔지만 손흥민은 'TV 조선'을 통해 ""많은 분들이 궁금해하시는 것 같다. 나에 대해 루머가 나오는 게 불편하고 이게 맞나 저게 맞나 하시는 게 혼란스러울 수 있다고 생각한다""라며 입을 열었고 ""내가 항상 가지고 있는 신념, 생각 등은 항상 내가 뛰고 있는 팀에 최선을 다하는 거다. 루머에 대해서 사실이 아니라 말씀드릴 수 있고 따로 어디에 간다고 말한 적이 없다. 이런 얘기 나오는 거 자체가 구단에 실례가 될 수 있다고 생각한다. 이 자리를 통해서 사실이 아니라는 걸 말씀드리고 싶다""라고 유럽 복귀설을 일축했다. 이어 ""(월드컵을 앞두고) 내가 뛰고 있는 팀을 떠나 다른 팀으로 합류하는 것 자체가 모험이다. 부상을 당할 수도 있다. LAFC에 존중을 표하면서 최선을 다해 모든 걸 바칠 것이다. 겨울 동안은 월드컵을 생각하며 재충전 시간을 보낼 것이다. 월드컵 준비를 할 수 있는 최상의 환경을 만들고 싶다. 이적설 소문이 다시 나지 않기를 바란다. LAFC를 존중하고 소중히 여긴다""라고 하면서 LAFC를 향한 존중을 밝힌 바 있다. 다음 시즌 월드컵과 LAFC MLS컵 우승을 생각하면서 손흥민은 오프 시즌 때 달콤한 휴식을 취할 듯하다.",https://v.daum.net/v/pcBzmIe4p8,인터풋볼,2025.11.26 15:52
"'올해만 부상 4번' 네이마르, 이젠 브라질도 포기했다... 2년 날린 그 무릎 또 다치자 ""북중미 WC 출전 날아갔다""","[스타뉴스 | 박재호 기자] 브라질 언론이 네이마르(33)가 올해까지 복귀하지 못할 것으로 예상했다. 브라질 '글로보'는 26일(한국시간) ""왼쪽 무릎 부상을 입은 네이마르가 올해 안으로 복귀할 가능성은 낮다""고 보도했다. 이어 ""네이마르는 연말까지 치료에 매진할 것으로 보인다""며 ""산투스는 리그 3경기를 남겨놓은 가운데 20개 팀 중 17위로 강등권이다. 네이마르 없이 경기를 치르는 것은 큰 타격이다""라고 전했다. 사우디아라비아 알 힐랄에서 부상 여파로 두 시즌 동안 단 7경기 출전이라는 불명예스러운 커리어를 남긴 네이마르는 지난 2월 고향팀 산투스로 이적했다. 올 시즌 공식전 25경기 출전 7골 3도움을 기록 중이다. 특히 지난 8월 10일 크루제이루전까지 리그 6경기 연속 풀타임을 뛰며 부상에서 완전히 회복한 모습을 보여줬다. '트랜스퍼마크트'에 따르면 네이마르의 6경기 연속 풀타임 출전은 PSG 시절 이후 무려 4년 만이다. 하지만 네이마르는 여전히 '유리몸'에 시달리고 있다. 산투스 복귀 후 4번이나 부상을 당했다. 지난 3월과 4월에 햄스트링 부상으로 이탈했고, 9월엔 오른쪽 허벅지를 다쳐 약 한 달간 고생했다. 그리고 지난 19일 미라솔전 드리블 과정에서 안 좋았던 왼쪽 무릎을 다시 다쳤다. 이어 지난 24일 인터나시오날전을 결장했다. 브라질 대표팀의 10, 11월 A매치 명단에도 이름을 올릴 것으로 기대했지만 번번이 부상으로 복귀가 무산됐다. 네이마르는 지난 2023년 10월 우루과이와 북중미 월드컵 예선에서 부상을 입은 뒤 약 2년 동안 브라질 대표팀에 뽑히지 못하고 있다. 카를로 안첼로티 브라질 대표팀 감독은 네이마르의 복귀에 문을 열어 둔 분위기다. 그는 ""부상이 없는 네이마르는 언제나 대표팀에서 최고의 경기를 펼칠 선수다. 그만큼 비범하기 때문이다. 몸 상태가 완벽하다면 항상 변화를 만들 수 있다""고 말했다. 하지만 매체는 네이마르의 내년 북중미 월드컵 출전에 대해 회의적 반응을 보였다. ""네이마르는 2년 전 왼쪽 무릎을 크게 다친 이후 브라질 대표팀에 들지 못하고 있다. 카를로 안첼로티 감독은 네이마르에 호의적 입장이지만 그가 부상 회복 후 컨디션을 끌어 올리려면 시간이 걸릴 것으로 보인다""고 전했다. 박재호 기자 pjhwak@mtstarnews.com",https://v.daum.net/v/0GT6b2YCST,스타뉴스,2025.11.26 15:44
"FIFA, 호날두에 이례적 집행유예…월드컵 본선 출전 길 열려","국제축구연맹(FIFA)이 이례적으로 크리스티아누 호날두(40·포르투갈)의 징계를 1년간 집행유예로 처리했다. 이로써 호날두는 2026 북중미 월드컵 본선 일정에 차질없이 나설 수 있게 됐다. 영국 BBC는 26일(한국시간) “FIFA 징계위원회가 호날두에게 3경기 출전 정지를 부과했으나 징계 규정 27조에 근거해 2경기에 대해선 1년 집행유예를 결정했다”고 전했다. FIFA는 해당 조치에 대해 “호날두의 국가대표 통산 첫 레드카드라는 점을 참작했다”고 밝혔다. 호날두는 지난 14일(한국시간) 아일랜드 더블린 아비바 스타디움에서 열린 아일랜드와의 2026 FIFA 북중미 월드컵 유럽 예선 F조 조별리그 경기에서 후반 14분 수비수 다라 오셰이의 등을 팔꿈치로 가격해 퇴장당했다. 이후 16일 아르메니아전에 결장하며 자동 1경기 징계를 소화한 뒤, 추가 징계가 본선 경기로 이어질 가능성이 제기됐다. 팔꿈치 가격은 FIFA 규정상 폭력 행위로 분류돼 통상 2~3경기 추가 징계가 내려지지만, FIFA는 호날두에게 이례적으로 집행유예를 적용하며 본선 출전을 보장했다. 이 같은 결정이 형평성 논란을 불러올 수 있다는 지적도 있다. 미국 디애슬레틱은 같은 폭력 행위로 첫 퇴장을 당했던 아르메니아 대표팀 주장 티그란 바르세걀리안에게는 감경이 주어지지 않았던 점을 지적하며, 이번 결정이 기존 사례와는 다른 양상을 보인다고 전했다. 또한 FIFA가 과거 집행유예를 적용했던 사례들이 주로 고용 분쟁이나 관중의 혐오 표현처럼 경기 외 사안에 집중돼 있었다는 점도 언급하며 이번 조치와 직접 비교하기 어렵다고 평가했다. 결정 배경을 둘러싼 비판도 제기됐다. 디애슬레틱은 FIFA가 월드컵 흥행과 주요 선수의 스타 파워를 고려해 호날두에게 유예 조치를 적용했을 가능성을 제기하며 “FIFA 클럽월드컵에서도 리오넬 메시 출전을 위해 인터 마이애미에 유리한 일정이 운영된 바 있다”고 지적했다. 매체는 이러한 사례들이 FIFA 징계 기준의 일관성과 공정성에 대한 의문을 다시 부각시키고 있다고 비판했다. 김지윤 인턴 기자 kate7443@naver.com",https://v.daum.net/v/UsJVZtwadl,한국일보,2025.11.26 15:41
"한국 아니고 일본이라니 …日, '아시아 유일' 2026 월드컵 강팀 인정→""스페인·독일 꺾었던 팀"" 英 유력지 주장","(엑스포츠뉴스 김정현 기자) 2026 국제축구연맹(FIFA) 북중미 월드컵(캐나다·미국·멕시코 공동 개최) 조추첨 방식이 확정되자, 아시아에서 유일하게 일본이 위험한 팀으로 꼽혔다.  글로벌 스포츠 매체 '디 애슬레틱'은 26일(한국시간) 다음 달 6일 미국 워싱턴DC에 있는 케네디 센터에서 열리는 2026 북중미 월드컵 조추첨에서 위험한 팀 중 하나로 아시아에서 유일하게 일본을 꼽았다.  FIFA는 이날 공식 홈페이지를 통해 월드컵 조추첨 방식을 발표했다.사상 첫 48개국 체제로 치러지는 이번 대회는 총 4포트로 12개팀 씩 나뉘게 된다.  개최국인 캐나다, 미국, 그리고 멕시코가 포트1에 든 가운데 지난 19일 발표된 11월 FIFA 랭킹에 따라 포트가 배정됐다. 한국은 22위로 크로아티아, 모로코, 콜롬비아, 우루과이, 스위스, 일본, 세네갈, 이란, 에콰도르, 오스트리아, 호주와 함께 포트2에 묶였다.  포트1엔 개최국 3팀을 비롯해 스페인, 아르헨티나, 프랑스, 잉글랜드, 브라질, 포르투갈, 네덜란드, 벨기에, 독일이 자리했다.  포트3은 노르웨이, 파나마, 이집트, 알제리, 스코틀랜드, 파라과이, 튀니지, 코트디부아르, 우즈베키스탄, 카타르, 사우디아라비아, 남아프리카공화국으로 짜여졌다. 포트4엔 요르단과 카보 베르데, 가나, 퀴라소, 아이티, 뉴질랜드가 속했다. 그리고 오는 3월 진행되는 유럽 플레이오프 진출 4팀과 대륙간 플레이오프 진출 2팀도 포트4에 포함된다. 매체는 ""플레이오프 팀들이 포트4에 자리하면서 아르헨티나, 모로코, 노르웨이, 이탈리아가 죽음의 조가 될 수 있다""라고 전망했다. 다만 이탈리아는 플레이오프를 통과해야 세 번의 대회 만에 월드컵 본선에 진출할 수 있다.  그러면서 ""포트2에서 지난 2022 카타르 대회 조별리그에서 스페인과 독일보다 위에 있었던 일본을 조심해야 한다""라고 일본을 조명했다.  모리야스 하지메 감독 체제로 처음 나선 월드컵이었던 카타르 대회에서 일본은 D조에 스페인, 독일, 코스타리카와 한 조에 속했다.  일본은 독일과 스페인을 차례로 무너뜨리면서 2승을 챙겼다. 코스타리카에 패했지만, 2승 1패(승점 6)로 일본은 D조 1위를 차지했다. 스페인과 독일이 1승1무1패(승점 4)였지만 골득실에서 승패가 갈렸다.  매체는 포트3에선 모하메드 살라(리버풀)가 버티는 이집트를 강호로 꼽았다. 아프리카축구연맹(CAF) 네이션스컵 우승팀 코트디부아르, 2010 남아공 월드컵 8강에 오른 가나도 포트4에서 위협적인 팀으로 꼽혔다.  다른 팀에게 위협이 될 만한 아시아팀은 일본이 전부라는 이야기다.  한편 일본 매체 '풋볼존'도 최악의 조 추첨 조합으로 아르헨티나와 노르웨이, 이탈리아와 만나는 것이 '죽음의 조'가 될 거라고 우려했다.  모리야스호는 이번 대회 개최국 다음으로 세계에서 가장 먼저 월드컵 본선 진출을 확정지었다.  이에 모리야스 감독은 야망을 드러냈다. 지난 3월 일본  '닛칸스포츠'는 ""모리야스 감독은 첫 합숙에서 목표를 우승으로 바꾸지 않겠냐고 제시했다""고 보도했다.  신문에 따르면 모리야스 감독은 대표팀 선수들과 첫 만남에서 ""우리는 지난 월드컵에서 크로아티아와 승부차기 접전 끝에 패했다. 16강을 넘어 8강 이상을 바라볼 수 있었다는 소리""라고 했다.  이어 ""목표는 8강 이상이다. 그러나 살아남는 여덟 중 하나가 된다는 것을 넘어 최고의 팀 8개 중 하나가 되고 싶다""라고 밝혔다.  ""선수들이 정말로 우승한다고 생각하지 않으면 결과는 나오지 않는다. 주체적으로 목표를 우승으로 잡았다""라고도 했다. ◆2026 북중미 월드컵 조추첨 포트 배정 △포트1 : 캐나다(A조 1번 자동 배정), 맥시코(B조 1번 자동 배정), 미국(D조 1번 자동 배정), 스페인, 아르헨티나, 프랑스, 잉글랜드, 브라질, 포르투갈, 네덜란드, 벨기에, 독일 △포트2 : 한국, 크로아티아, 모로코, 콜롬비아, 우루과이, 스위스, 일본, 세네갈, 이란, 에콰도르, 오스트리아, 호주 △포트3 : 노르웨이, 파나마, 이집트, 알제리, 스코틀랜드, 파라과이, 튀니지, 코트디부아르, 우즈베키스탄, 카타르, 사우디아라비아, 남아공 △포트4 : 요르단, 카보 베르데, 가나, 퀴라소, 아이티, 뉴질랜드, 유럽 PO 패스A(이탈리아·북아일랜드·웨일스·보스니아 헤르체고비나) 유럽 PO 패스B(우크라이나·스웨덴·폴란드·알바니아) 유럽 PO 패스C(튀르키예·루마니아·슬로바키아·코소보) 유럽 PO 패스D(덴마크·북마케도니아·체코·아일랜드) 대륙간 PO 패스1(자메이카·뉴칼레도니아·콩고민주공화국) 대륙간 PO 패스2(수리남·볼리비아·이라크) 사진=엑스포츠뉴스DB / 연합뉴스 / FIFA 김정현 기자 sbjhk8031@xportsnews.com",https://v.daum.net/v/Wggo5FrNHJ,엑스포츠뉴스,2025.11.26 15:38
"""토트넘 다 죽여버리자""...3-0에서도 미친 승부욕, 시몬스와 신경전 이유 있었다! 북런던 더비 지배한 월클 MF→리더십 향한 찬사","[마이데일리 = 최병진 기자] 데클란 라이스(아스널)의 북런던 더비 리더십이 재조명되고 있다. 아스널은 지난 24일(이하 한국시각) 펼쳐진 토트넘과의 ‘2025-26시즌 잉글랜드 프리미어리그(EPL)’ 12라운드이자 북런던 더비에서 4-1로 승리했다. 완승이었다. 아스널은 전반전부터 토트넘을 압도했고 레안드로 트로사르와 에베레치 에제가 연달아 득점을 터트렸다. 에제는 후반 시작과 동시에 추가골까지 뽑아냈다. 마르틴 수빈멘디의 실수로 히샬리송에게 한 골을 내주긴 했으나 에제가 해트트릭을 완성하면서 라이벌전 대승을 완성했다. 아스널은 승점 29(9승 2무 1패)로 선두 자리를 공고히 했다. 더욱이 해당 라운드에서 라이벌인 리버풀(승점 18)과 맨체스터 시티(승점 22) 모두 패하면서 간격을 벌렸다. 경기 후 라이스가 에제의 득점으로 3-0이 된 순간 팀 동료들에게 한 이야기가 화제가 됐다. 25일 영국 ‘트리뷰냐’에 따르면 라이스는 에제의 멀티골 이후 동료들과 기뻐하면서 “토트넘을 죽이자”라고 외쳤다. 이미 스코어가 세 골 차로 벌어지면서 사실상 승기를 잡았지만 라이스는 계속해서 동료들을 격려했고 결과적으로 실점을 한 뒤에도 추가골을 뽑아내며 완승을 거뒀다. 라이스는 투쟁적인 모습도 남겼다. 그는 시몬스와 경합 도중 주심이 반칙을 선언하자 시몬스에게 불만을 표출했다. 이어 페드로 포로가 라이스를 향해 다가오자 신경전을 펼치면서 승부욕까지 선보였다. 에제의 첫 번째 골을 어시스트한 라이스는 3번의 키패스, 패스 성공률 82%를 기록했다. 또한 태클 2회와 볼 소유권을 6차례나 되찾았다. 매체는 ""라이스는 북런던 더비 킥오프부터 중압감을 이겨내며 압도적인 활약을 펼치며 팬들의 지지를 받았다. 팬들은 아스널 내에서 점차 커지고 있는 그의 영향력과 리더십에 만족을 하고 있다""고 설명했다.",https://v.daum.net/v/q456IliPOP,마이데일리,2025.11.26 15:34
"""손흥민 대체하려면 시간이 걸린다"" PSG전 앞두고 SON 이름 나온 이유","[풋볼리스트] 김진혁 기자= 토마스 프랑크 감독이 파리생제르맹(PSG)전을 앞두고 열린 기자회견에서 손흥민을 언급했다. 27일(한국시간) 프랑스 파리의 파르크 데 프랭스에서 2025-2026 유럽축구연맹(UEFA) 챔피언스리그(UCL) 리그 페이즈 5라운드 PSG와 토트넘홋스퍼가 맞대결을 펼친다. PSG는 승점 9점으로 7위, 토트넘은 승점 8점으로 12위다. PSG전을 앞두고 진행된 기자회견에서 프랑크 감독이 손흥민을 언급해 화제다. 손흥민은 지난 시즌까지 주장으로서 토트넘을 이끌었다. 2015-2016시즌 합류부터 10년간 토트넘에 헌신한 손흥민은 지난 시즌 UEFA 유로파리그 우승컵을 들며 숙원을 풀었다. 계약 종료를 1년 앞둔 손흥민은 올여름 미국메이저리그사커(MLS) 진출을 선택하며 토트넘과 작별했다. 프랑크 감독과는 여름 프리시즌 동안 짧게 함께한 것이 전부다. 프랑크 감독은 지난 시즌 리그 17위를 기록한 토트넘에 안정감을 입히고 있다. 수비 조직력에 집중하며 미케 판더펜과 크리스티안 로메로를 중심으로 탄탄한 수비 전술을 구축했다. 그러나 공격 문제는 아직 해결 기미가 없다. 올여름 모하메드 쿠두스, 사비 시몬스, 렌달 콜로무아니 등을 영입했으나 막상 개막하니 쿠두스를 제외하곤 부진에 빠져 있다. PSG전 직전에 열린 아스널과 북런던 더비에서는 빈공에 더해 수비 조직력까지 무너지며 1-4 참패를 맛봤다. 프랑크 감독은 PSG전 사전 기자회견에서 그나마 갖춘 수비력에 시원한 공격력을 언제쯤 더할 수 있을지 질문을 받았다. 관련해 프랑크 감독은 ""오래 걸리지 않길 바란다. 하지만 윌슨 오도베르가 성장 과정을 겪고 있다 말하는 게 공평하다고 생각한다. 환상적인 선수고 엄청난 잠재력을 지녔다""라며 ""하지만 그는 작년에 뛰었던 손흥민 그리고 제임스 매디슨, 데얀 클루셉스키와 같은 톱 플레이어 자리를 이어받고 있다. 그저 시간이 걸릴 뿐이다. 불평하는 게 아니라 그냥 현실일 뿐이다""라고 설명했다. 프랑크 감독은 토트넘의 젊은 공격진이 손흥민 같은 스타 선수를 대체하려면 충분한 성장 시간이 필요하다고 언급했다. 실제로 토트넘에는 오도베르는 물론 브레넌 존슨, 마티스 텔 등 미래 자원을 다수 보유 중이다. 하지만 위 선수 중 누구하나 확실히 자리매김했다고는 말하기 어렵다. 그나마 지난 시즌까지 준수한 활약을 펼친 존슨도 올 시즌 들어 경기 영향력이 상당히 줄어든 모습이다. 그렇다고 영입 자원들의 활약이 든든한 것도 아니다. 오른쪽 측면에 자리한 쿠두스는 제 몫을 하고 있다는 평가지만 시몬스, 콜로무아니 등 새 얼굴들은 아직 이렇다할 활약을 보여주고 있지 못하다. 기존에 있던 히샬리송 역시 인상적이지 않으며 솔랑케는 아직 부상에서 돌아오고 있지 못하다. 공격진 부진 속에 일각에서는 프랑크 체체 토트넘이 모험적인 플레이를 꺼린다는 비판도 들렸다. 관련해 프랑크 감독은 ""우리는 충분히 리스크를 감수하고 있다고 생각한다. 아니면 더 해야 할 수도 있겠다. 찬스를 충분히 만들지 못한 건 사실이고 내 책임이다. 더 많은 찬스를 만들기 위해 매일 노력 중이다. 단지 플레이 방식뿐 아니라, 압박 상황에서의 공격성, 전환 상황에서도 좋게 대응해야 한다는 뜻""이라고 답했다. 사진= 게티이미지코리아, 쿠팡플레이 제공",https://v.daum.net/v/Qd1qB9WISx,풋볼리스트,2025.11.26 15:29
"사상 초유의 감독 경질 요구, 레알에서 터질까...""비니시우스와 갈등 폭발""→알론소는 ""흔히 일어나는 일""","[스포츠조선 이현석 기자]혼돈에 빠진 레알 마드리드다. 일부 선수는 감독의 경질을 원한다. 다만 사비 알론소 감독(레알 마드리드)은 미동조차 없다. 발단은 윙어 비니시우스 주니오르였다. 2018년 처음 레알 마드리드 유니폼을 입었던 소년은 이제 레알의 핵심 선수 중 한 명이다. 2021~2022시즌 레알의 유럽챔피언스리그(UCL) 우승을 이끌며 세계적인 선수로 성장했다. 레알과의 동행을 이어오던 비니시우스는 계약 문제로 적신호가 켜졌다. 계약 만료 시점은 2027년 6월, 다만 아직까지 재계약 협상에 진전이 없다. 여러 이유가 제기됐다. 가장 큰 문제는 입지 축소였다. 2024~2025시즌을 앞두고 킬리안 음바페가 팀에 합류한 이후 비니시우스는 팀의 중심에서 한 발짝 밀려났다. 연봉과 출전 시간 등에 불만을 표했다. 재계약 조건으로 과거 크리스티아누 호날두가 받았던 수준의 연봉을 요구했다는 주장까지 나왔다. 논의는 제자리를 맴돌았다. 답답함이 반복되는 상황에서 뜻밖의 소식이 등장했다. 비니시우스가 레알과의 재계약을 거절했다는 소식과 함께 사비 알론소 감독과의 불화설이 제기됐다. 매체 디 애슬레틱은 26일(한국시각) '비니시우스 주니오르는 알론소와의 관계가 악화되어 구단에 새 계약을 체결하고 싶지 않다고 전했다. 몇몇 1군 선수들은 알론소의 선수단 운영 방식과 그의 부임 이후 도입한 몇 가지 중요한 변화에 불만을 품고 있다'고 했다. 스페인 렐레보 소속 유력기자인 호르헤 피콘도 '알론소의 상황이 더 악화되고 있다. 생각보다 많은 선수가 변화를 원하고 있다. 구단 수뇌부도 그러한 결정이 필요하다고 생각하기 시작했다'고 했다. 사태에 기름을 끼얹는 소식이다. 상황이 지속되거나, 악화된다면 레알 수뇌부도 결단을 내려야 할 수 있다. 선수 혹은 감독 중에 누군가를 내보내해야 한다. 알론소 감독은 개의치 않았다. 알론소는 26일 UCL 리그 페이즈 올림피아코스와의 5차전을 앞두고 진행된 사전 기자회견에서 논란에 대해 입장을 밝혔다. 그는 ""선수들의 개성을 관리하고, 잠재력을 최대한 끌어내며, 좋은 기분을 느끼게 하는 것은 중요하다. 이 과정에 여러 우여곡절이 있을 수 있다. 어떤 팀, 특히 레알에서는 이를 잘 다룰 수 있어야 한다""고 했다. 갈등 상황에 대해서는 ""그 부분에 대해 굳이 이야기하고 싶지 않다. 라커룸이 외부 소음에 어떻게 대처해야 하는지 알고 있다. 이런 상황은 이 정도 구단에서는 흔히 일어나는 일""이라고 했다. 이현석 기자 digh1229@sportschosun.com",https://v.daum.net/v/t5NYyGjJpG,스포츠조선,2025.11.26 15:26
"‘분데스리가 무패 우승’ 명장 알론소, 레알 선수들은 폭발 직전?","분데스리가 사상 첫 무패 우승으로 떠오르는 전술가 반열에 오른 사비 알론소 감독이 레알 마드리드에선 전혀 다른 평가를 받고 있다는 보도가 나왔다. 스페인 렐레보는 현재 라커룸 분위기를 “참기 힘든 수준”이라고 전하며, 다수의 핵심 선수가 알론소 체제에 불만을 품고 있다고 25일 보도했다. 렐레보 소속 호르헤 피콘 기자는 “알론소 감독의 상황이 악화되고 있다. 생각보다 팀에 변화를 원하는 선수들이 많다”며 “마치 폭발 직전 칵테일 같다”고 표현했다. 그는 앞서 “내부 분위기가 구단 고위층에도 전해졌다. 레알의 일상은 늘 지뢰밭 같고, 알론소 감독은 이미 그 지뢰를 몇 개 밟았다”고 언급한 바 있다. 현지 매체에 따르면 알론소 감독이 과도한 전술 정보 주입, 지나치게 긴 영상 분석 세션, 강도 높은 훈련을 요구하는 것으로 알려졌다. 지네딘 지단이나 카를로 안첼로티 감독의 느슨한 접근 방식에 익숙했던 일부 선수들이 알론소의 엄격한 통제에 반발한다는 것이다. 가장 노골적으로 불만을 드러낸 선수는 비니시우스로 전해졌다. 지난달 26일 바르셀로나와 경기에서 후반 27분 교체 아웃된 비니시우스는 두 팔을 펼쳐 항의하는 제스처를 취하고, 알론소 감독과 눈도 마주치지 않은 채 라커룸으로 직행했다. 그는 터널에서 “왜 항상 나인가. 이럴 바에는 떠나는 게 낫다”고 말한 것으로 전해졌다. 디애슬레틱은 비니시우스가 플로렌티노 페레스 회장에게 알론소 감독과의 불편한 관계로 재계약을 꺼린다는 뜻을 전달했다고 보도했다. 비니시우스 외에도 주드 벨링엄, 페데리코 발베르데, 로드리고, 브라힘 디아스 등 최소 5~6명의 핵심 선수가 알론소 감독에게 불만을 품고 있다고 복수의 현지 매체가 전했다. 제한적인 출전 시간, 전술에 대한 의구심, 급진적인 스쿼드 재편 계획 등이 불만의 원인으로 거론됐다. 다만 레알은 공식적으로 이를 인정하지 않았다. 유럽 축구 이적시장 전문가 파브리치오 로마노는 20일 “페레스 회장을 포함한 고위층들은 알론소 감독을 전적으로 신뢰하고 있다”고 전했다. 선수단이 집단으로 경질을 요구했다는 사실도 확인되지 않았다. 현재로선 익명 소스와 취재 기자 발 보도를 통해 강도 높은 불화설이 증폭되고 있는 단계다. 알론소 감독은 지난 5월 레알 지휘봉을 잡은 뒤 공식전 17승3무3패를 기록하며 라리가 선두를 달리고 있다. 하지만 최근 리버풀, 라요바예카노, 엘체를 상대로 3경기 연속 무승에 그치며 위기를 맞았다. 박효재 기자 mann616@kyunghyang.com",https://v.daum.net/v/8YDZH5EoUz,스포츠경향,2025.11.26 15:26
비매너 파울로 레드카드 받고 퇴장당했는데 집행유예로 월드컵 출전 가능? FIFA의 황당한 호날두 봐주기,"[스포츠서울 | 정다워 기자] 국제축구연맹(FIFA)이 포르투갈의 크리스티아누 호날두를 노골적으로 비호해 빈축을 사고 있다. FIFA는 26일 호날두가 “A매치 226경기 만에 처음 레드카드를 받았는데, 해당 반칙은 중대한 폭력으로 보기 어렵다“라며 “앞으로 1년 동안 유사한 행위를 저지를 경우에 남은 징계를 집행한다”라고 발표했다. 호날두는 지난 13일 북중미월드컵 유럽예선 아일랜드와 경기에서 후반 15분 상대 선수와 경합하다가 팔꿈치로 가격했고, 주심이 비디오판독(VAR)을 통해 퇴장을 명령했다. FIFA 규정상 팔꿈치 가격은 폭력 행위에 해당해 일반적으로 1경기 퇴장에 추가 징계가 붙어 2~3경기 출장 정지가 추가된다. 그러나 FIFA는 호날두에게 ‘1년 집행유예’를 내리며 추가 징계를 없애는 특혜를 부여했다. 호날두와 유사한 반칙이 대부분 최소 2경기 이상의 출전 정지 징계가 내려졌던 걸 고려하면, 매우 이례적이다. FIFA 결정에 따라 호날두는 2026 북중미월드컵 개막전부터 출전이 가능해졌다. 글로벌 스포츠매체 디애슬레틱은 “전례도, 논리도, 일관성도 없는 결정”이라고 비판했다. 그러면서 “호날두 없는 월드컵 흥행을 받아들일 수 없다는 메시지나 다름없다”라고 일갈했다. 최근 호날두가 도널드 트럼프 미국 대통령과 만난 것도 특혜 논란을 부추긴다. 일주일 전 호날두는 연인 조르지나 로드리게스와 함께 미국 백악관을 방문해 트럼프 대통령의 환대를 받았다. 일부 외신은 트럼프 대통령이 잔니 인판티노 FIFA 회장에게 호날두의 징계를 낮추란 압박을 가했을 것이라 추측하기도 한다. 트럼프 대통령과 인판티노 회장은 북중미월드컵의 성공을 위해 전략적 협력 관계를 유지하고 있다. 호날두를 향한 FIFA의 특혜 의혹을 제기할 수밖에 없는 이유다. weo@sportsseoul.com",https://v.daum.net/v/6WRMNcfzyd,스포츠서울,2025.11.26 15:14
"이강인, 치욕의 '알까기' 당했다…잔디 위 '풀썩'→상의 벗겨질 정도로 벌칙→'이것 마저' 반갑다","(엑스포츠뉴스 나승우 기자) 토트넘 홋스퍼전을 앞둔 이강인이 팀 동료들과 화기애애한 분위기 속에서 팀 훈련을 마쳤다. 글로벌 축구 매체 트리뷰나는 26일(한국시간) ""이강인이 훈련 중 넛메그를 당했을 때 동료들의 반응""이라며 이강인이 훈련 중 일명 '알까기'에 당해 쓰러진 모습을 전했다. 매체는 ""유럽축구연맹(UEFA) 챔피언스리그 리그페이즈 5차전 토트넘과의 경기를 앞두고 PSG는 화요일 오전 훈련을 진행했다""면서 ""그룹 내 분위기가 아주 좋다는 건 분명하다. 이강인은 넛메그를 당한 후 그 어느 때보다 팀원들에게 호의적인 놀림을 받았다""고 조명했다. 매체에 따르면 이강인은 넛메그를 당한 후 그라운드 위에 대자로 뻗었다. 그러자 동료들이 달려와 이강인을 가볍게 두드렸다. 동료들이 다시 제자리로 돌아간 후에는 이강인의 상의가 거의 벗겨질 정도였다. 웃으면서 일어난 이강인은 공을 빼앗는 술래 역할을 하기 위해 동료들이 만든 원 안에 들어가 다시 훈련에 임했다. 이강인이 팀에 잘 녹아들었다는 걸 확인할 수 있는 장면이었다. PSG는 27일 오전 5시 프랑스 파리의 파르크 데 프랭스에서 토트넘과 2025-2026시즌 UEFA 챔피언스리그 리그페이즈 5차전을 치른다. 이강인의 선발 출전 여부가 뜨거운 관심사다. 일부 팬들은 최근 이강인의 경기력이 물이 오를대로 오른 만큼, 토트넘전에 선발 출전할 것으로 기대하고 있다. 다만 팬들의 예상과 달리 현지 언론은 이강인의 선발 가능성을 낮게 보고 있다. 프랑스 유력지 레퀴프는 ""이강인과 세니 마율루 중 토트넘전 공격진에 선발로 나설 선수는 누구일까?""라며 PSG가 이강인, 마율루를 놓고 아직 고심 중이라고 보도했다. 매체는 ""우스만 뎀벨레가 PSG 벤치로 복귀할 가능성이 있으나 가장 큰 불확실성은 브래들리 바르콜라, 흐비차 크바라츠헬리아와 함께 출전할 수 있는 공격수가 누구냐는 것""이라며 ""PSG가 선택하게 될 옵션은 바르콜라, 크바라츠헬리아의 역할에도 영향을 미치게 된다""고 전했다. 매체에 따르면 PSG는 선발 11자리 중 10자리를 확정했다. 이강인 포지션인 우측 공격수 자리만 아직 정하지 않았다. 최근 3경기에서 1골 2도움을 기록하고 있는 이강인과 중앙 공격수로도 뛸 수 있는 마율루가 경합하는 모양새다. 레퀴프가 마율루의 선발 가능성을 우세하게 보고 있는 이유는 마율루가 최근 PSG가 치른 11번의 공식전서 10경기에 선발 출전할 만큼 루이스 엔리케 감독의 신뢰를 받고 있기 때문이다. 특히 4-3-3 포메이션의 가운데 공격수로 활약할 수 있다는 점에서 좌우 윙어 크바라츠헬리아, 바르콜라의 파괴력을 극대화시킬 수 있다는 평가다. 마율루와 달리 이강인은 지난해 10월 아스널전 이후 센터 포워드로 뛰어본 적이 거의 없다. 이강인이 중앙에 서지 못하고 측면으로 빠지게 될 경우, 크바라츠헬리아나 바르콜라가 중앙으로 가야 하는데 두 선수 모두 측면에서 뛸 때 경기력이 좋다. 이러한 이유를 고려했을 때 이강인보다 마율루의 선발 출전이 점쳐지고 있다. 르파리지앵도 ""토트넘전 PSG의 공격진이 크바라츠헬리아-마율루-바르콜라로 이뤄지게 될까?""라며 마율루의 선발을 예상했다. 매체는 ""공격진에서는 바르콜라, 크바라츠헬리아와 함께할 세 번째 선수의 존재가 불확실하다. 지난 뮌헨전을 제외한 모든 챔피언스리그 경기에 선발 출전한 마율루일까 아니면 뎀벨레와 데지레 두에의 부재 속에 다시 활기를 되찾은 이강인일까?""라면서 ""이강인은 오른쪽 공격수 혹은 가짜 9번 역할로 출전할 가능성이 있지만 이 역할에서 지금까지 제대로 된 성과를 내지 못했다. 마율루가 더 자연스러운 선택으로 보인다""고 지적했다. 현지 언론들은 토트넘전도 이강인이 아닌 마율루의 선발을 예상하고 있다. 그러나 이런 상황에서도 이강인은 팀에서 활기를 잃지 않고 있다. 훈련 중 동료들과 장난을 치기도 하는 등 밝은 분위기 속에서 지내고 있다. 적응 문제는 없다. 이미 선수단에 잘 녹아들었다. 부족한 출전 문제만 해결된다면 더할 나위 없을 것으로 보인다. 사진=트리뷰나 / SNS / 연합뉴스 나승우 기자 winright95@xportsnews.com",https://v.daum.net/v/555mmIe4Xl,엑스포츠뉴스,2025.11.26 15:10
레알 마드리드 충격 폭로…알론소 감독 반대파 6명 vs 지지파 5명→‘라커룸 분열 시작’,"[포포투=박진우] 레알 마드리드의 내부 분열이 발생했다는 폭로가 나왔다. 글로벌 매체 ‘골닷컴’은 26일(한국시간) “스페인 현지 보도에 따르면, 최근 사비 알론소 감독과 비니시우스 주니오르 사이의 갈등이 고조되는 가운데 특정 선수들이 비니시우스를 편들고, 반대로 킬리안 음바페를 비롯한 특정 선수들이 알론소 감독을 지지하고 있는지까지 밝혀졌다”고 보도했다. 마침내 레알 내부의 거센 균열이 드러났다. 최근 공식전 3경기 무승(2무 1패) 부진에 빠진 상황이었다. 당초 알론소 감독은 비니시우스와 수차례 대립했다. 특히 지난 엘 클라시코에서 비니시우스가 알론소 감독의 교체 결정에 경기장에서 불만을 공개 표출하며 상황이 커졌다. 이미 그 전부터 일부 선수들이 알론소 감독에게 불만을 품고 있다는 후문이 돌던 상황이었다. 스페인 ‘렐레보’ 소속 호르헤 피콘 기자는 “알론소 감독과 일부 선수들 사이에 생긴 균열은 단순히 훈련 강도 때문은 아니다. 알론소 감독은 경기장 안팎의 모든 것을 세세하게 통제하려 하는데, 몇몇 선수들은 ‘정보 과다’와 ‘지나친 지적’에 지쳐 있다고 말한다”며 내부 상황을 밝히기도 했다. 스페인 현지에서는 선수단이 두 갈래로 나뉘었다는 보도가 빗발치고 있다. ‘골닷컴’은 “페데리코 발베르데, 비니시우스, 호드리구, 브라힘 디아스, 엔드릭, 페를랑 멘디 등 6명이 최근 알론소 감독의 전술 및 선발 결정에 불만을 품고 있는 것으로 알려졌다. 스페인 현지에서는 비니시우스와 알론소 감독의 갈등이 라커룸 분열의 시발점이 됐다는 분석까지 내놓고 있다”고 설명했다. 반대파와 대립되는 지지파도 있었다. 매체는 “알론소 감독을 공개적, 사적으로 지지하는 그룹도 따로 형성됐다. 이 진영에는 음바페, 티보 쿠르투아, 아르다 귈러, 딘 하위선, 알바로 카라레스가 포함되어 있다. 이들은 최근 흔들리는 팀 성적 속에서도 알론소 감독의 리더십을 전폭적으로 신뢰한다는 입장을 보이고 있다”고 전했다. 레알은 지난 시즌 부진을 면치 못한 카를로 안첼로티 감독을 경질, 구단 레전드인 알론소 감독을 야심차게 영입했다. 레버쿠젠에 무패 우승을 선물한 영광을 기대했지만, 알론소 감독을 기준으로 선수단 내부 분열까지 발생한 상황이다. 최근 계속해서 리버풀 등 알론소 감독의 이적설이 나오는 이유가 있었다. 박진우 기자 jjnoow@fourfourtwo.co.kr ⓒ 포포투(https://www.fourfourtwo.co.kr) 무단전재 및 재배포금지",https://v.daum.net/v/xPuKKVGhJP,포포투,2025.11.26 15:10
"손흥민 떠난 후 최고 영입, 바이에른 뮌헨 복귀 거부…'토트넘 잔류 희망한다'","[마이데일리 = 김종국 기자] 토트넘으로 임대된 미드필더 팔리냐가 바이에른 뮌헨 복귀를 거부하는 모습을 보였다. 독일 FCB인사이드는 25일 '팔리냐는 토트넘으로 완전 이적하는 것을 희망한다. 팔리냐는 토트넘에서 빠르게 자리 잡았다. 팔리냐는 자신의 미래에 대한 바람을 표현하며 분명한 신호를 보냈다'고 전했다. 이 매체는 '팔리냐는 토트넘에서 임대 활약을 펼치고 있는 현재 상황에 만족하지만 시즌 이후 거취는 불확실하다'며 '토트넘은 팔리냐를 3000만유로의 이적료로 완전 영입하는 것을 내부적으로 고려하고 있다. 토트넘은 팔리냐의 기량을 확신하고 있지만 이적료를 재협상할 가능성이 있다'고 언급했다. 또한 '토트넘이 완전 영입을 거부한다면 팔리냐는 다시 새 팀을 찾아야 한다. 바이에른 뮌헨 복귀는 불가능할 것'이라며 '파블로비치가 있는 바이에른 뮌헨은 팔리냐를 대체할 중앙 미드필더를 확보했다. 바이에른 뮌헨은 팀에서 높은 연봉을 받는 팔리냐를 방출하려 한다'고 덧붙였다. 발트는 '팔리냐의 바이에른 뮌헨 복귀는 더 이상 선택지에 없다. 바이에른 뮌헨은 완전히 다른 선수를 찾고 있다'며 '팔리냐는 토트넘 완전 이적이 무산될 경우 스페인과 이탈리아 클럽으로 이적할 수도 있다. 팔리냐의 플레이 스타일은 여전히 높은 관심을 받고 있다'는 뜻을 나타냈다. 영국 스퍼스웹은 지난 13일 토트넘이 2025-26시즌을 앞두고 영입한 선수들의 활약을 평가했다. 스퍼스웹은 팔리냐에게 평점 9점을 부여해 토트넘이 영입한 선수 중 가장 뛰어난 활약을 펼친 선수로 평가했다. 스퍼스웹은 '여름 이적시장에서 영입된 토트넘 선수 중 팔리냐만큼 꾸준한 활약을 펼친 선수는 없다. 프리미어리그에서 팔리냐보다 뛰어난 태클 능력을 선보인 선수는 없다. 팔리냐는 득점에 있어서도 팀 득점 3위에 올라있다. 팔리냐에 대해 말할 수 있는 유일한 부정적인 점은 30살이라는 나이다. 팔리냐의 경기력과 관련해서는 불평할 것이 없다'고 언급했다. 토트넘은 24일 열린 아스날과의 2025-26시즌 프리미어리그 12라운드에서 1-4 대패를 당했다. 토트넘은 팔리냐의 활약으로 인해 만회골을 터트렸다. 양팀의 경기에서 후반 10분 아스날의 수비멘디가 중앙선 부근에서 드리블을 시도하자 팔리냐가 태클로 볼을 걷어냈다. 볼을 이어받은 히샬리송은 아스날 골키퍼 라야가 골문을 비운 것을 보고 오른발 로빙 슈팅으로 득점에 성공했다. 팔리냐는 아스날전을 마친 후 ""토트넘 팬들에게 말로 다 표현할 수 없을 정도로 죄송하다. 아스날에게 패하는 것은 항상 실망스럽다. 우리는 패배를 받아들여야 하고 강력한 대응이 필요하다""는 뜻을 나타냈다.",https://v.daum.net/v/tt8Zp7hDOJ,마이데일리,2025.11.26 15:03
"충격! '1티어 기자' 확인 '3947억' 투자하고도 단 4골…리버풀, 결국 1월에 또 스트라이커 찾는다!","[SPORTALKOREA] 황보동혁 기자= 리버풀FC가 알렉산드르 이사크와 위고 에키티케라는 두 명의 스트라이커를 영입하기 위해 막대한 금액을 쏟아부었음에도 1월에 또 한 번 최전방 보강을 검토하고 있다. 독일 '스카이스포츠'의 신뢰도 높은 기자 플로리안 플라텐베르크는 26일(한국시간) 자신의 SNS를 통해 ""리버풀은 1월 이적시장에서 분명히 전력 보강을 계획하고 있다""며 ""즉시전력감으로 기용할 수 있는 윙어가 최우선 목표이며, 앙투안 세메뇨(본머스)도 후보군 중 하나다""라고 전했다. 이어 그는 ""시장 상황이 유리하게 전개될 경우 즉시 투입 가능한 스트라이커도 옵션으로 두고 있으며, 마크 게히(크리스탈 팰리스)를 포함한 센터백 보강도 모니터링 중""이라고 덧붙였다. 세메뇨와 게히 영입 검토는 충분히 예상 가능한 시나리오지만, 지난여름 이미 공격수에 엄청난 투자를 단행한 리버풀이 또다시 스트라이커 보강을 원한다는 점은 충격적이다.  리버풀은 지난 이적시장에서 스트라이커 영입에만 2억 400만 파운드(약 3,947억 원)를 지출했다. 프랑크푸르트에서 옵션 포함 7,900만 파운드(약 1,529억 원)에 에키티케를 데려왔고 이어 뉴캐슬 유나이티드로부터 이사크를 프리미어리그 역대 최고 이적료인 1억 2,500만 파운드(약 2,416억 원)에 데려오며 최전방을 대대적으로 개편했다. 그러나 이적료에 비해 두 선수의 활약은 기대에 크게 못 미치고 있다. 에키티케는 시즌 초반 준수한 모습을 보였지만 이사크 합류 이후 출전 시간이 줄며 기복이 생겼고, 현재 리그 11경기에서 3골 2도움에 그치고 있다. 이사크의 부진은 더욱 심각하다. 지난 시즌 22골 6도움으로 월드클래스 급 성장세를 보였던 그는 리버풀 이적 후 9경기에서 1골 1도움에 머무르고 있다. 리그에서는 아직 무득점이며 유일한 골도 카라바오컵에서 2부리그인 사우샘프턴전을 상대로 기록한 것이었다. 결과적으로 천문학적 금액을 투입한 두 공격수가 리그에서 합작한 골은 단 4골. 이는 지난 시즌 디펜딩 챔피언인 리버풀이 현재 리그 12위(6승 6패 승점 18)로 떨어진 원인 중 하나로 꼽힌다. 물론 두 선수 모두 기회가 꾸준히 주어진다면 반등의 여지는 있지만 팀 성적이 급격히 흔들리고 있는 상황에서 리버풀이 1월 시장을 통해 스트라이커 영입을 고려하는 것은 자연스러운 행보로 보인다. 사진= 풋볼 팬캐스트, 게티이미지코리아 ",https://v.daum.net/v/5lPn8QtWMW,스포탈코리아,2025.11.26 15:01
'트럼프 특혜 논란' 호날두 '이례적' 집행유예! 역대급 솜방망이 징계... '라스트 댄스' 월드컵 출전 확정,"[스타뉴스 | 박건도 기자] 상대 선수를 대놓고 가격하고도 솜방망이 징계가 확정됐다. 크리스티아누 호날두(40·알나스르)를 향한 특혜 논란이 불거진 이유다. 스포츠 전문 매체 'ESPN'은 26일(한국시간) ""호날두는 최근 도널드 트럼프 미국 대통령을 백악관에서 만났다. 무함마드 빈 살만 사우디아라비아 왕세자와 공식 만찬에 참석했다""며 ""이후 6일 만에 FIFA의 호날두 출전 징계가 확정됐다""고 보도했다. 매체에 따르면 호날두는 FIFA의 3경기 징계 처분 중 2경기를 유예받았다. 월드컵 유럽 최종 예선인 아르메니아전은 징계로 출전이 불발됐고, 다음 공식전으로 유력한 2026 FIFA 북중미월드컵 본선 1차전 출전은 사실상 문제가 없는 꼴이 됐다. 이번 일을 두고 'ESPN'은 ""3경기 출장 정지 처분 중 2경기가 유예되는 경우는 드물다""며 ""심지어 FIFA는 이번 달 다른 월드컵 예선 경기에서 폭행 행위로 퇴장당한 선수에게 3경기 출전 처분을 내렸다. 해당 선수는 징계 유예 처분을 받지 못했다""고 짚었다. 영국도 FIFA의 결정을 두고 논란을 제기했다. '데일리 메일'은 ""FIFA가 호날두에게 단 1경기 출장 정지만 부과했다""며 ""해당 발표는 그가 미국에서 트럼프 대통령을 만난 지 약 일주일 뒤에 나왔다""고 시사했다. 호날두는 이달 초 아일랜드전에서 다라 오셰이를 팔꿈치로 가격했다. 이 장면이 비디오 판독(VAR)을 통해 확인되며 즉시 퇴장당했다. 통상 폭력 행위로 분류될 경우 최대 3경기 출장 정지가 주어질 수 있지만, FIFA 발표에 따르면 연맹은 국가대표 226경기 중 첫 레드카드라는 점을 고려해 징계 수위를 최소로 책정했다. 영국에서는 징계 발표 시점에 주목했다. '데일리 메일'은 ""트럼프를 만난 지 일주일 만에 호날두는 월드컵 개막전에 뛸 수 있게 됐다""며 ""호날두와 약혼녀 조지나가 워싱턴DC를 방문해 트럼프와 저녁 식사를 하고 산책까지 함께한 사실이 새삼 부각되고 있다""고 짚었다. 여기에 포르투갈 매체 '아 볼라'는 ""호날두는 국가대표팀에서 퇴장당한적이 없었다. 협회는 호날두의 이번 레드카드가 이례적인 일이라 주장했다""고 전했다. 당시 경기를 지켜보고 있었던 사령탑들의 반응은 엇갈렸다. 로베르토 마르티네스 포르투갈 감독은 ""영상 각도 때문에 과장돼 보였다""며 징계가 과할 수 있다고 말했다. 반면 아일랜드의 할그림손 감독은 ""잠깐의 어리석은 행동이었다""고 꼬집었다. 'ESPN' 등에 따르면 호날두는 퇴장 당시 관중과 주심을 조롱하는 듯한 제스처까지 보이며 논란을 더욱 키웠다. 하지만 결과는 FIFA의 솜방망이 징계였다. 따라서 호날두는 북중미월드컵에서 출전 제약 없이 경기를 뛸 수 있게 됐다. 앞서 호날두는 인터뷰를 통해 ""앞으로 1, 2년 사이에 은퇴할 것이다""이라며 ""북중미월드컵이 내게 마지막 월드컵이 될 것""이라고 예고했다. 박건도 기자 pgd15412@mtstarnews.com",https://v.daum.net/v/tJBMJLqFTH,스타뉴스,2025.11.26 14:55
"""요리스가 손흥민 등 밀쳤다"" 英 BBC, 5년 전 사건 재소환...동료 빰 때려 '황당 퇴장'→SON과 요리스 충돌도 깜짝 언급","[OSEN=고성환 기자] 보기 드문 퇴장 사건에 손흥민(33)과 위고 요리스(39, 이상 LAFC)의 5년 전 충돌이 재조명됐다.  영국 'BBC'는 25일(한국시간) ""이드리사 게예의 레드카드 이후 기억에 남을 만한 팀메이트 간의 충돌 사고""라는 제목으로 과거 프리미어리그에서 팀 동료들끼리 다툰 사건들을 되돌아봤다. 매체는 ""에버튼의 게예는 경기 도중 팀 동료와 싸움으로 프리미어리그에서 퇴장당한 4번째 선수가 됐다. 그는 1-0으로 승리한 맨체스터 유나이티드전에서 마이클 킨의 얼굴을 가격했고, 다이렉트 퇴장당했다""라고 전했다. 같은 날 에버튼은 영국 맨체스터의 올드 트래포드에서 열린 2025-2026 프리미어리그 12라운드 원정 경기에서 맨유를 1-0으로 꺾었다. 그 덕분에 5승 3무 4패, 승점 18을 기록하며 리그 11위로 뛰어올랐다. 하지만 게예는 경기 시작 13분 만에 퇴장당했다. 그것도 상대가 아닌 팀 동료와 싸우다 뺨을 때리는 황당한 퇴장이었다. 그는 후방에서 킨과 호흡이 맞지 않아 슈팅을 허용한 뒤 분노했고, 언쟁을 벌이다가 킨을 가격해 레드카드를 받았다. 그럼에도 에버튼은 전반 29분 터진 키어넌 듀스버리홀의 선제골을 잘 지켜내면서 13년 만에 올드 트래포드에서 승리를 따냈다. 맨유의 부끄러운 패배만큼이나 화제가 된 건 1989년생 게예의 퇴장이었다. '풋볼 인사이더'는 ""베테랑 미드필더는 게예는 팀 동료 킨과 충돌하며 충격적인 사건을 일으켰고, 퇴장당했다. 그는 이른 시간 브라이언 음뵈모에게 기회를 내준 뒤 킨과 오해로 인해 문제를 일으켰다. 게예가 동료의 뺨을 때리기 전까지 화난 말이 오갔고, 주심은 즉시 레드카드를 꺼내 들었다""라고 설명했다. BBC는 ""지금까지 프리미어리그에서 비슷하게 레드카드를 받은 건 단 3번밖에 없었다. 하지만 팀 동료들이 서로에게 냉정함을 잃고도 경기장에 남아있는 경우는 많았다. 팀 동료들 간의 유명한 불화에 대해 자세히 살펴보자""라며 과거 사례들을 찾아봤다. 손흥민의 이름도 나왔다. 그는 지난 2020년 7월 에버튼전에서 지금은 LAFC에서 한솥밥을 먹고 있는 골키퍼 요리스와 다퉜다. 이후 토트넘의 한 시즌을 담은 다큐멘터리를 통해 라커룸에서 손흥민과 요리스가 언성을 높여 싸우는 모습이 공개돼 재차 화제를 모으기도 했다. BBC는 ""토트넘은 1-0으로 이기고 있었지만, 주장 요리스는 손흥민에게도 수비 가담에 있어서 예외를 인정하지 않았다. 하프타임 경기장을 빠져나가며 손흥민이 달려와 손흥민의 등을 밀쳤고, 이는 격렬한 반응을 불러일으켰다. 그러나 결국 토트넘이 버텨서 승리하면서 잊혔다""라고 짚었다. 손흥민과 요리스는 2015년 손흥민의 토트넘 입단부터 함께한 사이다. 다만 2020년 에버튼전에선 요리스가 흥분하면서 몸싸움까지 번질 뻔했다. 요리스가 ""달려와서 수비해(Make the run)!""라고 외치며 화를 냈고, 손흥민은 황당해하며 반박했다. 다행히 동료들의 제지로 싸움은 더 커지지 않았고, 둘은 경기 종료 후 포옹하며 화해했다. 공교롭게도 손흥민과 요리스는 지금도 미국 LAFC에서 한솥밥을 먹고 있다. 2023년 12월 요리스가 먼저 LAFC로 건너갔고, 지난 8월 손흥민도 그의 뒤를 이어 미국 무대에 합류했다. 손흥민은 토트넘을 떠나기 전에 요리스로부터 주장 완장을 물려받기도 했다. 오랜 시간을 함께한 만큼 지금도 절친한 사이다. 손흥민은 LAFC에 입단하며 ""요리스는 내가 토트넘에서 7~8년 정도 함께 뛴 선수이고, 나쁘게 말할 것이 하나도 없는 선수""라면서 ""그는 정말 놀라운 선수이고, 동시에 놀라운 사람""이라고 말했다. 실제로 둘은 훈련에서나 경기장에서나 같이 있는 모습이 자주 포착된다. 요리스는 손흥민의 LAFC 이적에도 영향을 끼친 것으로 알려졌다. 손흥민은 입단 기자회견에서 ""요리스는 항상 어린 선수들을 도와주려 했다. 사실 루머가 돌기 시작했을 때 우리는 얘기를 나눴다. 그때 요리스가 LA에 대해 좋은 이야기만 해줬다. 그래서 그것이 내 결정에 도움이 됐다""라며 ""요리스는 다시 한번 내 캡틴""이라고 밝혔다. /finekosh@osen.co.kr [사진] 스카이 스포츠, ESPN, LAFC 소셜 미디어.",https://v.daum.net/v/uVSFRJu5lc,OSEN,2025.11.26 14:51
"'맥마라도나' 맥토미니, 마라도나 5주기 날 '헤더+자책골 유도'로 나폴리 승리 헌정","[풋볼리스트] 김진혁 기자= '맥마라도나' 스콧 맥토미니가 디에고 마라도나 5주기 날 경기에서 승리를 헌정했다. 26일(한국시간) 이탈리아 나폴리의 스타디오 디에고 아르만도 마라도나에서 2025-2026 유럽축구연맹(UEFA) 챔피언스리그(UCL) 리그 페이즈 5라운드를 치른 SSC나폴리가 카라바흐FK에 2-0 승리를 거뒀다. 이날은 故 마라도나의 5주기였다. 아르헨티나의 전설적인 축구 선수이자 나폴리의 이탈리아 세리에A 우승을 안긴 레전드 마라도나는 지난 2020년 11월 심정지로 인해 자택에서 숨을 거뒀다. 나폴리는 전설 마라도나를 추모하기 위해 기존 홈구장 산 파올로를 마라도나의 풀네임인 디에고 아르만도 마라도나로 명칭을 변경했다. 이 밖에도 주기 날마다 경기장 안팎에서 추모 행사를 진행해 왔다. 마라도나가 세상을 떠난지 다섯 해 되는 날 펼쳐진 이 경기에서 나폴리 팬들에게 마라도나의 후계자라고 불리고 있는 맥토미니가 환상적인 활약으로 팀을 승리로 이끌었다. 맥토미니는 지난 시즌부터 나폴리에 합류한 미드필더다. 맨체스터유나이티드 시절 애매한 활약으로 쫓겨나듯이 합류한 맥토미니는 첫 시즌부터 34경기 12골 4도움이라는 걸출한 활약으로 세리에A 올해의 선수상을 수상했다. 나폴리 팬들은 그에게 마라도나의 이름을 합친 '맥마라도나'라는 별명을 붙이기도 했다. 이날 중앙 미드필더로 출전한 맥토미니는 2골에 모두 관여했다. 팽팽한 흐름이 이어지던 9분나폴리가 페널티킥을 얻어냈는데 키커로 나선 라스무스 호일룬이 실축하며 분위기를 잃은뻔했다. 이때 맥토미니가 등장해 오묘한 분위기를 바로 잡았다. 후반 20분 코너킥 상황에서 맥토미니는 상대 골키퍼의 선방 후 튕겨 나온 공을 재차 헤더로 마무리하며 선제 득점을 올렸다. 7분 뒤에는 감각적인 동작의 슈팅으로 상대 자책골을 유도했다. 후반 27분 마티아스 올리베라가 올려준 크로스를 박스로 쇄도한 맥토미니가 오른발 터닝 발리슛으로 연결했다. 맥토미니의 슈팅은 마르코 얀코비치 발에 맞고 굴절된 뒤 골문 안으로 들어갔다. 맥토미니의 활약 속에 나폴리는 마라도나 사망 5주기 날을 승리로 장식할 수 있었다. 나폴리 팬들은 마라도나 등번호 10번의 의미를 담아 경기 10분에 마라도나 이름을 연호하며 뜨거운 분위기를 연출하기도 했다. 맥토미니는 활약을 인정 받아 UEFA 선정 '경기 최우수 선수'에 뽑혔다. 이날 승리로 나폴리는 승점 7점을 확보하며 18위로 올라섰다. 초반 리그 페이즈 4경기에서 1승에 그치며 부진했지만, 16강 플레이오프권에 들며 치열한 도전을 이어가고 있다. 반면 카라바흐는 초반 2연승으로 돌풍을 일으켰지만 아틀레틱빌라보, 첼시, 나폴리에 연달아 승리를 거두지 못하며 16위로 내려가며 하락세를 보이고 있다. 사진= 게티이미지코리아",https://v.daum.net/v/yZKPyGjJCT,풋볼리스트,2025.11.26 14:46
[오피셜] 야말이 이렇게 안 보이다니...공격 포인트 없이 바르셀로나전 POTM 받은 이유,"[인터풋볼=신동훈 기자] 마크 쿠쿠렐라가 신들린 활약으로 라민 야말을 묶고 바르셀로나를 잡는데 일조했다.  첼시는 26일 오전 5시(한국시간) 영국 런던에 위치한 스탬포드 브릿지에서 열린 2025-26시즌 유럽축구연맹(UEFA) 챔피언스리그(UCL) 리그 페이즈 5라운드에서 바르셀로나에 3-0 완승을 거뒀다. 첼시는 5위에 올랐다. 첼시가 바르셀로나를 완파했다. 바르셀로나 높은 수비라인을 공략하면서 계속 공격을 했다. 엔조 페르난데스가 골을 터트렸지만 오프사이드로 취소되는 상황도 발생했다. 전반 27분 쥴스 쿤데 자책골이 나오면서 첼시가 앞서갔다. 로날드 아라우호가 경고 누적 퇴장을 당해 수적 우위도 얻었다. 첼시는 후반 이스테방, 리암 델랍 연속 득점으로 3-0으로 이겼다.  UEFA 선정 경기 최우수선수(POTM, Player Of The Match)는 쿠쿠렐라였다. 쿠쿠렐라는 공격 포인트가 없었지만 경기 내내 영향력이 압도적으로 좋아 선정됐다. 수비적으로 보면 야말을 완벽히 통제했다. 속도에서 밀리지 않았고 돌파도 계속 차단하고 적절히 압박까지 가했다. 공격적으로 올라가 알레한드로 가르나초를 지원하고 위협적인 패스를 페널티 박스 안으로 넣었다. 축구통계매체 '소파스코어'도 쿠쿠렐라에게 최고 평점인 8.1을 줬다. 쿠쿠렐라는 키패스 1회, 패스 성공률 87%, 롱패스 성공 1회, 그라운드 경합 승리 7회, 공중볼 경합 승리 1회, 인터셉트 2회, 클리어링 2회, 태클 성공 3회 등을 기록했다.  단순한 기록 이상의 활약을 하면서 POTM을 받았다. UEFA는 ""쿠쿠렐라는 첼시 선제골에 중요한 역할을 했다. 수비에서 팀의 집중려을 이끌었고 모든 경합에서 침착했고 전술적으로도 뛰어났다""고 평가하면서 선정 이유를 밝혔다.  영국 '풋볼 런던'은 평점 9를 주며 ""선제골에 관여했다. 좋은 크로스를 많이 줬다. 수비 능력이 빛을 냈다. 야말을 잘 차단했다. 첼시는 쿠쿠렐라의 수비를 보며 골을 넣은 것처럼 활약했다. 야말이 후반 35분에 교체되는데 결정적인 활약을 했다""고 호평했다.",https://v.daum.net/v/fA2xt0sAuh,인터풋볼,2025.11.26 14:42
결국 ‘손흥민’ 이름 꺼낸 프랭크 감독…“토트넘 레전드 쏘니를 대신할 수준에 이르지 못했다”,"[포포투=박진우] 토마스 프랭크 감독이 결국 손흥민의 빈자리를 대체하지 못하고 있다고 인정했다. 토트넘 홋스퍼는 27일 오전 5시(한국시간) 프랑스 파리에 위치한 파르크 데 프랭스에서 열리는 2025-26시즌 유럽축구연맹(UEFA) 챔피언스리그(UCL) 리그 페이즈 5차전에서 파리 생제르맹(PSG)을 상대한다. 현재 토트넘은 2승 2무로 12위, PSG는 3승 1무로 7위에 위치해 있다. 지난 8월 열렸던 경기 이후로 다시 한 번 PSG를 맞이하는 토트넘. 당시 토트넘과 PSG는 각각 유로파리그, 챔피언스리그 우승팀 자격으로 UEFA 슈퍼컵에서 맞붙었다. 당시 토트넘은 후반 40분까지 2-0으로 이기고 있었는데, 이강인의 추격골을 시작으로 후반 막바지 균형을 내주며 승부차기에서 패배했다. 안 좋은 기억에 최근 분위기까지 좋지 않다. 지난 24일 열린 아스널과의 ‘북런던 더비’는 손에 꼽힐 정도의 졸전이었다. 토트넘은 전반 초반부터 후반 막판까지 이렇다 할 공격 기회 한 번 잡지 못한 채, 아스널의 일방적인 공세에 끌려 다녔다. 결국 돌아온 건 1-4 완패. 공격도, 수비도 최악이었다. PSG전 사전 기자회견에 참석한 프랭크 감독. 다시 한번 아스널전을 떠올렸다. 프랭크 감독은 “아스널전을 다시 봤는데…솔직히 말해 보기 힘들 정도였다. 우리가 좋지 않았다. 좋지 않았다는 사실에서 도망칠 생각은 전혀 없다. 가장 아쉬웠던 건 경쟁 자체가 안 됐다는 점이었다. 기본적인 부분을 하지 못하면, 축구에서 이기기는 정말 어렵다”며 패인을 짚었다. 손흥민의 이름을 꺼내기도 했다. 한 기자는 “토트넘이 수비적으로 단단함을 갖춘 뒤, 그 위에 더 모험적이고 공격적인 축구를 구축하는 데는 현실적으로 얼마나 시간이 걸린다고 생각하나?”라고 질문했다. 이에 프랭크 감독은 “아마 그렇게 오래 걸리진 않을 것이라 생각한다”며 함께 기자회견에 참석한 윌손 오도베르에 대해 이야기했다. 프랭크 감독은 “솔직히 내 옆에 있는 오도베르는 정말 훌륭한 선수고 잠재력도 엄청나다고 본다. 지난 시즌과 비교해도 한 단계 성장한 모습이 보이고, 개인적으로 오도베르에게 큰 기대를 가지고 있다”며 오도베르가 가진 잠재력과 가능성을 칭찬했다. 다만 아직 손흥민을 대체할 수준은 아니라고 인정했다. 프랭크 감독은 “하지만 오도베르는 여전히 구단 레전드였던 손흥민 같은 선수를 대신해야 하는 상황이다. 지난해 뛰었던 손흥민을 비롯해 제임스 매디슨, 도미닉 솔란케, 데얀 쿨루셉스키 같은 핵심들과 비교할 때, 오도베르를 비롯한 브레넌 존슨, 모, 사비 시몬스, 마티스 텔, 히샬리송 같은 선수들은 아직 그 수준에 이르지 못했다. 그만큼 시간이 필요하다”고 말했다. 토트넘의 적나라한 현실을 제대로 짚은 프랭크 감독. 그가 말한 선수들이 1월 전까지 성과를 보여주지 못한다면, 겨울 이적시장에서 손흥민의 빈자리를 채울 수 있는 즉시 전력감을 찾는 게 급선무가 될 전망이다. #포포투 코리안리거 소식 박진우 기자 jjnoow@fourfourtwo.co.kr ⓒ 포포투(https://www.fourfourtwo.co.kr) 무단전재 및 재배포금지",https://v.daum.net/v/tsSGB9WIdk,포포투,2025.11.26 14:38
"'초비상' 토트넘 진짜 큰일 났다! 이강인도 모자라 '발롱도르 에이스' 부상 복귀…""아스널전처럼 소극적이면 또 대패""","[스포츠조선 강우진 기자]토트넘 홋스퍼와의 대결에 앞서 파리생제르망(PSG)의 에이스가 복귀할 수 있다는 예상이 나온다. PSG는 한국 국가대표 이강인이 뛰고 있는 팀으로 유명하다. 영국 투더래인앤백은 26일(한국시각) ""토트넘 홋스퍼는 지난 주말 아스널과의 경기에서 매우 힘든 시간을 보냈다""라며 ""토트넘 팬들에게는 이미 충분히 힘든 결과였지만, 상황은 더 어려워질 전망이다""라고 전했다. 토마스 프랭크 감독의 토트넘은 오는 27일 PSG와 유럽축구연맹(UEFA) 챔피언스리그에서 맞붙는다. 북런던 더비 아스널전에서 대패한 토트넘이기에 또 한 번의 패배는 치명적일 수 있다. 더구나 PSG의 에이스가 부상에서 복귀할 가능성이 커지고 있다. 뎀벨레는 2025 발롱도르 수상자다. 이는 한 시즌 동안 최고의 활약을 펼친 축구선수에게 주는 상이다. 매체는 ""PSG의 핵심 선수인 뎀벨레가 부상으로 결장이 예상됐음에도, 경기 직전 복귀할 준비가 돼 있다는 소식이 나온다""라고 전했다. 뎀벨레는 이달 초 바이에른 뮌헨전에서 종아리 부상을 당했는데, 햄스트링 부상에서 복귀한 지 몇 주 되지 않아 다시 생긴 문제였다. 그로 인해 최근 두 경기에서 결장했고, 토트넘전도 출전이 어려울 것이라는 우려가 있었다. 그러나 프랑스 레퀴프는 뎀벨레가 훈련에 복귀했다고 전했다. 이는 토마스 프랭크 감독에게는 큰 부담으로 다가온다. 뎀벨레는 현재 회복 마지막 단계에 있으며, 구단 측에서 그를 토트넘 경기에 투입할지 경기 직전 최종 결정을 내릴 가능성이 크다고 전해진다. 매체는 ""토트넘이 뎀벨레가 포함된 PSG를 상대하게 된다면, 토트넘의 수비 부담은 크게 늘어날 것""이라면서도 ""이번 경기는 뎀벨레의 출전 여부와 관계없이 원래부터 어려운 시험대였다""라고 주장했다. 결국 토트넘의 유일한 해법은 수비적인 전술이 아닌 맞불 작전일 수밖에 없다. 앞서 아스널전에서 적극적인 압박에 실패한 토트넘은 소극적인 플레이로 대패를 당했다. 매체는 ""이번 경기에서는 훨씬 더 용기 있고 대담한 플레이가 필요하다""라며 ""아스널전과 동일한 방식으로 밀리면, 경기 종료 휘슬이 울릴 때 결과도 똑같을 수밖에 없다""라고 했다. 강우진 기자 kwj1222@sportschosun.com",https://v.daum.net/v/VC7JmIe4UU,스포츠조선,2025.11.26 14:38
"이적설 끊이질 않자 결국 ‘오피셜’ 공식입장 발표했다…정면 반박한 케인 “아무런 연락도 없었어, 여기서 더 오래 머물고파”","“바이에른 뮌헨(독일)에서 정말 행복합니다.” 해리 케인(32·바이에른 뮌헨)이 최근 잇달아 나온 이적설을 직접 일축했다. 오는 27일(한국시간) 영국 런던의 에미레이트 스타디움에서 펼쳐지는 아스널(잉글랜드)과 2025~2026시즌 유럽축구연맹(UEFA) 챔피언스리그(UCL) 리그 페이즈 5차전 원정경기를 앞두고 진행된 공식 기자회견에서다. 지난 몇 주 동안 케인이 내년 여름 이적할 거란 추측이 끊이질 않았다. 이는 케인의 계약서에 내년 여름부터 유효한 바이아웃(최소 이적 허용금액) 조항이 있다는 게 유출되자, 바르셀로나(스페인)와 맨체스터 유나이티드, 토트넘(이상 잉글랜드) 등이 케인을 노리면서 시작됐다. 케인의 바이아웃 조항은 5700만 파운드(약 1100억 원)로 알려졌다. 특히 바르셀로나가 케인을 영입리스트 ‘최상단’에 올리는 등 적극적으로 관심을 보였다. 바르셀로나는 내년 여름 계약이 만료되면서 이별이 유력한 로베르트 레반도프스키의 대체자를 찾아 나섰고 엘링 홀란과 훌리안 알바레즈를 두고 저울질하다가 높은 이적료 때문에 포기한 후 알바레즈와 홀란보다는 비교적 이적료가 낮은 케인을 낙점했다. 하지만 케인은 내년 여름 떠날 생각이 전혀 없음을 밝혔다. 그는 “바이에른 뮌헨으로 이적한 건 제 인생 최고의 결정 중 하나였다. 저는 여기서 행복하다. 더 오래 머물고 싶다”고 강조하면서 “앞으로 몇 달 안에 바이에른 뮌헨과 새로운 계약에 대해 논의할 것”이라고 잔류하겠다는 뜻을 내비쳤다. 그러면서 “저는 어느 누구에게도 연락하지 않았고, 어느 누구도 저에게 연락하지 않았다”고 최근 몇 주 동안 나온 이적설들을 정면 반박하면서 “현재 상황에 매우 만족한다. 앞으로 몇 달 안에 바이에른 뮌헨과 구체적으로 (재계약과 관련해) 이야기를 나눌 예정이니, 앞으로 어떤 상황이 최선인지 알아보겠다”고 말했다. 케인은 세계 최고의 공격수다. 탁월한 골 결정력과 강력한 킥이 최대 장점인 그는 어느 위치에서든 골을 뽑아낼 수 있는 능력을 지녔다. 또 왕성한 활동량을 바탕으로 최전방에만 머무르지 않고 그라운드 곳곳을 누비면서 플레이메이킹을 통해 공격을 전개하고, 수비 가담도 적극적으로 하면서 궂은일도 마다하지 않는다. 멘털이 좋은 데다, 빼어난 리더십까지 갖췄다. 2009년 토트넘에서 프로에 데뷔한 케인은 초반엔 자리를 잡지 못해 레이턴 오리엔트와 밀월, 노리치 시티, 레스터 시티(이상 잉글랜드) 등에서 임대를 전전하다가 2014년부터 본격적으로 주전으로 도약한 후 꾸준하게 활약하면서 ‘에이스’로 자리매김했다. 토트넘에서 통산 435경기 동안 280골(61도움)을 뽑아냈다. 토트넘 역사상 최다 득점자에 이름을 올리고 있다. 케인은 잉글랜드 국가대표팀에서도 주포로 맹활약 중이다. 2015년 3월 A매치 데뷔전을 치른 이래로 지금까지 통산 112경기를 뛰었다. 이 기간에 78골(19도움)을 넣으면서 역대 잉글랜드 국가대표팀 최다 득점자로 기록되어 있다. 이 기간 월드컵과 유럽축구선수권대회(유로) 등 굵직굵직한 메이저 대회도 여러 차례 참가했다. 그러나 케인은 토트넘과 잉글랜드 국가대표팀에서 번번이 우승에 실패하면서 좌절을 겪었다. 결국 2023년 우승에 도전하기 위해 바이에른 뮌헨으로 적을 옮겼다. 이후 지금까지 주전으로 활약하며 모든 대회에서 114경기 동안 109골(29도움)을 기록 중이다. 또 그토록 간절히 바라던 트로피도 들어 올렸다. 사진 = 게티이미지, 소셜네트워크서비스(SNS) 캡처",https://v.daum.net/v/beHnOhJ6RZ,골닷컴,2025.11.26 14:36
'알론소 때문에 떠나겠다'...'감독과 불화'→끝내 레알 마드리드와 재계약 거절! 맨체스터 시티행 급부상,"[마이데일리 = 노찬혁 기자] 비니시우스 주니어가 레알 마드리드의 재계약 제의를 거절했다. 글로벌 매체 ‘디 애슬레틱’은 24일(이하 한국시각) “비니시우스는 사비 알론소 감독과의 관계가 여전히 극도로 악화된 상황에서 계약을 연장하고 싶지 않다는 뜻을 레알 마드리드에 전달했다”고 보도했다. 2018-19시즌 레알 마드리드로 이적한 비니시우스는 2019-20시즌부터 주전 자리를 잡았다. 2021-22시즌 22골 16도움을 기록하며 라리가와 유럽축구연맹(UEFA) 챔피언스리그(UCL) 우승을 이끌었다. 2022-23시즌에는 23골 19도움으로 커리어 하이를 달성했고, 2023-24시즌에도 24골 11도움을 기록하며 국제축구연맹(FIFA) 올해의 선수상을 수상했다. 그러나 올 시즌 알론소 감독 부임 이후 상황이 급변했다. 비니시우스는 핵심 자원으로 활약 중이지만 교체 투입되는 일이 잦아졌고, 최근 엘체전에서는 선발 명단에서 제외되기도 했다. 불화설이 본격적으로 불거진 것은 지난달 27일 바르셀로나전이었다. 후반 27분 호드리구와 교체되자 비니시우스는 “감독님, 나를 교체한다고요? 맨날 나만 교체된다. 팀을 떠나는 게 낫겠다”라고 불만을 표시했다. 결국 재계약까지 거절했다. ‘디 애슬레틱’은 “지난달 말 비니시우스와 플로렌티노 페레스 회장 간의 대화에서 이 메시지가 전달됐으며, 연장 협상은 지난 1월 시작됐으나 합의에 이르지 못해 중단됐다”고 전했다. 또한 “비니시우스는 알론소와의 관계 때문에 지금은 계약 연장이 최선이 아니라고 밝혔다. 이 입장은 변함이 없으며, 비니시우스 측은 알론소에 대한 불만을 여러 차례 전달해왔다”고 덧붙였다. 최근 레알 마드리드 선수단의 내부 불만도 폭발한 것으로 알려졌다. 스페인 ‘겟 풋볼 뉴스 스페인’은 “점점 더 많은 레알 마드리드 선수들이 사비 알론소 감독을 가능한 한 빨리 경질해야 한다고 생각하고 있다”고 보도했다. 현재 비니시우스는 맨체스터 시티의 관심을 받고 있다. 영국 ‘풋볼 인사이더’는 “잉글랜드 프리미어리그(EPL)의 여러 구단이 비니시우스를 주시하고 있으며 맨시티도 포함되어 있다”고 언급했다.",https://v.daum.net/v/VN7wH5EosW,마이데일리,2025.11.26 14:36
"""뮌헨에 남을지 아직 몰라"" 케인, 진짜 EPL 복귀하나 ""재계약 논의 후 결정할래""... EPL 최다골 경신 욕심","[스타뉴스 | 박재호 기자] 해리 케인(32)이 바이에른 뮌헨에 남을지 확실하지 않다. 케인은 최근 독일 '빌트'와의 인터뷰에서 ""난 (이적에 대해) 누군가와 전혀 얘기하지 않았다. 뮌헨과 미래에 대해 논의한 적 없지만, 현재 상황이 매우 편안할 뿐이다""라고 말했다. 최근 케인을 향해 바르셀로나 이적과 잉글리시 프리미어리그(EPL) 복귀설이 돌았다. 영국 '가디언'은 ""바르셀로나가 로베르트 레반도프스키의 이상적인 대체자로 케인을 꼽았다""라며 ""바이아웃은 5700만 파운드(약 1097억원)에 이른다. 케인은 뮌헨에서 계약이 끝나도 더 뛸 수 있다는 의향을 드러냈다. 하지만 명문 바르셀로나가 유혹하면 흔들릴 수 있다""고 전했다. 케인과 뮌헨의 계약 기간은 오는 2027년까지다. 케인은 ""뮌헨과 미래에 대해 논의한 건 아니다. 하지만 서두를 필요 없다. 뮌헨에서 정말 행복하기 때문이다. 내가 플레이하는 방식을 보면 보이지 않는가?""라며 당장 이적할 가능성은 크지 않다고 밝혔다. 그러면서도 여지를 남겼다. 케인은 ""설령 다른 팀과 접촉이 있었다면 어떻게 될지 지켜봐야 하지만 지금은 새로운 상황을 생각하고 이야기할 때도 아니다""라며 ""앞으로 몇 달 내에 뮌헨과 (재계약을) 논의할 것이고, 이후 내 미래에 가장 좋은 쪽으로 결정하겠다""고 말했다. 케인은 2023년 뮌헨 이적 후 두 시즌 연속 분데스리가 득점왕에 올랐다. 지난 시즌에는 분데스리가 트로피를 들어 올리며 개인 최초 우승 커리어를 채웠다. 케인은 토트넘에서 10년을 뛰는 동안 리그컵 준우승(2014~2015·2020~2021시즌) 두 번과 UCL 준우승(2018~2019시즌) 한 차례를 경험했을 뿐 우승을 단 한 번도 해보지 못했다. 그토록 열망하던 우승 트로피를 올해 드디어 이룬 것이다. 우승 커리어를 이룬 케인을 향해 EPL 복귀설 보도가 쏟아지기도 했다. 명문 리버풀과 맨체스터 유나이티드, 친정 토트넘 등이 거론됐다. 축구 전문 '골닷컴'은 케인이 EPL로 돌아가려는 이유를 EPL 역대 최다골 기록 경신을 위해서라고 예상했다. 케인은 EPL 231골로 앨런 시어러(260골)에 이어 EPL 역대 득점 2위에 올라있다. 32살 케인은 축구 선수로서 전성기가 지나는 시기에 와 있고 더 늦기 전에 EPL 복귀를 원한다는 설명이다. 매체는 ""우승을 위해 뮌헨으로 온 케인은 지난 시즌 분데스리가에서 우승하며 '무관 저주'를 풀었다. 그러면서 케인의 관심은 과거 이루지 못한 EPL 기록으로 쏠렸다""고 전했다. 박재호 기자 pjhwak@mtstarnews.com",https://v.daum.net/v/V8fc13mjCB,스타뉴스,2025.11.26 14:30
"""이강인 어떻게 막나"" 손흥민, 떠나자 토트넘 '킬러' 우뚝→2G 연속골 정조준…'반전' 꿈꾸지만 또 떨고 있는 프랭크","[스포츠조선 김성원 기자]부상 병동 속에 파리생제르맹(PSG)의 핵으로 떠오른 이강인이 토트넘 사냥에 나선다. PSG는 27일 오전 5시(이하 한국시각) 프랑스 파리의 파르크 데 프랭스에서 토트넘(잉글랜드)과 2025~2026시즌 유럽챔피언스리그(UCL) 리그 페이즈 5차전을 치른다. 두 팀은 지난 8월 14일 유럽축구연맹(UEFA) 슈퍼컵에서 격돌했다. PSG는 UCL, 토트넘은 유로파리그 챔피언 자격으로 무대에 올랐다. 토트넘이 2-0으로 리드하다 PSG에 후반 막판 2골을 허용했다. 이강인이 후반 40분 만회골을 작렬시켰다. PSG는 승부차기에서 4-3으로 승리해 우승 트로피를 들어올렸다. 이강인은 4번째 키커로 나서 골을 성공시켰다. 3개월여 만의 재대결이다. PSG은 이번 시즌 UCL에서 3승1패, 토트넘은 2승2무를 기록 중이다. 이강인의 발끝에 다시 관심이 모아진다. 최근 상승세가 매섭다. 우스만 뎀벨레, 데지레 두에, 아치라프 하키미 등이 부상으로 전력에서 이탈했다. 그 빈자리에 이강인이 정점에 있다. 그는 23일 르 아브르전에서 선제 결승골로 리그 1호포를 폭발시키며 3대0으로 완승을 이끌었다. PSG는 리그에서 3연승을 포함해 7경기 무패(4승3무)를 질주 중이다. 이강인의 득점에 팬들은 ""LEE""를 연호하며 환호했다. 11월 들어 발끝이 뜨겁다. 그는 지난 5일 바이에른 뮌헨(독일)과의 유럽챔피언스리그, 10일 리옹과의 리그1 경기에서 절묘한 어시스트를 배달했다. 두 경기 연속 공격포인트를 쌓았다. A매치 기간 홍명보호에 호출된 이강인은 가나와의 친선경기에서는 이태석(아우스트리아 빈)의 결승골을 도왔다. 그는 A매치 브레이크 후 재개된 첫 경기에서 득점포를 가동하며 상승 분위기를 이어갔다. 이강인은 올 시즌 슈퍼컵, UCL 포함해 2골 2도움을 기록 중이다. 프랑스 '르 파리지앵'은 24일 '이강인은 하키미, 뎀벨레, 두에가 없어 창의력이 떨어진 PSG에서 공격을 주도하고 있다'며 '루이스 엔리케 감독은 이강인의 실력을 의심한 적이 없다. 다만 그의 투지를 되찾기 위한 질문을 이강인에게 던졌다. 이강인은 짧은 시기 동안 몇가지 답을 찾았고, 이적을 원했던 시즌 초와 달리 긍정적인 마음가짐과 헌신을 보여주고 있다'고 평가했다. 그리고 '이강인은 모든 일이 잘되면 엄청난 플레이를 보여주지만 그렇지 않으면 쉽게 흐름을 잃을 수 있는 독특한 성격을 갖고 있다'며 '이강인은 현재 활약이 마요르카 시절과 PSG 이적 후 첫 6개월 동안 보다 못하다고 생각하고 있다. 하지만 몇주 뒤면 이강인이 생각하는 최고 수준에 도달할 수 있을 것'이라고 강조했다. 토트넘은 24일 최대 라이벌인 아스널과의 '북런던 더비'에서 1대4로 완패한 아픔이 크다. 토마스 프랭크 토트넘 감독은 PSG 공식기자회견에서 ""난 항상 경기력이 가장 중요하다고 생각한다. 아스널전에선 그런 일은 일어나지 않았다. 세컨드 볼 상황에서 53차례나 맞붙었다. 그 중 17차례만 우리가 이겼고, 36차레는 졌다. 이런 경기에서 이기는 건 정말 어렵다""면서도 ""우리는 원정에서 유럽 최고의 팀 중 하나인 PSG와 맞붙는다. 100% 이겨낼 수 있는 좋은 도전이다. 좋은 성과로 다시 일어설 수 있을 거라고 확신한다""고 자신감을 나타냈다. 김성원 기자 newsme@sportschosun.com",https://v.daum.net/v/5zjJvWaepK,스포츠조선,2025.11.26 14:29
"'독일 명문' 도르트문트, 한국에 공식 아카데미 개설…'前 국가대표' 박주호와 협업","(엑스포츠뉴스 권동환 기자) 독일 분데스리가 명문 구단 보루시아 도르트문트가 전 국가대표 박주호와 파트너십을 체결해 대한민국에 첫 공식 아카데미를 개설했다. 독일 분데스리가의 국내 언론홍보를 담당하고 있는 인사이트 커뮤니케이션즈는 26일 ""보루시아 도르트문트가 국내에서 처음으로 글로벌 유소년 육성 프로그램인 도르트문트 인터내셔널 아카데미 코리아를 공식 개설했다""라고 밝혔다. 이어 ""이를 통해 국내 유소년 선수들을 대상으로 도르트문트의 철학과 훈련 방식을 바탕으로 한 연중 상시 교육 프로그램을 제공할 예정이다. 아카데미는 수원월드컵경기장 인근에 위치해 있다""라고 덧붙였다. 이번 아카데미 개설은 전 국가대표 선수이자 도르트문트 출신인 한국 축구 레전드 박주호와의 협업을 통해 이뤄졌다. 프로 은퇴 후 유소년 육성에 힘써온 박주호는 도르트문트와 함께 초보 단계의 어린 선수부터 경쟁력을 갖춘 유망주까지 누구나 안정적으로 성장할 수 있는 교육 환경을 조성해 나갈 계획이다. 보루시아 도르트문트 아카데미의 베네딕트 숄츠 총괄은 ""축구에 대한 열정이 높고, 도르트문트와 오랜 인연을 이어온 한국에 공식 아카데미를 개설하게 되어 매우 뜻깊게 생각한다""라며 소감을 전했다. 더불어 ""한국의 축구 유망주들이 도르트문트의 체계적인 훈련 시스템과 팀워크, 그리고 축구의 본질적인 즐거움을 담은 도르트문트만의 철학을 경험할 수 있기를 바란다""라며 ""특히 유소년 육성에 강한 의지를 가진 박주호와 함께하게 되어 더욱 의미가 크다""라고 했다. 도르트문트 인터내셔널 아카데미는 단순한 기술 훈련을 넘어 팀워크와 협력, 스포츠맨십, 경기 본연의 즐거움 등 도르트문트가 강조하는 핵심 철학을 기반으로 운영된다. 또한 도르트문트 코칭 시스템을 적용한 전문적인 지도 아래, 축구 기술은 물론 인성과 사회적 역량까지 균형 있게 성장시킬 수 있는 체계적인 교육 프로그램을 제공한다. 아카데미 운영을 맡은 박주호 총괄은 ""도르트문트 인터내셔널 아카데미 코리아 운영을 맡게 된 것은 개인적으로도 매우 뜻깊은 일""이라며 ""프로 선수 생활을 마친 뒤, 축구를 통해 쌓아온 경험과 배움을 어린 선수들과 나누고 싶은 마음이 컸다""라고 설명했다. 그러면서 ""유소년 선수들이 기술 향상은 물론 서로에 대한 존중, 팀워크, 끈기 등을 배우며 성장할 수 있는 환경을 만들어가겠다. 도르트문트의 철학 아래 미래의 선수들이 어떻게 성장해 나갈지 기대된다""라며 기대감을 드러냈다. 아카데미 개설을 기념해 지난 24일 개최한 개막 축구 캠프에는 보루시아 도르트문트 인터내셔널 아카데미 본사 코치 2명이 직접 참여했다. 캠프에 참가한 유소년 선수들은 도르트문트의 세계적인 트레이닝을 체험하며, 아카데미가 추구하는 핵심 가치를 미리 경험하는 시간을 가졌다. 도르트문트는 축구에 대한 한국의 열정과 잠재력을 높이 평가하며, 이번 아카데미 개설이 전 세계 유소년 축구 발전을 위한 도르트문트의 글로벌 비전을 실현하는 데 있어 중요한 전환점이 될 것으로 기대하고 있다. 사진=인사이트 커뮤니케이션즈 제공 권동환 기자 kkddhh95@xportsnews.com",https://v.daum.net/v/tNy1vWae59,엑스포츠뉴스,2025.11.26 14:18
"'쏘니의 영원한 주장' 공식 발표, 은퇴설 종식 ""LAFC 잔류""...1년 더 SON과 함께, 손흥민과 11번째 시즌 준비","[스포츠조선 김대식 기자]손흥민의 동료 위고 요리스는 다음 시즌에도 LAFC에서 뛸 예정이다. LAFC는 지난 23일(한국시각) 캐나다 밴쿠버의 BC 플레이스에서 열린 벤쿠버 화이트캡스와의 미국 메이저리그사커(MLS) 서부 콘퍼런스 준결승 경기에서 2대2로 무승부를 거뒀지만 승부차기에서 패배해 시즌을 마무리했다. 손흥민을 영입하면서 엄청난 화제가 됐떤 LAFC지만 플레이오프에서 성공적인 여정을 만들어내지 못하면서 차기 시즌을 준비해야 한다. 다음 시즌을 앞두고 LAFC는 변화가 예정된 상태다. 지난 4년 동안 LAFC를 이끌던 스티븐 체룬돌로 감독이 팀을 떠나기 때문이다. 체룬돌로 감독과 함께 이탈이 예상됐던 선수가 바로 요리스였다. 요리스는 2024년 1월 이적시장에서 LAFC 유니폼을 입었다. LAFC로 이적하자마자 바로 주전 자리를 차지한 요리스는 이번 시즌에도 충분히 건재한 모습을 보여줬다. 종종 나오는 어처구니 없는 실수는 있지만 불혹의 나이를 바라보는 골키퍼처럼 느껴지지는 않는다. 요리스는 이번 시즌까지 LAFC와 계약된 상태라 시즌 후에 혹여나 은퇴를 하지 않을까 하는 이야기가 나왔다. 하지만 요리스는 다음 시즌에도 LAFC에서 뛰겠다고 직접 밝혔다. LAFC 전담 기자인 셀소 올리베이라는 지난 23일 경기 후 개인 SNS를 통해 ""요리스는 다음 시즌 복귀를 확정했다. LAFC를 클럽으로서 한 단계 더 발전시킨 체룬돌로 감독을 칭찬했으며 그는 스스로를 '프로젝트의 일부'라고 생각한다. LAFC 선수로 은퇴할 가능성이 높다""고 보도했다. 스포츠 매체인 원풋볼에서도 '요리스는 2026년까지 LAFC에 남겠다고도 밝혔다. 현재 39세인 그는 다음 시즌이 자신의 마지막 프로 선수 생활이 될 수 있다. 그는 LAFC의 최근 12경기 중 10경기에 출전했으며, 시즌 막판 동안 클린시트 2회와 20개의 선방을 기록했다. 구단은 그의 계약에 옵션을 가지고 있으며, 요리스는 LA에서 편안함을 느낀다고 말했다'고 전했다. LAFC는 요리스의 계약을 1년 연장할 수 있는 조항을 발동할 것으로 예상된다. 요리스가 은퇴할 생각을 가지고 있었다면 다른 이야기가 나왔겠지만 요리스가 직접 LAFC에서 더 뛰겠다고 말했기 때문에 LAFC 입장에서는 계약을 연장하지 않을 이유가 없다. 체룬돌로 감독이 떠나면서 리더십 공백이 생긴 상황 속, 요리스의 계약 연장은 손흥민에게도 큰 힘이 될 것으로 예상된다. 요리스는 2015년 손흥민이 토트넘으로 이적했을 때부터 동료가 됐다. 21세기 프랑스 최고의 골키퍼로 평가받는 요리스는 토트넘의 주장으로서 손흥민과 함께 토트넘의 전성기를 이끈 주역이었다. 2020년 두 선수가 경기장 안에서 충돌하는 불미스러운 일이 있었지만 이 사건이 두 선수의 우정에 문제를 일으키지는 않았다. 2024년 요리스가 토트넘을 떠나 LAFC로 향해 잠시 떨어졌던 두 선수지만 손흥민이 LAFC로 이적하면서 다시 동료가 됐다. 다음 시즌에도 손흥민과 함께 할 요리스다.",https://v.daum.net/v/3V4n6xFYpp,스포츠조선,2025.11.26 14:18
"A매치 첫 적신에도 유예 처분...호날두, 월드컵 조별리그 첫 경기 출전 가능","크리스티아누 호날두가 조건부 징계로 2026 북중미 월드컵 조별리그 첫 경기에 출전하게 됐다. BBC는 26일 호날두가 3경기 정지 중 2경기를 유예 받았다고 보도했다. 호날두는 A매치 226번째 경기에서 첫 적신카드를 받았다는 점이 징계 경감의 배경이다. 결과적으로 1경기 징계만 이행한 셈이다. 월드컵 본선 초전 출전은 문제없으나 유예 기간 동안 비슷한 규칙 위반을 저지르면 남은 징계가 즉시 집행된다. FIFA는 ""유사한 성격과 중대성의 파울 재발 시 유예 징계가 즉각 효력을 발동하며 2경기 출장 정지가 바로 실행된다""고 명시했다. 호날두의 적신 사건은 지난 14일 더블린에서 벌어졌다. 월드컵 예선 F조 5차전에서 호날두는 유니폼을 잡아당기는 수비수 다라 오셰이를 밀어내며 팔꿈치를 내밀었다. 주심은 초반에 옐로카드를 제시했으나 VAR 검토 후 온필드 리뷰를 거쳐 퇴장을 선언했다. 호날두는 16일 아르메니아전 6차전 최종전에 출장하지 못했다. 포르투갈은 그를 빼고도 아르메니아를 9-1로 격파해 조 1위와 북중미행 티켓을 확보했다. 호날두는 이번 월드컵을 마지막 무대로 설정했으며, 통산 6번째 월드컵 본선 진출을 이루게 된다. [이신재 마니아타임즈 기자 / 20manc@maniareport.com] 기사제보 및 보도자료 report@maniareport.com",https://v.daum.net/v/8ZZR24XSZZ,마니아타임즈,2025.11.26 14:17
'충격' 이강인이 없다...UCL 토트넘전 다시 벤치 전락 전망→19살 선수에 밀리나,"[인터풋볼=신동훈 기자] 이강인이 다시 벤치에 앉을 거라는 전망이 나왔다. 파리 생제르맹(PSG)은 27일 오전 5시(한국시간) 프랑스 파리에 위치한 파르크 데 프랭스에서 열린 2025-26시즌 유럽축구연맹(UEFA) 챔피언스리그(UCL) 리그 페이즈 5라운드에서 토트넘 홋스퍼와 대결한다. PSG는 3승 1패로 승점 9를 획득해 7위에 올라있다.  프랑스 '풋 메르카토'는 PSG의 토트넘전 예상 선발 명단을 공개했다. 우스만 뎀벨레, 데지레 두에 등이 여전히 제 컨디션이 아닌 가운데 공격진은 흐비차 크바라츠헬리아-세니 마율루-브래들리 바르콜라가 구성했다. 중원엔 파비안 루이스-주앙 네베스-비티냐가 위치했다.  이강인은 없었다. 이강인의 최근 활약을 고려하면 놀라운 일이었다. 이강인은 올 시즌 들어 놀라운 모습을 보이고 있다. 벤치 자원으로 평가돼 여름 이적시장 이탈이 유력해 보였던 이강인은 잔류를 했다. 토트넘과의 UEFA 슈퍼컵에서 골 넣고 활약을 하더니 계속해서 선발로 나서 좋은 모습을 보였다.    프랑스 '소풋'은 ""이번 시즌 초반 이강인의 결정적인 교체 출전들은 한 가지를 증면한다. 이강인은 한 번도 못 한 적이 없었고 단지 잘못 평가받았을 뿐이다""라며 ""이강인은 언론에서도, 믹스트존에서도 비판에 대응하지 않았다. ""이강인의 왼발은 이번 시즌 PSG가 흔들릴 때 경기 흐름을 조율하며 막힌 길을 뚫었다. 그의 왼발은 점점 더 인정받는 은밀한 무기가 됐다""라며 ""이강인은 소음을 일으키지 않는다. 자리 잡고 경기에서 결정을 내린다. 그의 교체 출전은 이제 두려움의 대상이다. 이강인은 조용하지만 필수적인 선수의 모범으로 남았다. 팀을 위해 모든 행동을 기회로 바꾸고, 영향력이 반드시 골이나 어시스트로 측정되지 않음을 보여준다. 이강인은 스포트라이트를 필요로 하지 않는다. 단지 모든 비평가에게 자신이 PSG에서 당당히 자리 잡았음을 보여준다""고 평가했다.  직전 경기였던 르 아브르전에서 시즌 1호 골을 터트리면서 더 분위기를 끌어올렸다. 프랑스 '르 파리지앵'은 ""이강인은 PSG 내 중요 선수로 자리를 잡았다. 이강인은 니스, 바이에른 뮌헨, 리옹과 대결에 이어 르 아브르전에서도 골을 터트리면서 자신감과 행복을 되찾았다. 이강인 활약은 엔리케 감독에게 큰 도움이 될 것이다. 계속 이강인의 다재다능함을 활용하려고 할 것이다""고 했다""고 조명했다.  토트넘전 출전이 예고됐다. 영국 '트리뷰나'는 PSG 팬들의 반응을 전했는데 한 팬은 ""가짜 9번이든 오른쪽에서든 선발로 나올 것으로 본다. 흐비차가 가짜 9번이 될 수도 있지만, 어쨌든 이강인은 토트넘전에 나올 거다""라고 했고 또 다른 팬은 ""르 아브르전 55분 만에 이강인을 뺀 건 토트넘전 선발 출전을 위해서다""라고 언급했다.  영국 매체들도 이강인이 토트넘전에서 선발로 나올 거라고 했다. 하지만 '풋 메르카토'는 이강인이 다시 벤치로 내려갈 것으로 봤다. 바르콜라가 우측으로 이동하고 좌측에 흐비차가 나서고 마율루 제로톱이 다시 활용될 거라고 전망했다. 중원에도 이강인은 없었다. 엔리케 감독이 이강인을 조커로 쓸지 지켜볼 일이다. ",https://v.daum.net/v/YjUOjk4qu6,인터풋볼,2025.11.26 14:16
"슬롯 리버풀 감독 ""EPL 7경기 중 6패? UCL 3승이라고도 할 수 있다""","[스포츠투데이 신서영 기자] 아르네 슬롯 감독이 최근 리버풀의 부진에도 희망을 잃지 않았다. 리버풀은 27일(한국시각) 영국 리버풀의 안필드에서 2025-2026 유럽축구연맹(UEFA) 챔피언스리그(UCL) 리그 페이즈 5라운드 PSV 에인트호번(네덜란드)과 홈경기를 치른다. 리버풀은 최근 심각한 부진에 빠져있다. 지난 23일 안방에서 열린 프리미어리그(EPL) 12라운드 노팅엄 포레스트전에서 0-3으로 완패했고, 최근 리그 7경기에서 6경기를 패했다. 현재 리버풀은 프리미어리그에서 6승 6패(승점 18)로 12위에 그쳐 있다. 챔피언스리그에선 3승 1패(승점 9)로 10위에 올라 있다. ESPN에 따르면 슬롯 감독은 이날 경기를 앞두고 열린 기자회견에서 최근 부진에 대해 ""믿을 수가 없다. 우리가 이런 터무니없는 성적을 내다니 변명조차 할 수 없다. 나도, 구단도, 모두가 예상치 못한 일""이라고 털어놨다. 이어 ""이런 상황은 정말 좋지 않다. 그건 확실하다. 솔직히 말해서 우리의 전술과 선수들의 실력을 고려했을 때 이런 부진에 빠질 줄은 몰랐다. 이렇게 많은 걸 잃을 줄은 상상도 못했다. 프리미어리그 7경기 중 6경기를 졌다""고 덧붙였다. 그러면서도 ""리버풀은 어려워질수록 하나가 되는 팀이다. (UCL까지) 지난 4경기에서 2번 졌고, UCL에서는 3번 이겼다고 할 수 있다. 어떻게 될지는 두고 봐야겠지만 리버풀에서 기대했던 수준보단 낮은 건 맞다. 당연히 내 책임이고, 죄책감도 느낀다""고 이야기했다. [스포츠투데이 신서영 기자 sports@stoo.com]",https://v.daum.net/v/Qf60YXcnS2,스포츠투데이,2025.11.26 14:15
"'PL 승격 도전' 배준호, 행운의 2호 어시스트! 스토크, '춘추전국' 챔피언십서 2위 도약","[풋볼리스트] 김진혁 기자= 배준호가 행운의 어시스트를 추가했다. 소속팀도 2위로 도약하며 승격 도전을 이어가고 있다. 26일(한국시간) 영국 스토크온트렌트의 베트365 스타디움에서 2025-2026 잉글랜드 챔피언십(2부) 17라운드를 치른 스토크시티가 찰튼애슬레틱에 3-0 승리를 거뒀다. 이로써 스토크는 승점 30점째를 확보하며 2위로 도약했다. 배준호가 2경기 연속 공격 포인트를 올렸다. 배준호는 지난 23일 레스터시티와 16라운드에서 선발 출전해 후반 3분 시즌 1호골을 기록했다. 애슐리 필립스가 올려 준 공을 받아 문전쇄도한 배준호가 헤딩으로 마무리했다. 배준호의 추격골에도 스토크는 레스터에 2-1 패배를 당했다. 이날 경기에서는 배준호의 공격 포인트가 스토크의 승리로 이어졌다. 가운데 공격형 미드필더로 출전한 배준호는 드리블 돌파를 통해 직접 공을 전방으로 운반하고 좋은 패스로 공격 작업의 시발점 역할을 하는 등 준수한 활약을 펼쳤다. 경기 초반에는 행운의 도움도 하나 적립했다. 스토크는 전반 3분 소르바 토마스의 선제 골로 리드를 잡았다. 이어 2분 뒤 배준호가 직접 공을 몰며 중원부터 전진했다. 미드필더 두 명을 등 뒤에 둔 채 배준호는 왼쪽 측면에 있던 밀리언 만호프에게 공을 연결했고 박스 안으로 뛰어 들어갔다. 만호프는 한 템포 늦춘 후 안쪽으로 접어 오른발 크로스를 구사했는데 크로스가 동료 공격수 머리에 맞지 않고 그대로 골문 안으로 들어갔다. 상대 골키퍼 역시 공격수 헤더 동작에 속아 크로스에 제대로 반응하지 못했다. 이후 스토크는 전반 34분 토마스의 쐐기 골까지 힘입어 찰튼은 제압했다. 이날 배준호는 1도움 포함 풀타임을 뛰며 양 팀 통틀어 경기 중 가장 많은 기회 창출 3회를 기록했다. 그밖에도 패스 성공률 91%(29/32), 슈팅 1회, 공격 지역 패스 1회, 리커버리 5회, 지상 볼 경합 성공 1회 등 활약하며 축구 통계 매체 '폿몹' 기준 AI 평점 7.8점을 받았다. 승점 3점을 추가한 스토크는 2부 2위로 도약했다. 올 시즌 2부는 마치 춘추전국시대처럼 팽팽한 경쟁 상태다. 1위 코벤트리시티가 승점 40점으로 독주 체제를 갖춘 가운데 2위 스토크부터 13위 레스터(승점 24)까지 승점 6점 차밖에 나지 않는다. 스토크도 승점 30점으로 미들즈브러와 같지만, 득실 차에서 앞서있다. 배준호가 스토크 합류 3시즌 만에 PL 승격을 이룰 수 있을지 주목된다. 배준호는 대전하나시티즌을 떠나 2023-2024시즌 스토크에 첫 합류해 리그 38경기 2골 5도움을 기록하며 '스토크의 왕'이라는 칭호를 얻었다. 이듬해에도 45경기 3골 5도움을 올리며 준수했다. 새로 부임한 마크 로빈스 감독 체제에서 확고한 주전 공격형 미드필더로 자리매김한 배준호는 올 시즌 15경기 1골 2도움을 기록 중이다. 사진= 게티이미지코리아",https://v.daum.net/v/59xCrORfCj,풋볼리스트,2025.11.26 14:14
"‘강제 어시스트’ 스토크 배준호, 동료의 환상 득점으로 2호 도움→“이 악물고 전진했다” 호평","잉글랜드 풋볼리그(EFL) 챔피언십(2부리그) 스토크 시티 배준호(22)가 시즌 2호 어시스트를 올렸다. 동료의 놀라운 득점으로 인해 쌓인 행운의 어시스트였으나, 현지 매체는 그의 공격성을 호평했다. 배준호는 26일(한국시간) 영국 스토크온트렌트의 베트365 스타디움에서 열린 찰턴과의 2025~26 챔피언십 17라운드 홈경기서 선발 출전, 1도움을 올리며 팀의 3-0 승리에 기여했다. 스토크는 이날 승리로 2연패에서 탈출하며 2위(승점 30)가 됐다. 1위 코번트리 시티(승점 40)와 격차는 승점 10점이다. 지난 23일 레스터시티전에서 시즌 마수걸이 골을 신고한 배준호는 이날 2호 도움도 올렸다. 그는 지난 8월 셰필드 웬즈데이와의 2라운드 이후 도움을 추가하지 못하는 등 공격 포인트 생산에 어렴움을 겪었는데, 3달 만에 도움을 추가했다. 이번 배준호의 어시스트는 다소 행운이 따랐다. 그는 팀이 2-0으로 앞선 전반 34분 윙어 소버 토마스에게 공을 건넸다. 이때 토마스가 먼 거리에서 문전으로 크로스를 올렸는데, 공은 선수들과 골키퍼를 절묘하게 지나쳐 골라인을 넘었다. 앞서 전반 3분 선제골을 터뜨린 토마스의 추가 득점이 인정됐다. 마지막 패스를 건넸던 배준호는 어시스트를 인정받았다.  토마스, 밀리언 만호프의 득점을 앞세워 전반을 3-0으로 마친 스토크는 후반에도 리드를 지키며 연패 탈출에 성공했다. 2경기 연속 공격 포인트를 작성한 배준호의 올 시즌 기록은 16경기 1골 2도움이 됐다. 그는 최근 리그 3경기 연속 풀타임 활약 중이다. 이날 경기에선 패스 성공률 91%(29/32), 키 패스 3회, 슈팅 1회, 공격 지역 패스 1회, 볼 경합 승리 1회, 리커버리 5회, 피파울 1회 등을 기록했다. 같은 날 스토크 소식을 다루는 ‘스토크 온 트렌트라이브’는 배준호에게 평점 8점을 주며 “이를 악물고, 공을 몰고 전진했다”고 호평했다. 경기 뒤 마크 로빈스 스토크 감독은 BBC 라디오 스토크를 통해 “우리는 단순하게 플레이했고, 그것이 우리가 득점한 방식”이라면서 “승리는 정말 당연하고 정당한 결과라고 생각한다. 최고의 퍼포먼스였다고 보긴 어렵지만, 3골을 넣고 실점하지 않으며 승점 3점을 얻었다”며 기뻐했다. 김우중 기자",https://v.daum.net/v/zzChMdUZE9,일간스포츠,2025.11.26 14:01
"'특혜두' 호날두, 팔꿈치 가격→출전 정지 징계 '집행유예'…""전례 없는 결정, 정상적이지 않다""","[SPORTALKOREA] 배웅기 기자= 전례 없는 특혜다. 미국 매체 '디 애슬레틱'은 26일(이하 한국시간) ""크리스티아누 호날두(포르투갈·알 나스르 FC)가 2026 국제축구연맹(FIFA) 북중미 월드컵 출전 정지를 피했다. FIFA는 그에게 3경기 출전 정지 징계를 내렸으나 아르메니아전(9-0 승리)을 제외한 마지막 2경기는 1년간 유예됐다""고 보도했다. 호날두는 지난 14일 아일랜드 더블린 아비바 아레나에서 열린 아일랜드와 2026 월드컵 유럽 예선 F조 10차전 원정 경기(0-2 패)에서 다라 오셰이(입스위치 타운 FC)에게 팔꿈치를 휘둘러 퇴장당했다. 자동으로 1경기 출전 정지 징계를 받은 호날두는 이어진 아르메니아전에 나서지 못했다. FIFA 징계위원회는 호날두에게 3경기 출전 정지 처분을 내렸으나 1년간 유예를 적용했다. FIFA 징계 규정 제27조에 의거한 결정이나 흥행을 의식한 '특혜'라는 논란이 끊이지 않고 있다. 매체에 따르면 호날두가 A매치 226경기 만에 퇴장을 당한 게 집행유예의 근거로 작용했다. 영국 매체 '스카이스포츠'의 카베 솔헤콜 기자는 26일 ""정상적인 상황이라면 호날두는 2026 월드컵 첫 2경기에 출전하지 못해야 한다. 그러나 포르투갈의 슈퍼스타에게 정상적인 일이란 없다""며 ""그의 수많은 팬은 호날두가 다른 대우를 받는 게 당연하다고 말할 것""이라고 밝혔다. 그러면서 ""호날두의 퇴장은 A매치 통산 226경기 중 처음 발생한 것이나 규정은 규정이다. 심각한 파울은 2경기 출전 정지, 폭력 행위는 3경기 출전 정지를 받아야 한다. 부인할 수 없는 사실은 이 전례 없는 결정이 FIFA와 그 모두에게 유리하다는 것""이라고 소신 발언을 내놓았다. 사진=게티이미지코리아",https://v.daum.net/v/X8P1YXcnLi,스포탈코리아,2025.11.26 13:55
“야말을 주머니 속에 넣고 다니던데요?”…대표팀 동료라고 봐주지 않았던 '9살 많은 선배',"[포포투=박진우] 라민 야말을 완벽하게 제압한 마크 쿠쿠렐라. 최고의 찬사를 받았다. 첼시는 26일 오전 5시(한국시간) 영국 런던에 위치한 스탬포드 브릿지에서 열린 2025-26시즌 유럽축구연맹(UEFA) 챔피언스리그(UCL) 리그 페이즈 5차전에서 FC 바르셀로나에 3-0 완승을 거뒀다. 이로써 첼시는 3승 1무 1패로 4위를 기록했다. 전반부터 압도한 첼시였다. 전반 27분 마크 쿠쿠렐라의 컷백 크로스를 페드루 네투가 다이렉트 슈팅으로 연결했는데, 공은 페란 토레스의 발에 맞고 그대로 골문 안으로 향했다. 첼시는 전반 44분 바르셀로나 도날드 아라우호의 퇴장으로 수적 우위를 안으며 전반을 마무리했다. 10명의 바르셀로나를 완벽하게 꺾었다. 후반 10분 박스 우측에서 공을 잡은 에스테방이 환상적인 돌파 이후 강력한 오른발 슈팅으로 골망을 열었다. 후반 28분 리암 델랍의 추가골까지 더해, 3-0 완승으로 경기를 매듭지었다. 이날 첼시의 화력도 돋보였지만, 바르셀로나를 꽁꽁 묶은 수비도 인상적이었다. 그 중에서도 쿠쿠렐라의 활약이 빛났다. 경기 내내 야말을 따라 다니며 찰나의 틈도 허용하지 않는 철벽 수비를 보였다. 스페인 국가대표팀에서 함께 활약하는 야말의 플레이를 완벽하게 간파하고 있는 듯했다. 기록이 증명한다. 축구 통계 매체 ‘풋몹’에 따르면 쿠쿠렐라는 90분간 태클 5회, 차단 1회, 걷어내기 2회, 가로채기 2회, 리커버리 4회, 수비적 행동 10회, 지상 경합 성공 7회를 기록했다. 매체는 쿠쿠렐라에 평점 7.3점을 부여하며 활약을 인정했다. 팀 동료인 로베르트 산체스는 한 문장으로 쿠쿠렐라의 활약상을 정리했다. 그는 경기 후 인터뷰에서 “쿠쿠렐라는 야말을 주머니 속에 넣고 다녔다”라며 극찬했다. 글로벌 매체 ‘골닷컴’ 또한 “야말을 손쉽게 제압하고, 자신이 유럽 최고의 수비수 중 한 명인 이유를 다시 한번 증명했다”며 평점 9점을 선사했다. 박진우 기자 jjnoow@fourfourtwo.co.kr ⓒ 포포투(https://www.fourfourtwo.co.kr) 무단전재 및 재배포금지",https://v.daum.net/v/5nhSdnztn5,포포투,2025.11.26 13:46
"'37세 가봉맨' 오바메양, 여전히 날카로운 침투 후 한방! 멀티 골로 뉴캐슬 격침 선봉","[풋볼리스트] 김진혁 기자= 피에르에메릭 오바메양이 37세에도 여전한 기량을 뽐냈다. 26일(한국시간) 프랑스 마르세유의 오렌지 벨로드롬에서 2025-2026 유럽축구연맹(UEFA) 챔피언스리그(UCL) 리그 페이즈 5라운드를 치른 올랭피크마르세유가 뉴캐슬유나이티드를 2-0으로 격파했다. 이로써 마르세유는 승점 6점을 확보하며 19위로 도약했다. '가봉맨' 오바메양이 건재한 기량을 과시했다. 가봉 국적 오바메양은 전성기 시절 유럽 빅리그에서 활약한 공격수다. 생소한 국적 때문에 팬들에게 일명 '가봉맨'으로 불리며 많은 사랑을 받았다. 득점에 특화된 유형으로 빠른 발로 침투한 뒤 최소한의 터치로 꽂아넣는 마무리 능력이 발군이다. 최전성기던 아스널 시절에는 2018-2019 잉글랜드 프리미어리그(PL) 득점왕을 차지하기도 했다. 이후 나이를 먹어가며 기량이 쇠한 오바메양은 바르셀로나, 첼시, 마르세유, 알카시디야 등을 거친 뒤 올 시즌 마르세유로 다시 돌아왔다. 30대 후반으로 접어들며 체력적인 부침이 우려됐으나 올 시즌 모든 대회 15경기 8골 7도움으로 여전한 기량을 뽐내고 있다. 이날 뉴캐슬전에서도 전성기 시절이 떠오르는 순간 움직임과 마무리 능력으로 팀의 역전승을 이끌었다. 최전방 공격수로 출전한 오바메양은 뉴캐슬의 뒷공간을 지속적으로 공략하며 득점 기회를 창출했다. 마르세유는 전반 6분 하비 반스에게 선제 실점을 내주며 끌려갔지만, 후반전 오바메양의 활약으로 경기를 뒤집었다. 후반 1분 마르세유 역습 상황에서 오바메양이 오른쪽 측면 방향으로 빠져나가기 시작했다. 타이밍 맞춰 대릴 바콜라가 전진 패스를 찔렀고 질주한 오바메양은 골문을 비우고 달려 나온 골키퍼를 퍼스트 터치로 가볍게 제쳤다. 그대로 속도를 살린 오바메양은 오른쪽 측면 좁은 각도에서 절묘한 오른발 슛을 구사했고 슈팅은 왼쪽으로 살짝 꺾이면서 골문으로 흘러 들어갔다. 오바메양의 감각이 돋보이는 장면이었다. 4분 뒤 오바메양이 골 냄새를 또다시 맡았다. 티모시 웨아가 오른쪽 측면에서 티노 리브라멘토를 제치며 크로스 각도를 열었다. 이내 문전으로 강한 크로스를 붙였는데 수비진 사이에서 오바메양이 순간 튀어나와 가까운 쪽 포스트에서 공을 꺾어 골문 상단으로 차 넣었다. 오바메양의 멀티 골로 마르세유는 역전 승을 거뒀다. 경기 후 로베르토 데 제르비 감독은 베테랑 오바메양에 대해 입이 마르도록 칭찬했다. ""하프타임에는 매우 차분하고 여유로웠다. 계속 그렇게 플레이하면 우리가 이길 거라고 말했고 긍정적인 느낌이 들었다. 증명할 수 있는 건 아무것도 없다. 오바메양의 유일한 결점은 37세라는 점이다. 정말 훌륭한 챔피언이기 때문에 10년은 더 뛸 수 있길 바란다""라고 치켜세웠다. 사진= 게티이미지코리아, 아프리카축구연맹 홈페이지 캡처",https://v.daum.net/v/XUEAKVGhlj,풋볼리스트,2025.11.26 13:45
"무법자 호날두, 'NO SHOW' 이어 'NO 징계'…트럼프 특별사면 받았나→팔꿈치 가격하고 희대의 집행유예","(엑스포츠뉴스 김정현 기자) 포르투갈 축구대표팀에서 첫 퇴장을 당한 크리스티아누 호날두가 '면죄부'블 받았다는 논란에 휪싸였다.  글로벌 스포츠 매체 '디 애슬레틱'은 26일(한국시간) 팔꿈치를 휘둘러 퇴장 징계를 받은 호날두가 FIFA 징계위원회로부터 3경기 출장 정지가 아닌 1경기 출장 정지에 나머지 2경기는 '1년간 유예' 조건을 받았다고 보도했다.  호날두는 지난 14일 아일랜드 더블린의 아비바 스타디움에서 열린 아일랜드와 포르투갈의 2026 북중미 월드컵 유럽 지역 예선 F조 경기에서 퇴장을 당했다. 호날두는 후반 14분 페널티박스 안에서 상대 다라 오셰이와 경합하는 과정에서 상대를 팔꿈치로 가격했다. 호날두는 처음에 옐로카드를 받았다. 심판이 이후 VOR실과 소통하며 온필드 리뷰를 기다리면서 아일랜드 팬들을 조롱했지만, 퇴장이 선언되자 오히려 박수를 치며 경기장을 떠났다.  매체는 ""퇴장은 호날두가 자동으로 1경기 출전 정지 징계받게 돼 아르메니아와의 월드컵 예선 최종전 출전에서 빠진다는 것을 의미했다. 하지만 징계는 FIFA 징계위원회에 의해 공격 행위가 3경기 징계로 더 길어질 가치가 있다고 판단해 연장했다""로 전했다.  그러나 징계위원회의 결정에 반전이 있었다. 매체는 ""위원회는 호날두의 마지막 2경기 징계 연장은 '1년간 보호 관찰 기간' 하에 중지될 것이라고 규정했다. 이는 그가 추가로 '비슷한 성격의 또 다른 위반 행위'를 저지르지 않는다면 추가 경기 일정에 빠지지 않을 것임을 의미한다""라고 설명했다.  FIFA 징계 코드 중 2장 14조에 보면 ""선수와 관계자는 아래에 명시된 부정행위로 인해 정지를 당한다. 팔꿈치, 주먹, 발차기, 물기, 침 뱉기 또는 경기 관계자 이외의 사람을 때리는 등의 행위로 최소 3경기 이상 혹은 적정 기간의 징계를 받아야 한다""고 명시되어 있다.  FIFA는 성명문에서 ""징계위원회는 아일랜드와의 월드컵 예선 경기에 발생한 다이렉트 레드카드로 호날두에게 3경기 출장 정지 징계를 부과한다. 첫 경기는 아르메니아와의 맞대결에 이행됐다""라며 ""징계 코드 27조에 따라 남은 2경기 징계 수행은 1년간 유예 기간 아래에 중지됐다""라고 전했다.  그러면서 ""만약 호날두가 유예 기간에 비슷한 성격의 또 다른 위법 행위를 저지른다면, 징계 결정에 명시된 정지는 자동으로 취소된 것으로 간주하며, 나머지 2경기 징계는 포르투갈 축구 대표팀의 다음 공식 경기에서 이행되어야 한다""라고 밝혔다.  FIFA는 ""이것은 새로운 침해에 대해 부과된 추가 제재에 대한 침해 없이 이루어진다. 3경기 징계는 항소위원회에 항소할 수 있다""라고 밝혔다.  호날두는 일단 레드카드로 아르메니아와의 월드컵 지역 예선 최종전에 결장했다. 이 경기를 9-0으로 이간 포르투갈은 월드컵 본선 직행을 확정했고, 호날두도 징계를 1경기로 경감받아 월드컵 본선 첫 경기부터 출장이 가능해졌다.  하지만 호날두의 징계 경감이 도널드 트럼프 미국 대통령을 백악관에서 접견한 뒤 발생하면서 특혜 논란이 불거졌다.  호날두는 지난 20일 미 백악관을 방문해 트럼프 대통령과 첫 만남을 가졌다. 호날두는 당시 사우디아라비아 무함마드 빈 살만 왕세자가 미국을 방문한 만찬 자리에 함께 참석했다.  영국 매체 '데일리 메일'은 ""호날두는 폭력적 행위에도 불구하고, FIFA가 독특한 결정을 내리면서 월드컵 출전을 허가받았다. 도널드 트럼프 미국 대통령과 회담 1주일 만에 일어난 일""이라고 보도했다. 다른 영국 매체 텔레그래프 또한 ""호날두의 월드컵 구제는 축구 팬들에 대한 모욕""이라며 ""호날두가 첫 국제 대회 퇴장이라는 이유로 징계가 감면되며 사실상 특혜받았다""고 비판했다. 그러면서 ""호날두는 최근 잔니 인판티노 FIFA 회장과 함께 백악관 행사에 초청받은 직후, FIFA로부터 예상치 못한 '월드컵 면죄부'를 받았다""며 미국 방문 후 모종의 일이 뒤에서 벌어진 것 같다고 의심의 눈초리를 보냈다.  매체는 또 ""미국이라는 세계 최도 규모의 경제권에서 열리는 월드컵의 성공은 슈퍼스타 존재 여부에 달려 있다. 축구가 아직 주류 스포츠가 아닌 나라에서 이 대회를 크게 흥행시키려면 호날두 같은 인물이 필요하다""면서 ""공정한가? 물론 아니다. 그러나 공정성은 FIFA가 월드컵을 세계에서 가장 수익성 높은 이벤트로 만들기 위해 중시하는 가치가 아니다""라고 지적했다. 이어 ""FIFA가 설명한 '포르투갈 대표팀에서 첫 래드카드였다'는 설명은 축구 팬들의 지능을 무시하는 변명""이라며 거세게 비판했다. 한편 포르투갈은 포트1에 속해 다음 달 6일 미국 워싱턴DC에 있는 케네디 센터에서 열리는 2026 북중미 월드컵 조추첨식에 대한민국과 만날 가능성이 살아 있다.  사진=연합뉴스 / 백악관 특별 비서 SNS 김정현 기자 sbjhk8031@xportsnews.com",https://v.daum.net/v/Wnd4YXcnHJ,엑스포츠뉴스,2025.11.26 13:43
"“12월 21일 런던으로 돌아간다” 손흥민,. “인사할 자격 있다”… 손흥민·토트넘, 놓쳤던 이별 드디어 완성","[OSEN=우충원 기자] 손흥민이 마침내 런던을 다시 찾는다. 오랜 시간 마음에 담아둔 ‘정식 고별 인사’가 다음 달이면 현실이 된다. 토트넘 훗스퍼 스타디움은 손흥민을 위해 특별한 자리를 마련했 팬들이 직접 작별을 전할 수 있는 공식 헌정 무대도 준비 중이다. 지난여름 전격적인 이적 이후 아쉽게도 끝맺음의 순간을 갖지 못했던 상황에서 반년 만에 제대로 인사를 나누게 됐다. 스퍼스웹은 ""12월 21일 리버풀과의 홈 경기가 손흥민의 초청 경기로 유력하다""고 전했다. 토트넘은 경기 전 프레젠테이션과 하프타임 헌정을 진행하며 손흥민을 맞이할 계획이다. 그동안 구단에서 함께 생활했던 요리사, 장비 담당, 수석 트레이너, 경기 분석관 등 수많은 스태프를 다시 만날 기회도 제공된다. 단순한 초대가 아닌, 그가 쌓아온 10년의 관계를 되돌아보는 자리다. 이 같은 움직임은 손흥민의 바람에서 출발했다. 그는 최근 한 콘텐츠 프로그램에 출연해 “토트넘에서의 마지막 경기가 한국에서 치러졌기에 팬들과 직접 이별할 기회를 갖지 못했다”며 “런던에 돌아가 인사를 전하고 싶다”고 공개적으로 밝혔다. 이어 “팬들도, 나도 서로 정식으로 작별 인사를 할 자격이 있다고 생각한다. 그날이 오면 매우 특별할 것”이라고 덧붙였다. 그의 발언 이후 팬들 사이에서도 ‘정식 고별전’을 바라는 목소리가 여러 차례 이어졌고, 구단이 이를 수용해 일정을 조율한 것으로 알려졌다. 손흥민이 토트넘에서 남긴 발자취는 하나의 장르에 가깝다. 2015년 합류 이후 10년 동안 454경기에 출전해 173골과 101도움을 기록했다. 이는 토트넘 역사에서 도움 1위, 득점 4위에 해당하는 숫자다. 잉글랜드 프리미어리그에서 아시아 선수가 남긴 최고 기록도 모두 그의 몫이다. 최다 출전, 최다 득점, 최다 도움 등 한 시대를 통째로 지배했다 해도 과하지 않다. 꾸준함 역시 손흥민의 이름을 상징하는 대표적 단어다. 데뷔 시즌과 지난 시즌을 제외하면 모든 시즌에서 리그 두 자릿수 득점을 올렸다. 그 과정에서 탄생한 명장면도 적지 않았다. 70m 단독 돌파로 마무리한 ‘원더골’은 PL 올해의 골에 이어 FIFA 푸스카스상까지 가져왔고, 2020~2021시즌에는 아시아 선수로는 처음으로 PL 득점왕에 오르며 골든부츠를 품에 안았다. 개인상만 15개에 달한다는 기록은 그가 어떤 존재였는지 또렷하게 말해준다. 챔피언십 트로피만큼은 채우지 못한다는 이야기가 늘 따라붙었지만 지난 5월 맨체스터 유나이티드를 꺾고 유로파리그 정상에 오르며 마지막 퍼즐까지 채웠다. 이후 그는 큰 도전이 아닌 새로운 무대를 향한다는 판단 아래 MLS LA FC로 이적했다. 이별은 갑작스러웠고, 팬들이 그에게 마지막 인사를 건넬 기회도 없었다. 따라서 이번 방문은 손흥민 개인의 감정적 결산이자, 토트넘 팬들에게도 놓쳐서는 안 될 장면이다. 런던의 겨울, 토트넘 훗스퍼 스타디움에는 10년의 이야기가 다시 불이 켜질 예정이다. 그가 구축한 시대가 이미 끝났음을 모두가 알고 있음에도 이별이 제대로 마무리되지 않았다는 사실은 여전히 팬들의 마음에 남아 있었다. 이제 그 빈자리를 채울 시간이 다가오고 있다. / 10bird@osen.co.kr",https://v.daum.net/v/8jUOei71Tc,OSEN,2025.11.26 13:40
"'바이아웃 1100억' 쏘니 절친, 직접 입 열었다...'바르셀로나 이적설' 전면 부인! ""누구와도 접촉한 적 없어""","[마이데일리 = 노찬혁 기자] 해리 케인(바이에른 뮌헨)이 바르셀로나 이적설에 대해 직접 입을 열며 소문을 일축했다. 케인은 잉글랜드 국적의 스트라이커로, 강력한 슈팅과 연계 능력, 제공권까지 갖춘 완성형 공격수로 평가받는다. 손흥민(LA FC)의 절친으로도 잘 알려져 있다. 토트넘 홋스퍼 유스팀 출신인 케인은 2023-24시즌을 앞두고 우승을 위해 뮌헨으로 이적했다. 이적 첫 시즌 36골을 기록하며 분데스리가 득점왕에 올랐고, 지난 시즌에는 분데스리가 우승을 이끌었다. 올 시즌 초반에는 독일축구리그(DFL)-슈퍼컵 우승을 추가했다. 그러나 내년 여름 케인의 거취가 주목받고 있다. 유럽 축구 이적시장 전문가 벤 제이콥스에 따르면 케인의 계약서에는 6500만 유로(약 1100억원) 바이아웃 조항이 포함돼 있으며, 내년 여름부터 발동 가능하다. 바르셀로나는 이번 시즌을 끝으로 로베르트 레반도프스키와 결별하기 때문에 케인 영입에 적극적인 관심을 보였다. 그러나 케인은 이적설을 정면으로 부정했다. 독일 ‘빌트’는 25일(이하 한국시각) “케인은 카탈루냐 지역 스포츠 신문 1면을 장식한 뒤 처음으로 이 소문에 대한 입장을 밝혔다”고 보도했다. 보도에 따르면 케인은 “나는 누구와도 접촉한 적이 없다. 나에게 연락한 사람도 없었다. 아직 뮌헨과 내 상황에 대해 대화를 나누지 않았지만 현재 매우 편안함을 느끼고 있다. 급할 것은 없다. 정말 뮌헨에서 행복하다”고 밝혔다. 이어 “만약 접촉이 생긴다면, 그때 가서 생각할 것이다. 아직 다음 시즌에 대해 고려하고 있지 않다. 우선 여름에 월드컵이 있다. 이번 시즌 종료 후 무언가 변할 가능성은 매우 낮다. 앞으로 몇 달 안에 뮌헨과 대화를 나누게 될 것으로 확신한다”고 덧붙였다. 헤어베르트 하이너 회장 역시 “케인은 믿을 수 없을 만큼 행복해 보이며 아주 만족하고 있다. 가족들도 편안하게 지내고 있다. 내가 보기에는 그가 뮌헨을 떠나야 할 이유가 전혀 없다”고 강조했다.",https://v.daum.net/v/VDd0aCd8mt,마이데일리,2025.11.26 13:35
"'12G 6패' '붕괴 직전' 리버풀...수비 보강 위해 '아모림 애제자' 영입 착수! ""팀에 결정적 안정감 줄 것""","[SPORTALKOREA] 황보동혁 기자= 최근 수비가 크게 흔들리고 있는 리버풀FC가 스포르팅CP 소속 센터백 곤살루 이나시우 영입을 추진하고 있다. 스페인 매체 '피차헤스'는 26일(한국시간) ""리버풀은 이번 겨울 이적시장에서 이나시우 영입에 관심을 보이고 있으며, 이는 시즌 초부터 나타난 수비 불안을 해결하기 위한 조치""라고 보도했다. 이어""리버풀은 최근 12경기에서 무려 6패를 당하는 등 극도로 불안정한 흐름을 보이고 있다. 여름에 상당한 투자를 했음에도 프리미어리그 우승 경쟁에서 멀어지고 있으며, 아르네 슬롯 감독은 수비 조직을 안정시키는 데 어려움을 겪고 있다""고 덧붙였다. 실제 리버풀은 모하메드 살라, 플로리안 비르츠, 알렉산드르 이사크 등 공격진의 기복도 문제지만 버질 반 다이크를 중심으로 한 수비라인 역시 불안정하다. 이브라히마 코나테는 재계약 난항과 기복 있는 경기력으로 시즌 종료 후 이적 가능성이 높으며 조 고메즈는 주로 풀백으로 기용돼 센터백 자원이 부족한 상황이다. 리버풀은 지난여름 잉글랜드 국가대표 수비수 마크 게히 영입을 시도했지만 무산된 바 있어 이번 겨울 역시 순탄치 않을 것으로 예상된다. 그렇기에 리버풀은 포르투갈 리그 최고의 수비수로 평가받는 이나시우에게 적극적으로 관심을 보이는 분위기다. 이나시우는 루벤 아모림 감독 아래 스포르팅에서 프로 데뷔한 선수로, 스리백에서 두각을 나타냈지만 기본적으로 4백 시스템에서도 충분히 경쟁력을 갖춘 자원이다. 빠른 발과 왼발 빌드업 능력을 겸비한 만큼 트렌트 알렉산더아놀드(레알 마드리드) 이탈 이후 후방 빌드업이 흔들리고 있는 리버풀에게 적합한 선택지로 평가된다. 매체는 ""리버풀은 이나시우가 수비 균형을 되찾는 데 필요한 경험·성숙도·전술적 이해도를 모두 갖춘 선수라고 판단하고 있다""며 ""그의 합류가 흔들린 수비 라인을 정비하는 데 결정적 안정감을 줄 것으로 보고 있다""고 설명했다. 한편 이나시우 역시 지난여름부터 빅클럽 이적설이 이어졌던 만큼, 이번 기회를 통해 더 큰 무대로 향하려는 의지가 있는 것으로 보인다.  매체는 ""거래에 정통한 소식통에 따르면, 이나시우는 확실한 주전 보장을 받을 경우 이적을 열어두고 있다. 그의 바이아웃 8,000만 유로(약 1,358억 원)는 적지 않은 금액이지만, 리버풀은 충분히 투자할 가치가 있다고 판단한다""며 리버풀이 이번 겨울 이나시우 영입에 본격적으로 나설 것으로 전망했다. 사진= Premier Football Transfer, 게티이미지코리아 ",https://v.daum.net/v/X5gzkToMLr,스포탈코리아,2025.11.26 13:31
"작심 발언! ""누누처럼 금방 경질될 것"" 손흥민 없는 토트넘, 6개월 만에 '감독 교체' 가능성 등장...""팬들 인내심 잃는 중""","[스포츠조선 이현석 기자]벌써 토트넘 팬들의 마음은 토마스 프랭크에게서 떠난 것일까. 경질에 다가가고 있다는 주장이 등장했다. 영국의 토트넘홋스퍼뉴스는 25일(한국시각) '토마스 프랭크 감독이 토트넘에서 누누 에스피리투 산투 감독이 침몰한 것과 같은 경사로에 서 있다'고 보도했다. 토트넘홋스퍼뉴스는 '아스널은 토트넘을 4대1로 꺾었고, 이는 토트넘 감독의 시간이 얼마 남지 않았다는 점을 보여주는 결과다. 프랭크는 아스널을 상대로 사용한 전술로 비판을 받았고, 그가 토트넘의 전진을 도울 수 있을지에 대한 우려가 커지고 있다. 누누 감독은 토트넘에서 보낸 시간이 짧았고, 프랭크도 비슷한 방식으로 해고될 것이라는 주장이 제기됐다. 프랭크는 올여름 토트넘과 3년 계약을 체결했다. 누누도 당시 좋은 출발을 했음에도 겨울에 심각한 압박을 받았다'라고 전했다. 영국의 스카이스포츠 소속 기자 제이크 샌더스는 누누 시절의 상황과 현재의 프랭크가 크게 다르지 않다고 주장했다. 샌더스는 ""프랭크 시대는 토트넘 누누 시절과 매우 유사하다. 맨시티를 꺾었으나, 첼시와 아스널에 끔찍한 패배를 당했다. 끔찍한 축구와 실용적인 감독이 야유를 받았다. 팬들은 인내심을 잃어가고 있다. 누누는 금방 경질됐고, 프랭크도 그곳으로 향하고 있다""고 했다. 토트넘은 24일 영국 에미레이츠 스타디움에서 열린 아스널과의 2025~2026시즌 잉글랜드 프리미어리그(EPL) 12라운드 경기에서 1대4로 대패했다. 토트넘은 이날 경기 패배로 최근 공식전 5경기 1승1무3패의 처참한 성적을 이어갔다. 리그에서는 3경기(1무2패) 연속 승리를 거두지 못했다. 완벽한 패배였다. 아스널에 끌려다니며 좀처럼 제대로 기세를 잡지 못했다. 토트넘은 레안드로 트로사르에 선제골을 헌납한 이후 에베레치 에제의 맹활약도 막지 못하며 수비가 무너졌다. 히샬리송의 초장거리 슈팅이 아스널 골망을 흔들었으나, 이미 승리는 아스널이 거의 다 챙긴 후였다. 프랭크 감독은 경기 후 기자회견에서 ""좋지 않은 결과다. 팬들에게 사과한다""면서도 ""토트넘은 지난 시즌 프리미어리그를 17위로 마무리한 팀이다""라며 토트넘은 지난 시즌 낮은 순위를 기록했기에 올 시즌도 어려움을 겪는 것이라는 듯한 주장을 남겼다. 시간 부족도 지적했다. 그는 ""상대는 6년 후, 우리는 4개월 후의 상황이다. 그럼에도 불구하고 오늘 우리에게 훨씬 더 많은 것을 기대했다. 90분 내내 압도적인 경기를 펼칠 수 있을 거라고 기대한 건 아니지만, 맨시티와 PSG를 상대로 했던 것만큼 경쟁력을 갖출 수 있을 거라고 생각했다""고 했다. 다만 토트넘은 프랭크 감독 선임 후 적지 않은 노력을 쏟았다. 모하메드 쿠두스, 마티스 텔, 사비 시몬스, 랑달 콜로 무아니, 주앙 팔리냐 등을 데려오며 전력 보강을 추진했다. 포스테코글루를 일찍이 경질하고 프랭크를 선임하며, 선수들과 오프시즌 훈련을 진행할 수 있게끔 조절했다. 겨울 이적시장이 분수령이 될 수밖에 없다. 토트넘으로서는 프랭크를 계속 믿고 간다면 겨울 이적시장에서 적극적인 보강으로 프랭크 체제에 힘을 실어줘야 한다. 반면 프랭크 체제를 빠르게 마감할 예정이라면, 차기 감독이 겨울 이적시장에서 일부 보강이라도 시도할 수 있도록 빠른 경질이 중요할 수밖에 없다. 기대를 받았던 프랭크 체제의 토트넘이 위기다. 프랭크가 누누의 전철을 밟게 될지, 아니면 반전의 역사를 만들지도 귀추가 주목된다. 이현석 기자 digh1229@sportschosun.com",https://v.daum.net/v/KdZ15KyO7N,스포츠조선,2025.11.26 13:30
EL SALVADOR SOCCER,"epa12549199 Yamil Bukele, president of the government's National Institute of Sports and the sole candidate to head the Salvadoran Football Federation (FESFUT), looks on during the presentation of his Master Plan for Salvadoran Soccer 2025-2029 in San Salvador, El Salvador, 25 November 2025. Yamil Bukele is an older brother of Salvadoran President Nayib Bukele. EPA/Javier Aparicio ▶제보는 카톡 okjebo",https://v.daum.net/v/PBunC1DgZC,연합뉴스,2025.11.26 13:24
"""2조 넘는 빚지고 1부 리그에서 뛴다고?"" 바이에른 명예 회장, 바르셀로나 작심 저격","[OSEN=강필주 기자] 울리 회네스(73) 바이에른 뮌헨 명예 회장이 바르셀로나의 재정 운영을 정면으로 비판하고 나섰다. 회네스 회장은 독일 팟캐스트 'OMR'에 출연, ""다른 리그였다면 훨씬 더 큰 제재를 받았을 것""이라고 바르셀로나의 재정 상태에 대해 비판의 목소리를 높였다.  회네스 회장은 ""13억 유로(약 2조 2060억 원)가 넘는 부채를 가지고 있다는 것은 터무니없는 일""이라며 ""이런 부채로는 어떤 나라에서도 1부 리그에서 뛸 수 없다. 그런데 라리가에서는 아무 일도 일어나지 않는다""고 바르셀로나와 라리가를 저격했다. 실제 바르셀로나는 현재 14억 5000만 유로(약 2조 4617억 원)가 넘는 막대한 부채 속에 허덕이고 있는 것으로 알려졌다. 바르셀로나는 조셉 마리아 바르토메우 전 회장 체제 마지막 몇 년 동안, 무책임하게 돈을 사용하며 재정 관리를 외면했다.  기사에 따르면 바르셀로나는 2017년 여름 네이마르가 파리 생제르맹(PSG)으로 이적하면서 받은 이적료 2억 2200만 유로(약 3769억 원) 이후 3년간 이적료만 9억 6030만 유로(약 1조 6304억 원)를 쏟아붓는 폭풍 쇼핑에 나서면서 흔들리기 시작했다.  결국 코로나19가 덮치면서 수익이 붕괴된 바르셀로나는 15억 유로 규모의 스포티파이 바르셀로나 재개발 사업과 관련된 비용이 폭등하면서 재정 상황이 악화됐다.  코로나19로 경기장 수익이 1억 7500만 유로에서 2370만 유로로 급감했고, 4년간 최대 5억5520만 유로(약 9427억 원) 규모에 달하는 리오넬 메시의 2017년 계약 역시 재정에 큰 부담이 됐다.  결국 바르셀로나는 2020-2021시즌 역대 최악인 5억 5540만 유로(약 9430억 원)의 손실을 기록했고 이로 인해 조안 라포르타 회장은 재정 비상 상황을 선언하기에 이르렀다.  라리가 중계권 25% 매각, 바르셀로나 스튜디오 49% 매각, 캄 노우 VIP 좌석 판매 등이 그것이다. 여기에 바르셀로나는 대규모 차입까지 단행하면서 축구계에서 가장 많은 부채를 가진 클럽이 됐다.  회네스 회장은 ""바르셀로나는 내가 상상하는 모델이 아니다""면서 ""바이에른 뮌헨이 가진 통제력과 건전한 재정은 유럽 모든 클럽의 본보기가 돼야 한다. 우리는 위험한 재정 기법에 의존하지 않고도 안정적인 경기력과 경제 판단을 유지하고 있다""고 비교했다. 또 ""독일의 엄격한 라이선스 규정과 감사 압박은 13억 유로의 부채를 가진 클럽을 즉시 마비시켰을 것""이라며 바르셀로나가 독일에 있었다면 지금의 상태를 유지할 수 없을 것이라고 단언했다. 바르셀로나는 아직 갚지 못한 이적료도 적지 않다. 바르셀로나의 2024-2025시즌 재정 보고서에 따르면 구단은 여러 클럽에 총 1억 5910만 유로(약 2702억 원)를 미지급한 상태다.  리즈 유나이티드에 하피냐 이적료 잔금 4190만 유로(약 712억 원), 바이에른 뮌헨에 로베르트 레반도프스키 잔금 2000만 유로(약 340억 원), 쥘 쿤데 이적료 잔금 2450만 유로(약 416억 원) 등이 아직 남아 있다. 이밖에 맨시티에 페란 토레스 1330만 유로(약 226억 원), 레알 베티스에 에메르송 800만 유로(약 136억 원)의 잔금이 남아 있고 지로나, 발렌시아, 스포르팅CP, 렌 등에도 소액 미지급금이 존재한다.  한편 바르셀로나는 이날 영국 런던의 스탬포드 브릿지에서 열린 2025-2026 유럽축구연맹(UEFA) 챔피언스리그 리그 페이즈 5차전에서 첼시에 0-3으로 완패했다. 전반 27분 만에 쿤데가 자책골을 허용했고 전반 44분에는 로날드 아라우호가 퇴장을 당하면서 반격 기회를 잡지 못했다. /letmeout@osen.co.kr",https://v.daum.net/v/pWTcXBvmhM,OSEN,2025.11.26 13:11
"충격 예측! 황희찬의 울버햄튼 결국 강등, 우승은 아스널…슈퍼컴퓨터가 예측한 24~25시즌 EPL 순위","[스포츠조선 강우진 기자]슈퍼컴퓨터가 이번 시즌 잉글랜드 프리미어리그(EPL) 최종 결과를 예측했다. 황희찬의 울버햄튼은 꼴찌로 강등, 우승은 아스널로 예상했다. 영국 기브미스포츠는 26일(한국시각) ""2025~2026시즌 프리미어리그 12라운드가 끝난 뒤, 슈퍼컴퓨터 옵타가 최종 리그 순위 예측을 업데이트했다""라고 전했다. 슈퍼컴퓨터는 이번 시즌 강등당할 세 팀을 리즈 유나이티드, 번리, 울버햄튼으로 꼽았다. 울버햄튼은 한국 국가대표 황희찬이 뛰고 있는 팀이다. 슈퍼컴퓨터는 12경기 동안 단 한 번도 승리하지 못한 울버햄튼이 반등에 실패할 것이라고 내다봤다. 시즌 끝까지 최하위를 지킬 것이란 전망이다. 팬들은 새로 부임한 롭 에드워즈 감독이 기적을 일으키길 바라야 한다. 많은 한국 팬을 보유한 맨체스터 유나이티드는 최종 순위가 11위에 그칠 것으로 예상된다. 지난 여름 이적시장 브라이언 음뵈모, 벤야민 셰슈코, 마테우스 쿠냐 등을 영입했지만, 후벤 아모림 감독의 변화 없는 전술 운용이 발목을 잡을 것으로 분석된다. 슈퍼컴퓨터는 토트넘이 맨유보다 한 계단 위인 10위로 시즌을 마무리할 것으로 예상했다. 지난 시즌 강등권을 겨우 피했던 팀이라는 점을 생각하면 나쁘지 않은 성적이지만, 최근 홈에서 좋지 않은 성적으로 감독에 대한 불신이 커지고 있다. 아스톤 빌라는 5위로 마감할 것으로 전망된다. 초반 4경기 무득점이라는 부진을 털어낸 뒤, 최근 11경기 중 9경기에서 승리하며 완전히 반등에 성공했다. 우나이 에메리 감독은 또 한 번 팀을 5위로 이끌 것으로 예상된다. 4위는 리버풀이다. 최악의 출발을 보이고 있는 것과 달리 어느 정도 안정을 되찾을 것이란 분석이다. 리버풀은 플로리안 비르츠와 알렉산더 이삭 영입으로 막대한 이적료를 쏟아부었다. 리버풀은 세트피스에 취약점이 드러난 뒤 최근 7경기 중 6경기에서 졌다. 그럼에도 챔피언스리그 진출권은 확보할 것으로 보인다. 첼시는 FIFA 클럽 월드컵 우승 이후 이번 시즌에 대한 기대가 큰 팀이다. 예상 순위는 3위였다. 우승 경쟁에는 턱없이 부족하다는 분석이다. 2위는 맨체스터 시티다. 최근 상승세와 엘링 홀란이 골 감각을 되찾고 있음에도 불구하고, 선두 아스널을 따라잡기는 역부족이라는 이야기다. 슈퍼컴퓨터가 예측한 이번 시즌 우승 팀은 아스널이다. 미켈 아르테타 아스널 감독은 빅토르 요케레스와 에베레치 에제를 영입하며 막강한 공격진을 꾸렸다. 11경기 동안 단 5실점만 허용하며 리그 최강의 수비력도 보여주고 있다. 20년 넘게 이어진 우승 가뭄을 올 시즌 끝낼 것으로 예측된다. 강우진 기자 kwj1222@sportschosun.com <슈퍼컴퓨터 예측 2025~2026시즌 EPL 최종 순위> 1위 아스널 2위 맨체스터 시티 3위 첼시 4위 리버풀 5위 아스톤 빌라 6위 크리스털 팰리스 7위 브라이튼 8위 뉴캐슬 9위 본머스 10위 토트넘 11위 맨체스터 유나이티드 12위 브렌트포드 13위 에버턴 14위 풀럼 15위 선덜랜드 16위 노팅엄 포레스트 17위 웨스트햄 18위 리즈 유나이티드 19위 번리 20위 울버햄튼",https://v.daum.net/v/5DVzGzlw3P,스포츠조선,2025.11.26 13:02
BRAZIL SOCCER,"epa12549150 The director of NR Sports, Neymar da Silva Santos, father of Brazilian soccer player Neymar Jr., reacts during an event at the Pele Museum in Santos, Brazil, 25 November 2025. NR Sports purchased the Pele brand, bringing the management of the image of Brazilian soccer's greatest idol back to the country where he was born. EPA/GUILHERME DIONIZIO ▶제보는 카톡 okjebo",https://v.daum.net/v/ux11C1DgGF,연합뉴스,2025.11.26 13:01
BRAZIL SOCCER,"epa12549154 Former Brazilian player Pepe reacts next to a picture of Pele during an event at the Pele Museum in Santos, Brazil, 25 November 2025. NR Sports, owned by Neymar da Silva Santos, purchased the Pele brand, bringing the management of the image of Brazilian soccer's greatest idol back to the country where he was born. EPA/GUILHERME DIONIZIO ▶제보는 카톡 okjebo",https://v.daum.net/v/9OsvcvLxXd,연합뉴스,2025.11.26 13:01
BRAZIL SOCCER,"epa12549152 An illuminated mural of Pele next to La Gioconda is displayed at the Pele Museum in Santos, Brazil, 25 November 2025. NR Sports, owned by Neymar da Silva Santos, purchased the Pele brand, bringing the management of the image of Brazilian soccer's greatest idol back to the country where he was born. EPA/GUILHERME DIONIZIO ▶제보는 카톡 okjebo",https://v.daum.net/v/GXlGrGjJXO,연합뉴스,2025.11.26 13:01
BRAZIL SOCCER,"epa12549155 Flavia Arantes, Pele's daughter, speaks during an event at the Pele Museum in Santos, Brazil, 25 November 2025. NR Sports, owned by Neymar da Silva Santos, purchased the Pele brand, bringing the management of the image of Brazilian soccer's greatest idol back to the country where he was born. EPA/GUILHERME DIONIZIO ▶제보는 카톡 okjebo",https://v.daum.net/v/9p4uWuCE5X,연합뉴스,2025.11.26 13:01
얼마나 잘하면 '미쳤다' 극찬받는 이강인... '원더 중거리포' 꽂아버린 토트넘전 '선발 유력',"[스타뉴스 | 박건도 기자] 점점 파리 생제르망(PSG)의 핵심 선수로 떠오르는 이강인(24)의 올 시즌 유럽축구연맹(UEFA) 챔피언스리그(UCL) 첫 선발이 유력한 분위기다. 프랑스 현지에서는 다소 과격한 표현을 쓸 정도로 이강인의 최근 경기력에 연일 감탄하고 있다. 이강인의 소속팀 PSG는 오는 26일 오전 5시(한국시간) 프랑스 파리의 파르크 데 프린스에서 열리는 2025~2026시즌 챔피언스리그 리그 페이즈 5라운드에서 잉글랜드 프리미어리그(EPL)의 토트넘 홋스퍼와 맞붙는다. 최근 PSG에서 손에 꼽힐 정도로 맹활약을 펼치고 있는 이강인의 선발 출전이 기대되는 경기다. 이강인은 지난 23일 르아브르와 리그1 경기에서 왼발 발리 슈팅으로 선제 결승골을 기록했다. 10일에는 올림피크 리옹을 상대로 도움을 올렸고 5일 바이에른 뮌헨(독일)과 챔피언스리그 경기에서는 65분을 뛰며 키패스 7회를 기록할 정도로 맹활약을 펼쳤다. 프랑스 현지에서는 물이 오른 이강인의 환상적인 폼에 품 빠졌다. 특히 프랑스 매체 '르10스포츠'는 ""이강인은 요즘 완전히 미쳤다. 마음껏 뛰고 있다. PSG의 공격 자원이 크게 줄어든 상황에서 이강인은 루이스 엔리케 감독에게 가장 중요한 카드 중 하나가 됐다""며 ""이강인은 컨디션이 좋은 날이면 경기 흐름을 바꾸는 빛나는 장면을 만들어낸다""고 극찬했다. 심지어 '르10스포츠'는 ""지난 시즌 어려움을 겪으며 이적을 고민하던 이강인이 올 시즌 완전히 반전됐다""며 ""꾸준히 기회를 받고 있고 활약도 뚜렷하게 상승했다. 흐름이 좋을 때는 폭발적인 기여를 한다""고 평가했다. 프랑스 일간지 '르 파리지앵' 역시 ""이강인은 출전할 때마다 팀에 결정적인 순간을 만들어낸다""며 ""경기에 집중할 때는 특히 날카로움이 뛰어난 선수""라고 전했다. 특히 유럽 대항전에서 강했던 이강인이다. 스페인 라리가 챔피언 FC바르셀로나 상대로도 클래스를 입증했다. 이강인은 지난 10월 바르셀로나전 후반 35분 교체 투입돼 왼발 슈팅으로 골대를 강타하며 흐름을 바꾸었다. 10분이 채 안 되는 시간에 슈팅 1회, 골대 강타, 롱패스 성공 1회, 크로스 성공 1회를 기록하며 역전승의 주역으로 활약했다. 게다가 이강인은 이번 상대인 토트넘을 상대로도 기억이 좋다. 지난 8월 UEFA 슈퍼컵 토트넘전에서는 원더골을 터뜨리며 뜨거운 왼발 감각을 뽐냈다. 통계 전문 매체 '풋몹'에 따르면 당시 이강인은 패스 성공률 92%(23/25), 롱패스 성공률 100%(1/1), 태클 성공률 100%(1/1) 등 공격과 수비에서 모두 존재감을 드러냈다. 연이은 전력 이탈이 발생한 PSG의 구세주가 될 전망이다. 현지 보도를 종합하면 PSG는 이번 토트넘전에서 우스만 뎀벨레와 데지레 두에를 기용하지 못할 가능성이 크다. 오른쪽 날개와 중앙 미드필더, 때로는 가짜 공격수까지 뛸 수 있는 이강인의 토트넘전 선발이 유력한 흐름이다. 루이스 엔리케 감독도 이강인의 선발 출격을 고려하는 분위기다. 이강인은 지난 르아브르전에서 후반 10분 만에 교체되며 체력 안배를 받았다. 이 경기에서 엔리케 감독은 비티냐, 흐비차 크바라츠헬리아 등 주축 선수들의 출전 시간을 조정하며 토트넘전을 대비하는 듯했다. 올 시즌 이강인은 챔피언스리그 4경기에서 모두 교체 출전했다. 토트넘과 맞대결에서 시즌 첫 챔피언스리그 스타팅을 기대해볼 법하다. 박건도 기자 pgd15412@mtstarnews.com",https://v.daum.net/v/PIPcMcfzlv,스타뉴스,2025.11.26 13:00
"""10년 레전드가 돌아온다""…손흥민, 12월 '토트넘 성지' 전격 귀환!→헌정식+스태프 전원 '감사 투어' 예정 ""20일 리버풀전 유력""","[스포티비뉴스=박대현 기자] 토트넘 홋스퍼가 손흥민을 위한 '12월 특별 행사'를 준비 중이다. 토트넘 전문 매체 '스퍼스웹'은 26일(이하 한국시간) ""손흥민이 북런던을 떠난 지 넉 달 만에 토트넘은 옛 레전드 바람을 이루기 위해 움직이고 있다""면서 ""12월 홈경기에서 팬들과 재회의 장을 기획하고 있다""고 전했다. 손흥민은 지난 8월 북런던을 떠나 LAFC에 합류했다. 지난 10년간 토트넘에 헌신하며 21세기 스퍼스에서 가장 위대한 레전드 중 한 명으로 꼽힌다. 나아가 잉글랜드 프리미어리그 역사에서도 최고 수준 아이콘으로 자리매김했다. 하나 손흥민은 토트넘 팬들과 제대로 된 고별 인사를 나눌 기회가 없었다. 스퍼스 소속으로 치른 마지막 경기가 넉 달 전 한국에서 열린 뉴캐슬과 프리시즌 경기였던 탓이다. 지난달 손흥민은 한 언론과 인터뷰에서 “토트넘 홋스퍼 스타디움에서 팬들께 정식으로 작별 인사를 하고 싶다” 밝혔다. 스퍼스웹에 따르면 토트넘은 이 바람을 실현하기 위해 준비에 착수했다. 매체는 ‘풋볼 아시안’ 보도를 인용해 ""토트넘은 12월 홈경기 중 한 경기에 손흥민을 공식 초청, 경기에 앞서 사전 행사와 하프타임 헌정식을 진행하는 방안을 추진 중""이라고 귀띔했다. 아울러 토트넘은 손흥민에게 특별 선물을 준비하고 있는 것으로 알려졌다. 이별 행사가 열릴 가능성이 가장 높은 경기는 12월 20일 리버풀전으로 꼽힌다. 이번 행사는 지난여름 팀을 떠난 손흥민과 그를 떠나보낸 토트넘 팬에게 ‘제대로 된' 이별의 장을 제공하기 위해 준비된 것으로 풀이된다. 풋볼 아시안은 ""손흥민은 팬과 고별 인사를 나누는 것은 물론 그간 함께해온 클럽 직원들도 직접 찾아 감사 인사를 전하고 싶어 한다""고 귀띔했다. 매체에 따르면 손흥민은 토트넘 홋스퍼 웨이에서 근무하는 셰프와 그라운드키퍼, 물리치료사, 분석가 등 다양한 스태프를 직접 만나 감사의 뜻을 전하고 싶어 한다. 풋볼 아시안은 ""12월에 예정된 이 재회는 손흥민에게 매우 깊은 개인적 의미를 지닐 것""이라고 덧붙였다. <저작권자 ⓒ SPOTV NEWS. 무단전재 및 재배포 금지>",https://v.daum.net/v/PtkFQj2uS5,스포티비뉴스,2025.11.26 12:46
"북런던 더비 1-4 참패 뒤 거센 사임론… 프랭크 감독의 단언, ""토트넘 리빌딩은 내가 1,000% 적임자""","(베스트 일레븐) 북런던 더비 이후 커다란 비난 여론에 직면한 토마스 프랭크 토트넘 홋스퍼 감독이 자신이 여전히 팀을 리빌딩할 적임자라는 점을 강조했다. 프랭크 감독이 이끄는 토트넘은 27일 새벽 5시(한국 시각) 파리 파르크 데 프랭스에서 열리는 2025-2026 UEFA 챔피언스리그 리그 페이즈 5라운드에서 파리 생제르맹과 맞붙는다. 객관적 전력에서 열세에 놓인 상황에서 원정을 치러야 하는 프랭크 감독은 지난 주말 2025-2026 잉글랜드 프리미어리그 12라운드 아스널 원정 경기에서 무기력한 경기 끝에 1-4로 패하며 거센 비난을 받고 있다. 일부에서는 사임 가능성까지 거론되고 있다. ESPN UK에 따르면, 프랭크 감독은 파리 생제르맹전 사전 기자회견에서 지난 6년 동안 여섯 명의 감독을 교체한 토트넘의 상황에서 장기 플랜의 중요성을 묻는 질문에 ""매우 중요하다""라고 답했다. 프랭크 감독은 ""토트넘 사령탑을 맡은 이유 중 하나는 이러한 도전을 받아들이기 위해서였다""라고 말하며, ""아스널을 이기고 파리 생제르맹을 상대하고 싶었지만 그러지 못했다. 그것도 나쁘게 패배했다. 하지만 이런 좌절을 관리하고 배우며 다시 나아가는 것이 우리의 과정""이라고 말했다. 이어 ""내가 1000% 확신하는 한 가지는 클럽을 구축하는 방법을 알고 있다는 점""이라며 토트넘이 새로운 클럽으로 거듭나기 위해 자신이 필요한 인물이라고 강조했다. 프랭크 감독은 토트넘에 부임한 뒤 많은 것을 배웠다고도 설명했다. 프랭크 감독은 ""선수들에 대해 많은 것을 배웠다. 결국 올바른 선수들이 피치에 설 수 있는 공식을 찾아야 한다""라고 말하며, ""일부 선수들이 곧 돌아온다. 우리는 사흘마다 경기를 치르고 있는데, 이는 큰 도전이지만 기꺼이 받아들일 것""이라고 덧붙였다. 프랭크 감독은 파리 생제르맹전에 대한 자신감도 나타냈다. 프랭크 감독은 ""유럽 최고의 팀 중 하나를 원정에서 상대한다. 아주 좋은 도전이다""라고 말하며, ""우리는 100% 준비돼 있으며 좋은 경기력으로 반등할 것이라고 확신한다""라고 말했다. 글=김태석 기자(ktsek77@soccerbest11.co.kr) 사진=ⓒgettyImages/게티이미지코리아(무단 전재 및 재배포 금지) 축구 미디어 국가대표 - 베스트 일레븐 & 베스트 일레븐 닷컴 저작권자 ⓒ(주)베스트 일레븐. 무단 전재/재배포 금지-www.besteleven.com",https://v.daum.net/v/14HxrGjJT6,베스트일레븐,2025.11.26 12:45
BRAZIL SOCCER,"epa12549143 Bruno Pinto (L) of Flamengo celebrates a goal during a Campeonato Brasileiro Série A soccer match between Atletico Mineiro and Flamengo at the Arena MRV stadium in Belo Horizonte, Brazil, 25 November 2025. EPA/JOAO GUILHERME ARENAZIO ▶제보는 카톡 okjebo",https://v.daum.net/v/fZH16aKpHl,연합뉴스,2025.11.26 12:45
'FIFA 호날두 특혜 논란'…호날두 없다고 월드컵 포스터 수정→호날두 퇴장 징계 ‘봐주기’,"[포포투=박진우] 국제축구연맹(FIFA)이 크리스티아 호날두에게 특혜를 준다는 비판이 빗발치고 있다. 글로벌 매체 ‘골닷컴’은 26일(한국시간) “호날두가 아일랜드전 퇴장으로 받을 징계가 감경되자, SNS에서는 분노가 폭발했다. 팬들은 FIFA가 규정을 마음대로 비틀어 호날두를 월드컵 초반 경기부터 뛸 수 있게 하는 꼼수가 아니냐고 비판했다”고 보도했다. 호날두의 퇴장은 지난 아일랜드전에서 발생했다. 당시 호날두는 후반 16분경 상대와의 경합 과정에서 갑작스레 신경질을 부리며, 상대를 팔꿈치로 가격했다. 결국 비디오 판독(VAR) 끝에 호날두는 다이렉트 퇴장을 당했다. 포르투갈은 0-2로 패배했지만, 이후 아르메니아전 승리로 월드컵 본선행을 확정했다. 이후 호날두가 월드컵 조별리그를 뛸 수 없을 것이라는 전망이 나왔다. 경기 중 폭력 행위는 FIFA 규정에 따라 최소 3경기 출전 정지 징계를 받을 수 있었기 때문. 그러나 FIFA는 전례 없는 결정을 내렸다. FIFA 징계위원회는 호날두에게 1경기 출전 정지만을 적용, 추가 2경기는 향후 1년 동안 유예 처분을 내렸다. 이미 아르메니아전 경기를 뛰지 않은 호날두였기에, 월드컵 본선 첫 경기부터 참여할 수 있게 된 것. FIFA의 징계 처분이 발표되자마자 팬들은 비판의 목소리를 냈다. 호날두에게 특혜를 준 것이 아니냐는 반응이 대부분이었다. ‘골닷컴’에 따르면 팬들은 SNS를 통해 “말도 안 된다. 그간 수많은 선수들이 출전 정지로 큰 경기를 날렸다. 이번 건은 축구를 조롱하는 처사다”, “월드컵 출전을 위해 규정을 마음대로 비트는 게 충격적이다. 다른 선수를 폭행했으면 그에 맞는 전례대로 처벌해야 한다”, “FIFA는 호날두가 돈을 벌어다 준다는 걸 안다. 그가 월드컵 첫 경기에서 뛰지 않으면 손해다. 만약 스코틀랜드 같은 국가의 선수였다면 3경기 모두 출전 정지였을 것”이라며 강도 높은 비판의 목소리를 냈다. 한편 FIFA는 최근 월드컵 포스터와 관련한 호날두 논란에 휩싸인 바 있다. FIFA는 북중미월드컵 홍보 차원에서 본선행을 확정한 42개국 대표팀을 상징하는 선수들의 얼굴이 담긴 포스터를 공식 계정에 게재했다. 그러나 포르투갈을 대표하는 선수는 호날두가 아닌 브루노 페르난데스였고, 이에 일부 팬들이 강하게 반발했다. 그러자 원본 포스터를 없애고 새로운 포스터를 올렸는데, 호날두의 얼굴이 추가되어 있었다. 박진우 기자 jjnoow@fourfourtwo.co.kr ⓒ 포포투(https://www.fourfourtwo.co.kr) 무단전재 및 재배포금지",https://v.daum.net/v/F22cFVGhnw,포포투,2025.11.26 12:41
[챔피언십 STAR] 배준호 승격 프리미어리거 되나...2경기 연속 공격포인트→스토크는 2위 충격 돌풍,"[인터풋볼=신동훈 기자] 배준호는 2경기 연속 공격 포인트를 통해 스토크 시티 돌풍에 힘을 싣고 있다. 스토크는 26일 오전 4시 45분(한국시간) 영국 스토크온트렌트에 위치한 BET365 스타디움에서 열린 2025-26시즌 잉글리시풋볼리그(EFL) 챔피언십 17라운드에서 찰턴 애슬래틱을 3-0 완파했다. 2연패를 끊은 스토크는 2위에 올랐다.  스토크는 4-2-3-1 포메이션을 구성했다. 빅토르 요한손, 에릭 주니어-보카트, 애슐리 필립스, 벤 윌모트, 주니오르 차마두, 타츠키 세코, 밀리언 맨호프, 배준호, 소르바 토마스, 로버트 보제니크로 선발 명단을 구성했다.  배준호는 2선 중앙에 나섰다. 스토크는 전반 3분 만에 토마스 선제골로 리드를 잡았다. 전반 5분 맨호프 추가골이 나오면서 일찍이 차이를 벌렸다. 전반 34분에 토마스가 멀티골을 터트렸는데 배준호 도움이 기록됐다.  찰턴은 공격 숫자를 늘리면서 반격을 했지만 스토크 수비를 뚫지 못했다. 배준호가 풀타임 출전을 한 가운데 스토크는 3-0으로 이겼다.  코벤트리, 레스터 시티에 연패를 당한 걸 만회했다. 스토크는 오랜 기간 챔피언십에 머물렀다. 2017-18시즌 프리미어리그 19에 위치해 강등을 당한 후로 8시즌 동안 챔피언십 소속이다. 승격권 근처에도 가본 적이 없다. 내내 두 자릿수 순위를 유지했다. 배준호가 온 이후에도 강등권 언저리를 맴돌다가 막판에 간신히 잔류를 했다. 순위는 2023-24시즌 17위, 2024-25시즌 18위였다. 올 시즌은 다르다. 코벤트리를 오래 이끈 마크 로빈스 감독은 지난 시즌 잔류에 이어 올 시즌 돌풍을 이끌고 있다. 17경기를 치른 현재 2위다. 1위 코벤트리와 승점 10 차이가 나고 아래 팀들과 승점 차이가 크지 않아도 챔피언십에 있는 동안 가장 좋은 모습이다. 17경기를 치르는 동안 25득점만 기록했는데 12실점밖에 허용하지 않았다. 지난 시즌은 46경기 62실점이었다. 아직 경기가 많이 남아 비교가 어려워도 눈에 띄게 수비가 좋아진 게 보인다. 누구도 예상하지 않았던 스토크 돌풍 속 배준호가 있다. 배준호는 첫 시즌 챔피언십 38경기(선발 25경기)에 나서 2골 5도움을 기록하면서 잔류에 힘을 실었다. '스토크의 왕'으로 불리면서 스토크 올해의 선수에 선정됐다. 지난 시즌도 45경기(선발 37경기)에 추전해 3골 5도움을 올려 더 많은 공격 포인트를 기록했다. 올 시즌도 주전으로 나서면서 입지를 확실히 보여주고 있다. 레스터전에 이어 찰턴전에서도 공격 포인트를 기록했다. 감독이 계속 바뀌는 와중에도 활약을 이어가며 주전을 지키는 건 대단한 일이다. 배준호는 코리안리거 중 김두현-김보경에 이어 승격을 해 프리미어리거가 되는 사례를 만들 수 있을지 관심을 모은다. ",https://v.daum.net/v/8yGvp8Zv3X,인터풋볼,2025.11.26 12:36
"'제2의 메시' 80분 동안 침묵→굳은 표정으로 교체...바르셀로나, 첼시에 0-3 충격패! UCL 15위 추락","[마이데일리 = 노찬혁 기자] 바르셀로나의 '제2의 메시' 라민 야말이 기대에 미치지 못하는 경기력을 보이며 팀의 패배를 막지 못했다. 바르셀로나는 26일(이하 한국시각) 잉글랜드 런던 스탬포드 브리지에서 열린 첼시와의 '2025-2026시즌 유럽축구연맹(UEFA) 챔피언스리그(UCL)' 리그페이즈 5차전에서 0-3으로 완패했다. 야말은 오른쪽 윙어로 선발 출전해 80분을 소화했다. 첼시는 4-2-3-1 포메이션으로 나섰다. 로베르트 산체스, 말로 귀스토, 웨슬리 포파나, 트레보 찰로바, 마크 쿠쿠렐라, 리스 제임스, 모이세스 카이세도, 에스테방 윌리앙, 엔조 페르난데스, 알레한드로 가르나초, 페드루 네투가 선발로 나섰다. 바르셀로나도 4-2-3-1 포메이션으로 맞섰다. 주안 가르시아, 쥘 쿤데, 로날드 아라우호, 파우 쿠바르시, 알레한드로 발데, 에릭 가르시아, 프렝키 더 용, 라민 야말, 페르민 로페스, 페란 토레스, 로베르트 레반도프스키가 출전했다. 첼시는 전반 27분 행운이 섞인 자책골로 앞서갔다. 쿠쿠렐라가 오른쪽 돌파 후 컷백을 내줬고, 네투가 뒤꿈치 슈팅으로 연결한 공이 문전에서 토레스와 쿤데의 발에 연속으로 맞으며 골문을 향했다. 바르셀로나는 전반 44분 수적 열세까지 맞았다. 아라우호가 돌파하던 쿠쿠렐라에게 깊은 태클을 시도했고, 경고 누적으로 퇴장당하며 분위기가 급격히 기울었다. 첼시는 후반전부터 본격적으로 공세를 강화했다. 후반 10분 에스테방이 현란한 발재간으로 수비수를 제친 뒤 골 지역 오른쪽 사각에서 오른발 슈팅으로 추가골을 성공시켰다. 후반 28분에는 페르난데스의 땅볼 크로스를 리암 델랍이 마무리하며 승부에 쐐기를 박았다. 1차전 패배 이후 3승 1무를 기록한 첼시는 리그페이즈 5위(승점 10점)로 도약했다. 반면 바르셀로나는 2경기 연속 승리를 실패하며 2승 1무 2패 승점 7점으로 15위까지 떨어졌다. 야말은 80분 동안 패스 성공률 72%, 기회 창출 2회, 슈팅 1회, 드리블 성공 2회에 그치며 영향을 발휘하지 못했다. 후반 35분 굳은 표정으로 다니 올모와 교체됐다.",https://v.daum.net/v/GfBOHqSrEH,마이데일리,2025.11.26 12:34
"""끔찍, 형편 없어, 감옥 가야"" 토트넘 1351억 아꼈다!...영입 노렸던 '손흥민 대체자'→ 9G 0골 최악 부진","[SPORTALKOREA] 황보동혁 기자= 토트넘 홋스퍼FC가 여름 이적시장에서 손흥민(로스앤젤레스FC)의 대체자로 점찍었던 사비뉴(맨체스터 시티FC)가 끝없는 부진의 늪에서 빠져나오지 못하고 있다. 맨시티는 26일(한국시간) 영국 맨체스터 이티하드스타디움에서 열린 2025/26 UEFA 챔피언스리그(UCL) 리그페이즈 5차전에서 바이어 레버쿠젠에 0-2로 완패했다. 이날 펩 과르디올라 감독은 리그에서 기회를 많이 잡지 못했던 선수들을 대거 투입하며 로테이션을 단행했지만, 여러 선수들의 부진이 겹치며 기대와 달리 경기력이 크게 흔들렸다. 특히 공격진의 부진이 심각했다. 팀이 유효 슈팅을 무려 8차례나 기록하고도 단 한 골도 넣지 못한 가운데 선발 출전한 사비뉴는 이번에도 반등의 실마리를 찾지 못했다. 이날 선발출전해 풀타임을 소화한 그는 슈팅 1회, 드리블 성공률 44%(4/9), 크로스 정확도 14%(1/7), 지상 경합 승률 42%(5/12)에 그치며 존재감을 거의 드러내지 못했다. 시즌 전체로 봐도 상황은 심각하다. 사비뉴는 리그 9경기에서 0골 1도움, UCL 5경기에서 0골 1도움에 묶이며 기대치를 한참 밑돌고 있다. 결국 지난 여름 사비뉴를 매각하지 않고 오히려 재계약까지 안긴 선택이 최악의 한 수가 된 셈이다.  사실 토트넘은 손흥민이 LAFC로 떠난 직후 사비뉴를 최우선 대체자로 점찍었었다. 브라질의 유력 매체 'Ge'는 지난 8월 ""사비뉴는 유럽 시장의 뜨거운 매물 중 하나이며, 토트넘은 약 7,000만 파운드(약 1,351억 원)를 들여 영입을 추진 중""이라고 보도했다. 그러나 맨시티가 대체자를 찾지 못하면서 이적은 불발됐고, 시즌 초반 재계약까지 체결되며 1월 이적 가능성 또한 사실상 사라졌다. 맨시티 이적 첫해였던 지난 시즌 사비뉴는 48경기 3골 11도움으로 준수한 활약을 펼쳤다. 하지만 시즌 후반 들어 경기력 기복과 체력 저하로 경쟁에서 밀리기 시작했다. 그럼에도 맨시티와 과르디올라 감독은 2023/24시즌 지로나에서 41경기 11골 10도움을 기록하며 라리가 돌풍을 이끌었던 잠재력을 믿었다.  하지만 반등은 없었고 레버쿠젠전에서도 극심한 부진을 이어가자 팬들의 인내심도 한계에 도달했다. 영국 '풋볼인사이더'는 ""토트넘은 여름에 사비뉴 영입을 추진했지만, 맨시티가 재계약을 선택했다. 그러나 이번 경기 부진을 보면 과르디올라는 '왜 7,000만 파운드를 받지 않았는지' 후회하고 있을 것""이라고 혹평했다. 매체는 또한 ""사비뉴는 경기 내내 무려 24번이나 공을 뺏겼다. 이는 팬들의 분노를 폭발시키기 충분했다""고 전하며 SNS 반응도 소개했다. 팬들은 ""사비뉴 재계약한 사람은 감옥 가야 한다"", ""왜 7,000만 파운드를 거절했나"", ""제발 팀에서 나가라. 더는 실험할 필요가 없다"", ""끔찍하다. 진짜 형편없다""며 날 선 비판을 쏟아냈다. 아이러니하게도 토트넘 입장에서는 시즌 초반 비판받았던 사비뉴 영입 실패가 오히려 최고의 선택이 된 셈이다. 사진= Man City News, 게티이미지코리아",https://v.daum.net/v/WziG19WIMR,스포탈코리아,2025.11.26 12:31
"""토트넘은 강팀, 하지만…"" UEFA 슈퍼컵 역전승 떠올린 루이스 엔리케 PSG 감독, ""이번엔 완전히 지배하겠다""","(베스트 일레븐) 루이스 엔리케 파리 생제르맹 감독이 토트넘 홋스퍼전을 앞두고 지난 UEFA 슈퍼컵 때보다 더 완벽한 승리를 거두고 싶다는 열망을 드러냈다. 루이스 엔리케 감독이 지휘하는 파리 생제르맹은 27일 새벽 5시(한국 시각) 파리 파르크 데 프랭스에서 열리는 2025-2026 UEFA 챔피언스리그 리그 페이즈 5라운드에서 토트넘과 대결한다. ESPN UK에 따르면, 루이스 엔리케 감독은 토트넘전 사전 기자회견에서 지난 8월 14일 이탈리아 우디네에서 열린 UEFA 슈퍼컵 승리를 언급하며 그때보다 더 압도적인 승리를 원한다고 말했다. 당시 파리 생제르맹은 0-2로 끌려가며 패색이 짙었으나 후반 40분 이강인의 만회골, 후반 45+4분 곤살루 하무스의 동점골로 승부를 원점으로 만들었고, 승부차기에서 4-3으로 가까스로 승리했다. 루이스 엔리케 감독은 ""이번 경기는 그때보다 준비하기 더 쉽다""라고 홈에서 치르는 경기임을 강조한 뒤, ""많은 말을 할 필요는 없다. 이번 승부는 다른 경기이고, 그때와는 다른 대회다. UEFA 챔피언스리그는 우리의 대회이며 우리는 디펜딩 챔피언이다. 우리는 우리의 길을 계속 갈 것""이라고 말했다. 루이스 엔리케 감독은 토트넘의 전력을 높이 평가했다. 루이스 엔리케 감독은 ""토트넘은 시즌을 훌륭하게 시작했다. UEFA 챔피언스리그에서 아직 패배가 없다. 선수 대부분이 국제 무대 경험이 풍부하다. 강팀""이라고 말했다. 또한 루이스 엔리케 감독은 UEFA 슈퍼컵을 떠올리며 ""지난 토트넘전은 우리에게 시즌 첫 경기였다. 이번에는 다를 것이다. 잘 끝냈기 때문에 좋은 기억이지만, 우리가 고전했던 첫 60분을 생각하면 좋지 않은 기억""이라고 말했다. 이어 ""우리는 더 지배적인 팀이 되어 경기를 이길 준비가 되어 있다. 우리의 목표는 모든 경기에서 동일하다. 지배하는 것이다. 어렵겠지만 파르크 데 프랭스에서 경기할 것이고, 팬들 앞에서 아주 좋은 경기를 하기를 바란다""라고 자신감을 드러냈다. 한편 루이스 엔리케 감독은 에이스 우스만 뎀벨레가 토트넘전을 통해 복귀할 예정이라고 밝혔다. 루이스 엔리케 감독은 ""훈련을 잘 소화했다. 내일 지켜보겠다. 문제가 없다면 스쿼드에 포함될 것""이라고 말했다. 글=김태석 기자(ktsek77@soccerbest11.co.kr) 사진=ⓒgettyImages/게티이미지코리아(무단 전재 및 재배포 금지) 축구 미디어 국가대표 - 베스트 일레븐 & 베스트 일레븐 닷컴 저작권자 ⓒ(주)베스트 일레븐. 무단 전재/재배포 금지-www.besteleven.com",https://v.daum.net/v/HOcNEygRCa,베스트일레븐,2025.11.26 12:29
‘텐 하흐 시절’ 레버쿠젠 생각했나…선발 10명 바꾸고 참패 “펩은 오만함의 대가를 치렀다”,"[포포투=박진우] 펩 과르디올라 감독에게 ‘오만하다’는 비판이 이어지고 있다. 맨체스터 시티는 26일 오전 5시(한국시간) 영국 맨체스터에 위치한 에티하드 스타디움에서 열린 2025-26시즌 유럽축구연맹(UEFA) 챔피언스리그(UCL) 리그 페이즈 5차전에서 레버쿠젠에 0-2로 완패했다. 이로써 맨시티는 3승 1무 1패로 6위를 기록했다. 직전 프리미어리그(PL) 경기에서 뉴캐슬 유나이티드에 1-2로 패배한 맨시티. 당시 펩 감독은 카메라맨과 브루노 기마랑이스와 설전을 펼치며 논란의 중심에 섰다. 펩 감독은 카메라맨과 말싸움을 벌인 것에 대해 사과했고, 이날 경기로 분위기와 여론을 바꿔야 했다. 그러나 충격적인 선발 라인업을 빼들었다. 뉴캐슬전에서 선발 출전한 11명 가운데, 무려 10명이 바뀌었다. 레버쿠젠을 상대로 ‘전격 로테이션’을 가동한 것. 결과는 처참했다. 전반 23분 만에 알레한드로 그리말도에게 선제골을 헌납했고, 이후 주도권을 잡았지만 ‘빈공’을 펼칠 뿐이었다. 후반 시작과 동시에 뒤늦게 주전 선수들을 투입했지만 소용 없었다. 오히려 후반 9분 패트릭 쉬크에게 헤더 쐐기골까지 내줬다. 맨시티는 후반에만 14개의 슈팅, 5개의 유효 슈팅을 기록했지만 골로 이어진 슈팅은 한 개도 없었다. 결국 안방에서 레버쿠젠에 0-2로 완패했다. 결국 ‘로테이션’이 패배의 원흉이었다. 레버쿠젠은 시즌 극초반 에릭 텐 하흐 감독을 두 경기 만에 경질했지만, 이후 카스페르 히울만 감독을 선임하며 빠르게 팀을 재정비했다. 레버쿠젠은 이날 전까지 공식전 3연승을 달리며 기세를 높이고 있던 상황임에도 펩 감독은 전력을 다하지 않았던 것. 영국 현지에서는 신랄한 비판이 날아 들었다. 영국 ‘골닷컴’은 “펩 감독은 맨시티 지휘봉을 잡고 치른 UCL 100번째 경기에서, 대회를 가볍게 여긴 듯한 오만한 로테이션으로 스스로 체면을 구겼다. 결국 그 대가를 톡톡히 치렀다. 영리하고 날카로웠던 레버쿠젠을 상대로 0-2 완패라는 결과가 나왔다”고 비판했다. 펩 감독 또한 “긴 시즌을 치르려면 모두가 역할을 해야 한다는 믿음이 항상 있었다. 하지만 이번에는 로테이션이 조금 지나쳤던 것 같다. 우리가 이겼다면 아무 문제도 아니었겠지만, 비판도 받아 들여야 한다. 모든 책임은 나에게 있다. 뭔가가 부족했다. 엄청난 기회를 놓쳤고, 이제 남은 경기에서 싸워야 한다”며 패배를 인정했다. 박진우 기자 jjnoow@fourfourtwo.co.kr ⓒ 포포투(https://www.fourfourtwo.co.kr) 무단전재 및 재배포금지",https://v.daum.net/v/Uemj5KyOnO,포포투,2025.11.26 12:26
'연장전 83% 점유하고도 무득점' 손흥민 폭발해도 LAFC는 무관으로 끝,"[OSEN=우충원 기자] LAFC의 2025시즌은 밴쿠버에서 조용히 막을 내렸다.   LAFC는 23일(이하 한국시간) 캐나다 밴쿠버 BC 플레이스에서 열린 미국 메이저리그 사커(MLS)컵 플레이오프 서부 컨퍼런스 준결승전 밴쿠버 화이트캡스와의 맞대결에서 승부차기 접전 끝 패했다. LAFC는 연장전 포함 정규 시간을 2-2 무승부로 마친 뒤 승부차기에서 밴쿠버에 3-4로 졌다. 손흥민은 이날도 100점 만점 활약을 펼쳤다. LAFC는 밴쿠버에 전반전에만 2실점 하며 끌려갔다. 손흥민이 후반 15분 추격골을 터뜨렸다. 손흥민은 후반 추가 시간엔 환상적인 프리킥으로 동점을 만들면서 경기를 연장전으로 끌고 갔다. 손흥민은 승부차기에서 LAFC의 첫 번째 키커로 나섰다. 하지만, 손흥민은 페널티킥을 성공시키지 못했다. 경기 초반부터 LAFC는 상대의 빠른 전진에 속수무책이었다. 수비라인이 간격을 유지하지 못하면서 연속적인 공간 노출이 이어졌고, 그 틈을 밴쿠버가 곧장 파고들어 두 골을 만들어냈다. LAFC는 전반 내내 하프라인 근처에서 묶였고 조직적인 압박도 통하지 않았다. 분위기는 완전히 밴쿠버 쪽으로 기울었다. 후반이 되자 손흥민의 존재감이 경기장 분위기를 흔들었다. 후반 15분 박스 안 혼전 상황에서 나온 첫 골은 침착함의 결정체였다. 상대 수비가 몰려들던 순간에도 그는 가장 빠르게 방향을 읽고 정확하게 마무리했다. 흐름도 살아났다. 동료들에게 지시하는 손짓, 템포를 끌어올리려는 몸짓이 반복되며 LAFC의 공격은 이전과 전혀 다른 속도를 얻기 시작했다. 동점골은 경기 전체를 통틀어 가장 압도적인 장면이었다. 후반 추가시간 마지막 순간 손흥민은 공을 내려놓고 잠시 정면을 응시했다. 그리고 곧바로 감아 찬 공이 놀라운 궤적을 그리며 골문 오른쪽 상단에 꽂혔다. 밴쿠버 골키퍼는 손을 뻗어보았지만 닿지 못했다. 경기장을 뒤흔드는 함성이 터졌고 LAFC는 극적으로 연장전에 돌입했다. 팀을 다시 살려낸 건 역시 손흥민이었다. 하지만 LAFC는 이 결정적인 기회에서 더 나아가지 못했다. 후반 막판 상대가 경고 누적으로 퇴장당하면서 수적 우위를 잡았고, 연장전 내내 공을 쥐고 끌어갔지만 마무리는 한 번도 시원하게 터지지 않았다. 연장 30분 동안 83%의 점유율을 기록하며 상대를 진영 깊숙이 몰아넣었으나 결정적인 유효슈팅은 단 하나뿐이었다. 볼을 붙잡아두는 데는 성공했지만 세밀함과 완급 조절, 문전 앞에서의 판단 모두가 부족했다. 기회를 완전히 장악하고도 승부를 끝내지 못한 것이 치명적인 약점으로 드러났다. 승부차기에서 손흥민은 첫 번째 키커로 나섰다. 그가 강하게 찬 슈팅은 골대를 때리고 튕겨 나왔고 LAFC는 흐름을 빼앗긴 채 결국 3-4로 고개를 숙였다.   해외 축구 콘텐츠 채널 ‘아자트 티비’는 경기 직후 LAFC의 구조적 문제를 지적했다. 이 채널은 “손흥민이 아니었다면 LAFC는 경기 흐름을 되돌릴 힘이 없었다”며 “수적 우위를 잡고도 상대를 뚫지 못한 상황은 시스템 자체의 결함을 보여준 장면”이라고 분석했다. 팬들도 팀 전체보다는 손흥민에게만 박수를 보냈고, “손흥민이 뛰기엔 팀이 너무 떨어진다”는 반응까지 등장했다. 해당 채널은 또 다른 메시지도 남겼다. “손흥민은 MLS 전체의 흐름을 바꿨고, 팬 기반을 확장하며 구단 안팎에 활력을 넣었다”며 “하지만 밴쿠버전이 알려준 점은 개인의 압도적 재능만으로는 넘어설 수 없는 벽이 존재한다는 사실”이라고 강조했다. / 10bird@osen.co.kr",https://v.daum.net/v/FrTjcvLxSi,OSEN,2025.11.26 12:15
"""스쿼드 포함 기대한다""… '천군만마' 얻은 아르테타 감독, 뮌헨전서 외데고르 복귀 가능성 직접 언급","(베스트 일레븐) 미켈 아르테타 아스널 감독이 팀의 캡틴 마르틴 외데고르의 복귀 가능성을 언급했다. 아르테타 감독이 지휘하는 아스널은 26일 새벽 5시(한국 시각) 에미레이츠 스타디움에서 열리는 2025-2026 UEFA 챔피언스리그 리그 페이즈 5라운드에서 바이에른 뮌헨과 맞붙는다. 2025-2026시즌 잉글랜드 프리미어리그 선두를 달리는 아스널과 2025-2026시즌 분데스리가에서 압도적 기세로 1위를 질주 중인 바이에른 뮌헨이 만난다는 점에서 이번 라운드는 최대 빅 매치로 꼽힌다. 이 경기에서 외데고르가 복귀할 가능성이 제기된다. ESPN UK에 따르면, 아르테타 감독은 바이에른 뮌헨전 사전 기자회견에서 외데고르의 복귀 가능성을 언급했다. 아르테타 감독은 ""외데고르는 지난 토트넘 홋스퍼전에서도 출전 가능성이 높았다. 바이에른 뮌헨전 스쿼드에 포함되기를 기대하고 있다""라고 말했다. 외데고르는 지난 10월 4일 아틀레티코 마드리드전에서 무릎 부상을 당한 이후 재활에만 전념해왔다. 아스널의 캡틴이자 전술의 중심인 외데고르가 이탈했음에도 좋은 성적을 유지했지만, 아르테타 감독은 전술 운용 폭이 좁아진 상황에서 쉽지 않은 경기를 이어가야 했다. 아르테타 감독의 입장에서 외데고르의 복귀는 천군만마에 가까운 소식이다. 아르테타 감독은 바이에른 뮌헨전 승부에 대한 자신감도 드러냈다. 아르테타 감독은 ""우리는 토트넘전에서 보인 에너지를 내일 경기에서도 다시 보여줘야 한다. 최상위 팀을 상대로 동일한 지배력, 공격성, 효율성을 갖고 경기에 임해야 한다""라고 말했다. 이어 ""바이에른 뮌헨 역시 이번 시즌 내내 꾸준했다. 이번 대결은 우리가 지금 어느 수준인지 확인할 수 있는 큰 시험""이라고 강조했다.   글=김태석 기자(ktsek77@soccerbest11.co.kr) 사진=ⓒgettyImages/게티이미지코리아(무단 전재 및 재배포 금지) 축구 미디어 국가대표 - 베스트 일레븐 & 베스트 일레븐 닷컴 저작권자 ⓒ(주)베스트 일레븐. 무단 전재/재배포 금지-www.besteleven.com",https://v.daum.net/v/9haWGzlwWY,베스트일레븐,2025.11.26 12:15
"""77명 중 6명만 살아남은 그 팀""…샤페코엔시 '비행기 참사' 10년 만에 세리A 복귀!→""눈물의 귀환, 브라질 전역 울렸다""","[스포티비뉴스=박대현 기자] 2016년 비행기 추락 사고로 선수단 대다수가 사망한 참극을 겪은 사폐코엔시(브라질)가 10년 만에 1부리그 승격에 성공했다. 영국 '트리뷰나'는 25일(이하 한국시간) ""샤페코엔시가 구단 역사에 새로운 챕터를 열었다. 지난 24일 아틀레치쿠 GO와 세리B(2부) 최종전에서 1-0으로 승리하며 2026년 세리A 승격을 확정했다""고 적었다. 올 시즌 사폐코엔시는 18승 8무 12패로 승점 62를 획득, 코리치바(승점 68) 아틀레치쿠 파라나엔시(승점 65)에 이어 세리B 3위를 확정했다. 2016년 11월 샤페코엔시는 남미 클럽 대항전인 코파 수다메리카나 결승을 치르기 위해 콜롬비아행 비행기에 몸을 실었다. 44년 만에 대회 결승행으로 축제 분위기였던 구단은 예상치 못한 비행기 사고로 잊을 수 없는 비극을 경험했다. 선수단과 스태프, 언론인 등으로 이루어진 77명 승객 가운데 단 6명만이 살아남는 참사를 맞았고 이후 경기장 안팎에서 힘겨운 재건의 여정을 걸어야 했다. 트리뷰나는 ""승격으로 가는 길은 그야말로 영웅적이었다. 리그 전체 관심이 강등권 경쟁에 집중되고 코리치바, 아틀레치쿠 파라나엔시 같은 명문 클럽이 이미 승격을 확정한 가운데 샤페코엔시는 마지막 순간까지 싸워야 했다""고 전했다. ""4위 헤무와 승점은 같지만 골득실에서 5골 앞서 극적으로 승격에 성공했다. 이들은 마지막까지 침착성을 유지했고 팬과 샤페코(연고지)에 단순한 스포츠적 성취, 그 이상을 선물했다""며 수년간의 좌절을 딛고 놀라운 회복력을 보인 '녹색 군단'의 위대성을 조명했다. <저작권자 ⓒ SPOTV NEWS. 무단전재 및 재배포 금지>",https://v.daum.net/v/5NUt2i71hf,스포티비뉴스,2025.11.26 12:04
"'분데스리가 명문' 도르트문트, 한국에 첫 공식 아카데미 개설… '도르트문트 출신' 박주호 가교 역할","[풋볼리스트] 김진혁 기자= 독일 분데스리가 명문 보루시아도르트문트가  대한민국 유소년 선수들을 위한 교육의 장을 경기도 수원시에 개설했다.  26일 도르트문트가 국내에서 처음으로 글로벌 유소년 육성 프로그램인 도르트문트 인터내셔널 아카데미 코리아를 공식 개설했다. 이를 통해 국내 유소년 선수들을 대상으로 도르트문트의 철학과 훈련 방식을 바탕으로 한 연중 상시 교육 프로그램을 제공할 예정이다. 아카데미는 수원월드컵경기장 인근에 위치해 있다. 이번 아카데미 개설은 전 국가대표 선수이자 도르트문트 출신인 한국 축구 레전드 박주호와의 협업을 통해 이뤄졌다. 프로 은퇴 후 유소년 육성에 힘써온 박주호는 도르트문트와 함께 초보 단계의 어린 선수부터 경쟁력을 갖춘 유망주까지 누구나 안정적으로 성장할 수 있는 교육 환경을 조성해 나갈 계획이다. 도르트문트 아카데미의 베네딕트 숄츠(Benedikt Scholz) 총괄은 ""축구에 대한 열정이 높고, 도르트문트와 오랜 인연을 이어온 한국에 공식 아카데미를 개설하게 되어 매우 뜻깊게 생각한다""라며 ""한국의 축구 유망주들이 도르트문트의 체계적인 훈련 시스템과 팀워크, 그리고 축구의 본질적인 즐거움을 담은 도르트문트만의 철학을 경험할 수 있기를 바란다""라고 말했다. 이어 ""특히 유소년 육성에 강한 의지를 가진 박주호와 함께하게 되어 더욱 의미가 크다""라고 덧붙였다. 도르트문트 인터내셔널 아카데미는 단순한 기술 훈련을 넘어 팀워크와 협력, 스포츠맨십, 경기 본연의 즐거움 등 도르트문트가 강조하는 핵심 철학을 기반으로 운영된다. 또한 도르트문트 코칭 시스템을 적용한 전문적인 지도 아래, 축구 기술은 물론 인성과 사회적 역량까지 균형 있게 성장시킬 수 있는 체계적인 교육 프로그램을 제공한 아카데미 운영을 맡은 박주호 총괄은 ""도르트문트 인터내셔널 아카데미 코리아 운영을 맡게 된 것은 개인적으로도 매우 뜻깊은 일이다. 프로 선수 생활을 마친 뒤, 축구를 통해 쌓아온 경험과 배움을 어린 선수들과 나누고 싶은 마음이 컸다""라며 ""유소년 선수들이 기술 향상은 물론 서로에 대한 존중, 팀워크, 끈기 등을 배우며 성장할 수 있는 환경을 만들어가겠다. 도르트문트의 철학 아래 미래의 선수들이 어떻게 성장해 나갈지 기대된다""라고 말했다. 아카데미 개설을 기념해 지난 24일 개최한 개막 축구 캠프에는 도르트문트 인터내셔널 아카데미 본사 코치 2명이 직접 참여했다. 캠프에 참가한 유소년 선수들은 도르트문트의 세계적인 트레이닝을 체험하며, 아카데미가 추구하는 핵심 가치를 미리 경험하는 시간을 가졌다. 도르트문트는 축구에 대한 한국의 열정과 잠재력을 높이 평가하며, 이번 아카데미 개설이 전 세계 유소년 축구 발전을 위한 도르트문트의 글로벌 비전을 실현하는 데 있어 중요한 전환점이 될 것으로 기대하고 있다. 사진= 인사이트 커뮤니케이션즈 제공, 풋볼리스트",https://v.daum.net/v/FtAKdD6bWu,풋볼리스트,2025.11.26 12:04
"공식전 3경기 무승… 사임 압박에 놓인 사비 알론소 감독 ""지지 필요 없어, 레알 감독이면 이런 순간 견뎌야 해""","(베스트 일레븐) 사비 알론소 레알 마드리드 감독이 최근 부진 속에서 자신을 향해 거취 논란이 일고 있는 상황에 대해 ""공개적인 지지는 필요하지 않다""라고 반응했다. 사비 알론소 감독이 지휘하는 레알 마드리드는 27일 새벽(한국 시간) 그리스 피레우스 카라이스카키스 스타디움에서 열리는 2025-2026 UEFA 챔피언스리그 리그 페이즈 5라운드에서 올림피아코스와 맞붙는다. 이 경기를 앞둔 레알 마드리드의 분위기는 좋지 않다. 레알 마드리드는 지난 5일 리버풀 원정 0-1 패배를 시작으로 2025-2026 스페인 라리가 12라운드 라요 바예카노 원정 무득점 무승부, 13라운드 엘체 원정 2-2 무승부 등 최근 세 경기에서 승리를 거두지 못하고 있다. 이 같은 부진의 책임을 묻는 여론이 형성되고 있으며, 일부에서는 사비 알론소 감독의 거취까지 거론하고 있다. 여기에 비니시우스 주니오르의 재계약 문제도 감독의 위치를 흔들고 있다. 비니시우스가 2027년 6월까지 계약을 연장하지 않겠다는 의사를 밝히면서 그 이유로 사비 알론소 감독을 지목했다는 스페인 현지 보도가 빠르게 퍼졌기 때문이다. 그럼에도 사비 알론소 감독은 흔들림 없는 태도를 유지했다. ESPN UK에 따르면, 사비 알론소 감독은 25일 새벽 올림피아코스전 사전 기자회견에서 슈퍼스타를 다루는 법을 묻는 질문에 ""레알 마드리드 감독이라면 근본적인 요소""라고 답했다. 사비 알론소 감독은 ""레알 마드리드 감독에게는 늘 요구가 많다""라고 말하며, ""내가 이런 상황을 겪는 첫 번째 감독도 아니다. 카를로 안첼로티, 조세 무리뉴, 마누엘 페예그리니 감독이 이런 순간을 어떻게 다뤘을지 떠올린다. 새로운 일은 아니며, 이런 상황 속에서 살아가는 법을 알아야 한다""라고 말했다. 비니시우스 등 특정 선수와 관계가 흔들린다는 주장에 대해서도 사비 알론소 감독은 ""선수들의 자존심을 관리하는 일은 전술 아이디어나 피지컬 훈련만큼 중요하다""라고 말하며, ""개성이 강한 선수들에게서 최상의 모습을 끌어내야 한다. 이 과정에는 굴곡이 있다. 어디에서든 필요한 일이지만, 마드리드에서는 더욱 근본적이다""라고 강조했다. 사비 알론소 감독은 이어 ""나는 개성이 강한 선수들과 일해왔다. 그들은 항상 최고를 원하고, 그것이 그들을 최고로 만든다""라고 말했다. 또 ""나는 라커룸이 어떤 곳인지 잘 안다. 외부 소음을 견디며 우리가 할 수 있는 것에 집중해야 한다""라고 밝혔다. 플로렌티노 페레스 레알 마드리드 회장을 비롯한 수뇌부로부터 지지를 받고 있는지에 대한 질문에는 ""그런 건 필요하지 않다""라고 답했다. 사비 알론소 감독은 ""오늘 아침에도 회장과 얘기를 나눴다. 우리는 매일 소통하고 있다""라고 설명했다. 한편 사비 알론소 감독과 함께 기자회견에 참석한 수비수 알바로 카레라스는 ""우리 팀 분위기는 정말 좋다. 감독과 25명 선수 모두 훌륭한 팀을 이루고 있다""라고 말하며 외부에서 제기되는 불화설을 일축했다. 글=김태석 기자(ktsek77@soccerbest11.co.kr) 사진=ⓒgettyImages/게티이미지코리아(무단 전재 및 재배포 금지) 축구 미디어 국가대표 - 베스트 일레븐 & 베스트 일레븐 닷컴 저작권자 ⓒ(주)베스트 일레븐. 무단 전재/재배포 금지-www.besteleven.com",https://v.daum.net/v/QB3QqM3GCH,베스트일레븐,2025.11.26 12:03
"폭행했는데 집행유예라니...트럼프와 만난 호날두, 북중미 월드컵 본선 출전 문제 없다! FIFA, 등 가격에도 집행유예 줘","[인터풋볼=신동훈 기자] 크리스티아누 호날두는 특혜 논란과 함께 장기 징계를 피해 2026 국제축구연맹(FIFA) 북중미 월드컵에 나설 수 있다.  국제축구연맹(FIFA)은 26일(이하 한국시간) 호날두 징계를 공개했다. 호날두는 3경기 출전 정지 징게를 받았는데 이미 퇴장 징계로 결장한 아르메니아전을 제외한 나머지 2경기는 앞으로 1년 동안 근신 기간을 적용해 집행유예 처분을 받았다. 아일랜드전 사건이 일어났다. 호날두는 1985년생이다. 2023년 맨체스터 유나이티드를 떠나 사우디아라비아 알 나스르로 왔다. 호날두가 알 나스르에 온 후 사우디아라비아 영입 폭풍이 유럽을 덮었다. 알 나스르에서 여전히 활약을 이어가는 호날두는 포르투갈 대표팀에서도 여전히 주전이다. 아일랜드와의 북중미 월드컵 유럽 예선 F조 5차전에서도 선발 출전한 호날두는 퇴장을 당했다.    승리를 하면 북중미 월드컵 본선행을 확정하는 경기였다. 포르투갈은 전반 트로이 패럿 멀티골로 끌려갔다. 그러다 후반 16분 호날두가 경합 도중 신경질적 모습을 보이면서 팔꿈치로 등을 가격했다. 비디오 판독이 실시되는 동안 아일랜드 팬들이 야유를 보내자 호날두는 '징징 거리지 마'라고 말하는 듯한 행동을 취했다. 퇴장이 아니라고 확신하는 듯했지만 비디오 판독을 끝낸 주심은 퇴장을 선언했다. 이번 퇴장은 호날두가 뛴 A매치 226경기 중 첫 퇴장이었다.  그때 호날두는 헤나투 베이가, 넬송 세메두를 투입하면서 변화를 주고 공격에 힘을 주는 상황이었다. 로베르토 마르티네스 감독 입장에선 호날두 퇴장이 엄청난 악재였다. 1985년생이자 포르투갈 역대 최고 선수에게 원하던 모습이 아니었다. 퇴장을 당하면서도 호날두는 박수를 치고 엄지를 들었다. 고개를 계속 흔들면서 판정에 불만도 드러냈다. 아일랜드 관중들은 손가락 욕과 호날두가 했던 행동을 따라하면서 조롱을 했다. 이미 0-2인 상황에서 호날두 퇴장은 포르투갈에 치명적이었다.  호날두 퇴장 이후 포르투갈은 후반 18분 프란시스코 트린캉, 하파엘 레앙을 추가했다. 후반 31분 곤살루 하무스를 투입해 최전방을 강화했다. 아일랜드에 점유율을 내주면서도 계속 반격했다. 하지만 골은 없었고 결과는 포르투갈의 0-2 패배였다. 포르투갈은 아르메니아전에서 승리를 하면서 월드컵 본선행을 확정했는데 호날두 행동은 논란이 됐다. 호날두 사전 기자회견 발언과 아예 반대되는 행동이었다. 호날두는 사우디아라비아에서 열린 관광 포럼에서 ""2026 월드컵이 내 마지막 월드컵이다. 확신한다. 그때는 41살이다. 난 축구에 모든 걸 바쳤다. 25년 동안 축구에 몸을 담았고 클럽, 대표팀을 거치면서 여러 기록을 세웠다. 정말 자랑스럽다. 이 순간을 즐기고 현재를 살아가고 싶다. 아직 은퇴는 아니다. 은퇴를 한다고 하면 적어도 1년 안에 떠난다고 생각하는데 그렇다면 당장 은퇴는 없다. 2년 뒤 즈음에 은퇴를 하려고 한다. 나이는 마흔인데 난 여전히 즐기고 나아가고 있다. 몸 상태는 좋다. 포르투갈 대표팀에서도 골을 넣고 팀을 도와주고 있다. 타이틀을 원한다. 그게 나의 인생이다""""고 북중미 월드컵을 향한 동기부여를 밝혔다.  아일랜드 팬들을 향해 메시지도 보냈다. 호날두는 지난 아일랜드와 맞대결에서 네베스 골이 나왔을 때 제이크 오브라이언 앞에서 세리머니를 해 아일랜드 팬들의 엄청난 비판을 받은 바 있다. 사전 기자회견에서 이를 의식한 듯 ""아일랜드 팬들을 좋아한다. 그들의 응원은 정말 사랑스럽다. 다시 여기에서 뛰게 돼 기쁘다. 힘든 경기를 예상한다. 아일랜드 팬들이 너무 야유하지 않았으면 좋겠다""라고 이야기했고 ""착한 아이가 되려고 노력하겠다""라고 이야기했다. 그런데 비정상적 행동을 통해 불명예 퇴장을 당했다. 아일랜드의 하이미르 할그림손 감독은 ""호날두는 집중력을 잃었다. 팬들 때문인 것 같다. 퇴장이 나왔을 때 호날두 본인도 자신의 행동을 후회한 것 같다. 좌절을 했겠지만 우리 수비수를 공격한 건 어리석은 결정이었다""고 이야기했다. 마르티네스 감독은 ""226경기 동안 한 번도 퇴장당하지 않은 주장(호날두)에게 레드카드가 나왔다. 오늘은 조금 과하다고 생각한다. 호날두는 단지 박스 안에서 끌리고, 잡히고, 밀리다가 몸을 피하려다 발생한 일입니다. 팔꿈치로 보이지만 실제로는 전신 접촉이다. 카메라 각도 때문에 팔꿈치처럼 보이는 것""이라며 호날두를 감쌌다. CBS 스포츠 전문가 제프 슈리브스는  ""포르투갈은 압박하는 팀인데, 호날두는 압박을 할 수가 없다. 지난 2022 FIFA 카타르 월드컵에서 호날두 대신 곤살루 하무스가 들어와서 해트트릭을 기록했던 것을 기억하나? 나는 포르투갈이 호날두가 없을 때 더 나은 팀이라고 생각한다""라며 ""난 여전히 호날두가 공헌할 수 있다고 생각한다. 그의 아우라는 엄청나지만, 포르투갈은 호날두가 없을 때 더 유동적이다""라고 하면서 차라리 호날두가 없는 것이 포르투갈에 이득이라는 주장도 나왔다.  퇴장 직후 장기 징계를 받아 북중미 월드컵 본선에도 나오지 못할 거라는 전망도 나왔다. 자신의 잘못된 행동으로 마지막 월드컵을 놓칠 뻔했지만 FIFA는 놀라운 징계를 내놓았다. 퇴장 징계를 이미 1경기 치른 상황에서 2경기 추가 징계가 나왔는데 집행유예였다. FIFA는 ""징계 규정 27조에 근거해 나머지 두 경기는 집행유예를 판정한다. 1년 안에 유사한 위반 행위를 저지르면 즉시 유예 징계가 발동돼 2경기 동안 나오지 못한다""고 했다. 비신사적 행동으로 인해 퇴장을 당했는데 사후 징계에서 집행유예가 나오는 경우는 찾기 어렵다. 호날두 특혜 논란이 나오는 이유다. 포르투갈 '헤코르드'는 ""규정에 따르면 폭력 행위에 대해선 3경기 출전 정지 징계가 가능하다. 이는 호날두를 2026 FIFA 북중미 월드컵 첫 2경기에서 제외시킬 수 있었다""라며 ""그러나 그렇게 되지 않았다. FIFA는 호날두에게 더 가벼운 처벌을 부여했다""라고 조명했다 . 북중미 월드컵을 위한 흥행을 위해 징계 조항을 이용해 특혜를 줬다는 주장이 나오고 있다. ",https://v.daum.net/v/QUl8uP1y3c,인터풋볼,2025.11.26 12:02
"""다시 일어난다"" 패배의 그늘에서 빠져나온 스토크시티와 배준호의 재기",배준호가 스토크 시티의 찰턴 애슬레틱전 승리에 일조했다. 26일 베트365 스타디움에서 열린 챔피언십 17라운드 경기에서 배준호의 기술이 토머스의 결정적 슈팅으로 이어져 스토크의 3-0 완승을 견인했다. 배준호는 이전 라운드에서도 레스터 시티전에서 팀 호소 득점을 터뜨려 이번이 2경기 연속 공격포인트다. 올 시즌 리그 기준 1골 2어시스트를 기록 중인 배준호는 2선 공격수로서 안정적인 활약을 이어가고 있다. 스토크 시티는 15~16라운드의 패배에서 벗어나 3경기 만에 재기했다. 경기는 초반부터 흐름을 주도했다. 전반 3분과 5분 토머스와 만호프의 연속 골로 조기 리드를 확보한 스토크는 안정적으로 승리를 관리했다. 이 결과 스토크는 2위(승점 30)로 지위를 올렸다. 한편 엄지성이 속한 스완지 시티는 더비 카운티에 1-2로 석패했다. 선발 출장한 엄지성은 후반 29분 교체됐으며 팀의 공격 활동에는 기여하지 못했다. 스완지는 20위(승점 17)에 머물렀다. [이신재 마니아타임즈 기자 / 20manc@maniareport.com] 기사제보 및 보도자료 report@maniareport.com,https://v.daum.net/v/397sgIe41Y,마니아타임즈,2025.11.26 12:00
"도르트문트, 한국에 첫 공식 아카데미 개설…박주호와 파트너십 체결","독일 분데스리가의 명문 구단 보루시아 도르트문트가 박주호와 협업해 국내에서 처음으로 공식 아카데미를 개설했다.  분데스리가의 언론홍보를 담당하는 인사이트 커뮤니케이션즈는 26일 “도르트문트가 국내에서 처음으로 글로벌 유소년 육성 프로그램인 도르트문트 인터내셔널 아카데미 코리아를 공식 개설했다”며 “국내 유소년 선수들을 대상으로 도르트문트의 철학과 훈련 방식을 바탕으로 한 연중 상시 교육 프로그램을 제공할 예정”이라고 밝혔다.  이번 아카데미 개설은 전 국가대표 선수이자 도르트문트 출신인 한국 축구 레전드 박주호와의 협업을 통해 이뤄졌다. 프로 은퇴 후 유소년 육성에 힘써온 박주호는 도르트문트와 함께 초보 단계의 어린 선수부터 경쟁력을 갖춘 유망주까지 누구나 안정적으로 성장할 수 있는 교육 환경을 조성해 나갈 계획이다. 아카데미는 수원월드컵경기장 인근에 위치해 있다. 베네딕트 숄츠 보루시아 도르트문트 아카데미 총괄은 “축구에 대한 열정이 높고 도르트문트와 오랜 인연을 이어온 한국에 공식 아카데미를 개설하게 돼 매우 뜻 깊게 생각한다”며 “한국의 축구 유망주들이 도르트문트의 체계적인 훈련 시스템과 팀워크 그리고 축구의 본질적인 즐거움을 담은 도르트문트만의 철학을 경험할 수 있기를 바란다”고 말했다. 이어 “특히 유소년 육성에 강한 의지를 가진 박주호와 함께하게 돼 더욱 의미가 크다”고 덧붙였다. 도르트문트 인터내셔널 아카데미는 단순한 기술 훈련을 넘어 팀워크와 협력, 스포츠맨십, 경기 본연의 즐거움 등 도르트문트가 강조하는 핵심 철학을 기반으로 운영된다. 또한 도르트문트 코칭 시스템을 적용한 전문적인 지도 아래 축구 기술은 물론 인성과 사회적 역량까지 균형 있게 성장시킬 수 있는 체계적인 교육 프로그램을 제공한다. 아카데미 개설을 기념해 지난 24일 개최한 개막 축구 캠프에는 보루시아 도르트문트 인터내셔널 아카데미 본사 코치 2명이 직접 참여했다. 캠프에 참가한 유소년 선수들은 도르트문트의 세계적인 트레이닝을 체험하며 아카데미가 추구하는 핵심 가치를 미리 경험하는 시간을 가졌다. 도르트문트는 축구에 대한 한국의 열정과 잠재력을 높이 평가하며, 이번 아카데미 개설이 전 세계 유소년 축구 발전을 위한 도르트문트의 글로벌 비전을 실현하는 데 있어 중요한 전환점이 될 것으로 기대하고 있다. 아카데미 운영을 맡은 박주호 총괄은 “도르트문트 인터내셔널 아카데미 코리아 운영을 맡게 된 것은 개인적으로도 매우 뜻 깊은 일이다. 프로 선수 생활을 마친 뒤, 축구를 통해 쌓아온 경험과 배움을 어린 선수들과 나누고 싶은 마음이 컸다”며 “유소년 선수들이 기술 향상은 물론 서로에 대한 존중, 팀워크, 끈기 등을 배우며 성장할 수 있는 환경을 만들어가겠다. 도르트문트의 철학 아래 미래의 선수들이 어떻게 성장해 나갈지 기대된다”고 이야기했다. 송한석 기자 gkstjr11@kukinews.com",https://v.daum.net/v/uakmyUIkgj,쿠키뉴스,2025.11.26 11:59
"트럼프 만나고 징계 완화? '팔꿈치 퇴장' 호날두, 마지막 월드컵 뛴다…""공정성 무시"", ""축구 팬 모욕"" 비판 속출","(엑스포츠뉴스 나승우 기자) 슈퍼 스타의 삶은 다르다. 징계도 예외 규정으로 적용 받는다. 폭력적 행동으로 퇴장 당한 크리스티아누 호날두 얘기다. 국제축구연맹(FIFA) 징계위원회는 26일(한국시간) 호날두의 출전 정지 징계를 1경기로 확정했다. 보통 폭력 행위로 퇴장 당했을 때 3경기 출장 정지 징계가 나오지만, 나머지 2경기는 유예 처리됐다. 호날두는 지난 14일 아일랜드와의 2026 FIFA 북중미 월드컵 유럽 예선 조별리그 F조 9차전 원정 경기에서 후반 16분 퇴장 당했다. 공이 없는 상황에서 아일랜드 수비수 다라 오셰이에게 팔꿈치를 휘둘렀다. 당초 주심은 이 장면을 제대로 보지 못하고 옐로카드를 꺼내들었으나 비디오 판독(VAR) 후 판정을 번복하고 다이렉트 퇴장을 명령했다. 옐로카드를 받았을 때 눈물을 닦는 듯한 몸 동작으로 오셰이를 조롱했던 호날두는 주심의 퇴장 명령에 황당하다는 표정을 지었고, 아일랜드 팬들이 똑같은 동작으로 되돌려주자 두 팔 벌려 박수를 치며 경기장을 빠져나갔다. 명백한 비매너 행위를 한 호날두에게 많은 비판의 목소리가 쏟아졌다. 가장 중요한 징계 수위에 대해서는 FIFA가 폭력 행위로 인한 퇴장 사례에 적용하던 3경기 정지가 유력했다. 이에 아르메니아와의 유럽 예선 최종전을 포함해 월드컵 본선 조별리그 개막전과 2차전까지 나올 수 없을 것으로 예상됐다. 하지만 FIFA가 관례를 깨고 호날두에게 1경기 징계, 2경기 유예를 확정하면서 호날두는 월드컵 본선에서 문제 없이 뛸 수 있게 됐다. FIFA는 성명을 통해 ""FIFA 징계 규정 27조에 따라 남은 2경기는 1년의 유예 기간 동안 중단된다. 만약 호날두가 유예 기간 동안 유사한 성격과 심각성을 가진 위반 행위를 다시 저지를 경우, 징계 결정에 명시된 출장 정지는 자동으로 취소되며, 포르투갈 대표팀의 다음 공식 경기에서 즉시 집행돼야 한다. 이는 새로운 위반 행위에 대해 부과되는 추가 제재에는 영향을 미치지 않는다""고 밝혔다. FIFA 징계 규정에는 선수가 팔꿈치로 가격하거나, 주먹으로 때리거나, 발로 차거나, 물거나, 침을 뱉거나, 상대 선수 또는 심판이 아닌 사람을 때리는 등 폭행을 가한 경우 최소 3경기 또는 적절한 기간 동안 출장 정지 징계를 받아야 한다는 내용이 있다. 그러나 징계 규정 27조에는 징계 처분을 결정하는 FIFA 징계위원회가 징계 조치의 전부 또는 일부를 중단할 수 있는 권한을 갖는다고 나와있다. FIFA는 이 규정을 이용해 호날두의 징계를 1경기로 확정하고, 나머지 2경기는 유예로 중단하는 결정을 내렸다. 이번 퇴장이 호날두가 226번째 A매치 만에 처음 받은 퇴장이었다는 점을 고려한 것으로 알려졌다. 이로써 아일랜드전 퇴장으로 아르메니아전을 건너 뛰었던 호날두는 월드컵 조별리그 1, 2차전을 무사히 뛸 수 있게 됐다. 물론 호날두가 유예 기간 동안 비슷한 행위로 또다시 퇴장 당할 경우 2경기 징계는 다시 적용될 수 있다. 다만 FIFA가 호날두의 마지막 월드컵 출전을 위해 눈을 감아준 것 아니냐는 일종의 특혜 논란에 대해서는 비판을 피하기 어려워 보인다. 영국 매체 데일리메일은 ""호날두는 폭력적 행위에도 불구하고, FIFA가 독특한 결정을 내리면서 월드컵 출전을 허가 받았다. 도널드 트럼프 미국 대통령과 회담 1주일 만에 일어난 일""이라고 보도했다. 매체는 ""호날두와 약혼녀 조지나 로드리게스는 지난주 트럼프를 만나기 위해 워싱턴DC로 향했다. 두 사람은 화요일 밤 세계에서 가장 강력한 지도자들과 함께 화려한 블랙타이 만찬에 참석했다""면서 ""호날두와 조지나가 대통령 집무실로 초대되기 전, 세 사람은 저녁 식사 후 함께 산책을 하면서 웃음과 농담을 나눴다""고 전했다. 이어 ""트럼프 대통령은 호날두를 따뜻하게 맞아줬다. 집무실을 둘러보고 기념 선물도 전달했다""며 호날두와 트럼프 대통령 사이를 의심했다. 영국 매체 텔레그래프 또한 ""호날두의 월드컵 구제는 축구 팬들에 대한 모욕""이라며 ""호날두가 첫 국제대회 퇴장이라는 이유로 징계가 감면되며 사실상 특혜를 받았다""고 비판했다. 이어 ""호날두는 최근 잔니 인판티노 FIFA 회장과 함께 백악관 행사에 초청받은 직후, FIFA로부터 예상치 못한 '월드컵 면죄부'를 받았다""며 역시 미국 방문 직후 무슨 일이 있었던 것으로 의심했다. 또 ""미국이라는 세계 최도 규모의 경제권에서 열리는 월드컵의 성공은 슈퍼스타 존재 여부에 달려 있다. 축구가 아직 주류 스포츠가 아닌 나라에서 이 대회를 크게 흥행시키려면 호날두 같은 인물이 필요하다""면서 ""공정한가? 물론 아니다. 하지만 공정성은 FIFA가 월드컵을 세계에서 가장 수익성 높은 이벤트로 만들기 위해 중시하는 가치가 아니다""라고 지적했다. 그러면서 ""FIFA가 설명한 '포르투갈 대표팀에서 첫 래드카드였다'는 설명은 축구 팬들의 지능을 무시하는 변명""이라며 강도 높게 비판했다. 사진=연합뉴스 나승우 기자 winright95@xportsnews.com",https://v.daum.net/v/399FcvLxZa,엑스포츠뉴스,2025.11.26 11:54
"'FIFA식 호날두 살리기?' 팔꿈치 휘둘러도 '2경기 집행 유예', 북중미 월드컵 징계 막았다","[풋볼리스트] 김진혁 기자= 국제축구연맹(FIFA)가 크리스티아누 호날두의 팔꿈치 퇴장 징계를 경감해 논란이 됐다. 26일(한국시간) 스포츠 전문 매체 '디애슬레틱'에 따르면 FIFA는 ""호날두는 지난 11월 아일랜드와 유럽 예선에서 다이렉트 레드카드를 받아 3경기 출전 정지를 부과했다. 1경기는 아르메니아와 유럽 예선에서 소화했고 FIFA 징계 규정 27조에 따라 남은 2경기 징계는 1년 보호 관찰 기간 동안 집행이 유예됐다""라고 밝혔다. 호날두는 지난 아일랜드와 북중미 월드컵 유럽 예선 9차전에서 후반전 팔꿈치를 휘둘러 퇴장 당했다. 호날두는 후반 16분 박스 안에서 아일랜드 다라 오셰이와 몸싸움을 벌이다 팔꿈치로 상대 등을 가격했다. 자연스러운 동작이 아닌 신경질적으로 반응해 의도적으로 상체를 회전시킨 명백한 폭력 행위였다. 결국 비디오 판독(VAR) 끝에 퇴장이 선언됐다. 퇴장 판정 전후로 호날두는 아일랜드 홈 관중을 도발하는 행동으로 뭇매를 맞기도 했다. FIFA 징계 규정 2장 14조에 따르면 '팔꿈치 사용 등의 명백한 폭력 행위에 대해선 최소 3경기 또는 적절한 기간의 출장 정지'가 부과된다. 만일 호날두가 위 규정대로 복수 경기 정지를 당한다면 내년에 열리는 북중미 월드컵 조별리그까지 징계 효력이 미치게 된다. 이에 포르투갈축구협회(FPF)는 호날두 징계를 최소화하기 위해 FIFA 측에 공식 진술서를 제출하기도 했다. 결국 FIFA는 호날두의 손을 들어줬다. FIFA 징계위원회는 규정에 따라 호날두에게 3경기 출장 정지 징계를 내렸지만, 이 중 2경기는 '1년 보호 관찰'이라는 집행 유예로 처리했다. 즉 호날두가 남은 1년간 '유사한 성질'과 '중대성'을 가진 추가적인 위반을 범하지 않을 경우 징계는 1경기로 유지된다. 현지 보도에 따르면 호날두의 퇴장이 A매치 226경기 만에 첫 발생한 사례라는 점이 징계 수위 결정에 영향을 미쳤다고 한다. 사실상 FIFA가 호날두의 징계를 경감해 준 셈이다. 일각에서는 FIFA가 월드컵 흥행을 고려해 정치적인 결정을 내린 것이 아니냐는 의혹을 제기하고 있다. 잔니 인판티노 FIFA 회장은 북중미 월드컵이 다가올수록 도널드 트럼프 미국 대통령을 과도하게 환대하는 모습을 보인 바 있다. 이번 호날두 징계 경감도 트럼프 대통령과 인판티노 회장 사이의 이해관계가 영향을 줬을 거란 의심 섞인 시선이 주를 이루고 있다. 게다가 호날두 역시 최근 미국과 사우디아라비아 외교 협력을 계기로 트럼프 대통령과 회동했다. 지난 19일 백악관에 초청된 호날두가 트럼프 대통령과 관사를 나란히 걸으며 대화를 나누는 장면이 공개됐다. 같은 날 사우디 대표단을 위한 만찬 연설 때 트럼프 대통령은 '호날두와 만남' 공개적으로 언급하며 특별한 애정을 밝히기도 했다. 이번 호날두 징계와 관련해 '디애슬레틱'은 ""전례도, 논리도, 일관성도 없는 결정""이라며 ""명백한 폭력행위에 대한 징계를 오로지 스타 선수를 위해 예외로 만든 사례"", ""호날두 없는 월드컵 흥행을 받아들일 수 없다는 메시지나 다름없다""라는 등 맹비난했다. 사진= 게티이미지코리아, 백악관 소셜 미디어 채널",https://v.daum.net/v/8HUguP1yy4,풋볼리스트,2025.11.26 11:54
"""10명은 너무 많았나 봐"" 펩, UCL 100번째 경기서 고개 푹...""로테이션 벌 받았다"" 레버쿠젠에 0-2 완패","[OSEN=고성환 기자] 맨체스터 시티가 대거 로테이션을 가동한 끝에 공식전 연패에 빠졌다. 펩 과르디올라 감독은 패배를 모두 자신의 탓으로 돌렸다. 맨시티는 26일(이하 한국시간) 영국 맨체스터의 에티하드 스타디움에서 열린 2025-2026시즌 유럽축구연맹(UEFA) 챔피언스리그(UCL) 리그 페이즈 5차전에서 레버쿠젠에 0-2로 패했다. 이로써 맨시티는 3승 1무 1패, 승점 10으로 6위에 자리했다. 과르디올라 감독은 자신의 UCL 통산 100번째 경기에서 고개를 떨궜다. 원정 경기에서 대어를 낚은 레버쿠젠은 2승 2무 1패, 승점 7을 기록하며 13위로 점프했다.  맨시티는 4-3-3 포메이션으로 시작했다. 오마르 마르무시, 사비뉴-티자니 라인더르스-오스카르 보브, 니코 곤살레스-리코 루이스, 라얀 아이트누리-네이선 아케-존 스톤스-압두코디르 후사노프, 존 트래포드가 선발로 나섰다. 지난 23일 1-2로 패했던 뉴캐슬전과 비교하면 무려 11명 중 10명이 바뀌었다. 곤살레스만이 다시 선발 명단에 이름을 올렸다. 레버쿠젠은 3-1-4-2- 포메이션으로 맞섰다. 파트리크 시크-크리스티안 코파네, 알레한드로 그리말도-말릭 틸만-이브라힘 마자-어니스트 포쿠, 알레시 가르시아, 자뉘엘 벨로시앙-로익 바데-자렐 콴사, 마르크 플레컨이 먼저 출격했다. 엘링 홀란도 없이 사실상 2군 선수들로 나선 맨시티. 전반 5분 좋은 공격을 만들었다. 코너킥 상황에서 라인더르스가 올려준 공이 흘러나왔고, 아케가 루이스의 패스를 받아 슈팅했다. 하지만 플레컨 선방에 막혔다. 레버쿠젠이 선제골을 뽑아냈다. 전반 23분 역습 상황에서 코파네가 박스 안으로 투입된 공을 등으로 지켜내며 뒤로 내줬다.  이를 그리말도가 논스톱 슈팅으로 연결해 골망을 갈랐다. 반격에 나선 맨시티는 전반 30분 아야트누리의 슈팅이 골문 옆으로 벗어나며 아쉬움을 삼켰다. 과르디올라 감독은 후반 시작과 동시에 제레미 도쿠, 니코 오라일리, 필 포든을 투입하며 반전을 꾀했다. 하지만 두 번째 골도 레버쿠젠의 몫이었다. 후반 8분 마자가 왼쪽에서 올려준 크로스를 시크가 높이 뛰어올라 머리로 마무리했다. 급해진 맨시티는 홀란과 라얀 셰르키까지 투입하며 골을 노려봤지만, 뜻을 이루지 못했다. 후반 21분 홀란의 헤더도 골문을 외면했고, 후반 40분 셰르키의 슈팅도 골키퍼가 잡아냈다. 경기는 그대로 레버쿠젠의 완승으로 끝났다. 대거 로테이션의 대가를 치르고 만 맨시티. '비인 스포츠'는 ""그리말도와 시크가 과르디올라의 로테이션에 벌을 내렸다. 맨시티는 과르디올라의 100번째 UCL 경기에서 시즌 첫 대회 패배를 기록했다""라고 짚었다. 과르디올라 감독은 완패를 자신의 탓으로 돌렸다. 그는 경기 후 'TNT 스포츠'와 인터뷰에서 ""전적으로 내 책임이다. 하지만 여전히 선발 출전한 선수들은 뛰어난 선수들이라고 생각한다. 다만 우리는 최고 수준에서 필요한 걸 놓쳤다. 이제 다음 경기를 위해 싸워야 한다""라고 말했다. 또한 과르디올라 감독은 선발 11명 중 10명을 바꾼 결정에 대해 ""받아들여야 한다. 우리가 이기면 문제가 되지 않았을 거다. 10명은 너무 많을 수도 있지만, 우리는 2~3일에 한 번씩 경기하기 때문에 변화가 필요하다고 생각했다. 그러나 결과를 보면 아마도 너무 많았던 것 같다""라고 밝혔다. 한편 맨시티가 안방에서 독일 팀을 상대로 패한 건 2013년 이후 처음이다. 공교롭게도 당시 에티하드 스타디움에서 맨시티를 무너뜨렸던 건 과르디올라 감독이 이끌던 바이에른 뮌헨이었다. 맨시티는 12년 전 바이에른에 1-3으로 패한 뒤 UCL 무대에서 독일 팀을 상대로 홈 무패를 이어오고 있었지만, 이번 패배로 깨지게 됐다. /finekosh@osen.co.kr [사진] ⓒGettyimages(무단전재 및 재배포 금지), 스카이 스포츠, BBC.",https://v.daum.net/v/uLhJZbTsS6,OSEN,2025.11.26 11:48
항상 밝기만 했던 손흥민의 ‘좌절’…LAFC 동료들 한목소리 “쏘니 넌 최고였어”,"[포포투=박진우] 항상 밝기만 했던 손흥민의 좌절을 바라본 동료들. 너나할 것 없이 위로의 목소리를 보냈다. LAFC는 23일 오전 11시 30분(한국시간) 캐나다 밴쿠버에 위치한 BC 플레이스에서 열린 2025 미국 메이저리그사커(MLS) 플레이오프 8강에서 밴쿠버 화이트캡스와 2-2 무승부를 거뒀지만, 승부차기에서 패배하며 탈락했다. ‘우승’을 바라봤던 손흥민의 열망을 확인할 수 있었던 경기였다. LAFC는 전반에만 두 골을 내리 헌납, 최악의 경기력으로 끌려갔다. 다만 후반에 들어서며 절치부심했다. 역시나 그 중심에는 손흥민이 있었다. 후반 15분 문전 혼전 상황, 집념의 슈팅으로 추격골을 넣었다. 패색이 짙었던 후반 추가시간 5분, ‘전매특허’ 오른발 감아차기로 극적인 프리킥 환상골을 넣으며 2-2를 만들었다. 연장에 돌입한 손흥민은 이후 근육 경련을 호소하며 승부차기 1번 키커로 나섰다. 손흥민은 좌절했다. 골문 우측을 보고 때린 슈팅이 골대를 맞고 흘러나온 것. 결국 LAFC는 승부차기에서 밴쿠버에게 패배, MLS컵 여정을 8강에서 마무리하게 됐다. 손흥민은 경기 직후 멍하니 그라운드를 바라보며 짙은 아쉬움을 표했다. 결과는 아쉬웠지만, 손흥민의 LAFC 데뷔 시즌은 환상적이었다. 최전방 공격수로 포지션을 옮기며 드니 부앙가와 완벽한 호흡을 자랑했고, LAFC를 한 단계 업그레이드시켰다. 손흥민은 13경기 12골 4도움이라는 폭발적인 기록을 남겼다. 경기장 안팎에서 ‘손흥민 효과’를 제대로 실감한 LAFC였다. 손흥민은 내년을 기약했다. 개인 SNS를 통해 “이 팀이 정말 자랑스럽다. 어젯밤은 모두가 바라던 결말로 끝나지는 않았지만, 우리가 보여준 투지와 정신력은 놀라웠다. 마지막 순간까지 포기하지 않고 싸웠다. 이번 시즌 내내 보내준 응원 덕분에 이곳이 집처럼 느껴졌다. 진심으로 감사드린다. 내년에는 더 강해져서 돌아오겠다”고 다짐했다. 항상 밝았던 손흥민이 좌절하는 모습을 처음으로 지켜봤던 LAFC 동료들. 너나할 것 없이 손흥민을 위로했다. ‘단짝’ 부앙가는 댓글을 통해 “King”이라는 문구와 함께 하트 이모티콘을 덧붙였다. 티모시 틸먼은 “넌 정말 최고다”라고 말했고, 세르지 팔렌시아 역시 스페인어로 “넌 진짜 최고다”라며 손흥민을 위로했다. #포포투 코리안리거 소식 박진우 기자 jjnoow@fourfourtwo.co.kr ⓒ 포포투(https://www.fourfourtwo.co.kr) 무단전재 및 재배포금지",https://v.daum.net/v/fV4rVnztez,포포투,2025.11.26 11:47
"""재앙,수준 이하"" 이런 선수가 '쏘니 7번' 후계자라니! 英 경악...""토트넘 역사상 최악의 선수로 남을 것""","[SPORTALKOREA] 황보동혁 기자= 팀의 레전드 손흥민(로스앤젤레스FC)의 상징적 등번호 7번을 물려받으며 기대를 한몸에 받았던 사비 시몬스(토트넘 홋스퍼FC)가 좀처럼 반등의 실마리를 찾지 못하고 있다. 토트넘은 24일(이하 한국시간) 영국 런던 에미레이츠 스타디움에서 열린 2025/26시즌 프리미어리그 12라운드에서 아스널에 1-4로 참패했다. 손흥민이 떠난 뒤 처음 맞이한 북런던 더비였지만 경기력은 모든 면에서 압도당했고 에베레치 에제에게 해트트릭을 허용하며 무기력함을 드러냈다. 그리고 패배보다 더 뼈아픈 점은 시몬스의 부진이었다. 토트넘이 원래 영입을 추진하던 에제를 아스널에 하이재킹당한 뒤 대안으로 데려온 선수가 바로 시몬스였기 때문이다. 이날 에제는 해트트릭을 기록하며 경기 내 최고의 선수였던 반면 시몬스는 존재감을 거의 보여주지 못했다. 시몬스는 후반 시작과 함께 교체 투입돼 45분을 소화했지만 인상적인 장면은 단 한 번도 없었다. 축구통계 매체 '팟몹'에 따르면 그의 기록은 패스 성공률 71%(17/24), 기회 창출 0회, 드리블 성공 0회, 볼 소실 1회, 박스 안 터치 2회, 지상 경합 승률 17%(1/6)에 불과했다. 팀에 어떤 영향도 주지 못한 채 평점 5.9점을 받았다. 토트넘은 지난 8월 ""RB 라이프치히로부터 사비 시몬스를 영입해 기쁘다""며 공식 발표와 함께 손흥민의 상징적 등번호 7번을 시몬스에게 부여한 바 있다. 파리 생제르맹 유스 출신인 그는 PSV 에인트호번 임대 시절 48경기 22골 11도움, 라이프치히에서 43경기 10골 13도움, 지난 시즌 33경기 11골 8도움을 기록하며 가파른 성장세를 증명했다. 손흥민의 번호까지 이어받은 만큼 기대는 더 컸지만 프리미어리그 무대는 쉽지 않았다. 시몬스는 현재 리그 9경기에서 무득점 1도움에 그치며 고전 중이다. 현지에서도 비판이 이어지고 있다. 영국 매체 '풋볼 팬캐스트'는 26일 ""막대한 기대 속에 입단했지만 시몬스의 토트넘 생활은 사실상 '재앙' 수준""이라며 ""제이미 오하라는 그를 두고 '완전히 수준 이하(miles off it)'라고 혹평했다""고 전했다. 이어 ""90분당 박스 안 터치 1.7회, 기회 창출 0.9회, 슛 0.9회 모두 프리미어리그 공격형 미드필더 중 최하위권이다""며 구체적 지표를 근거로 들며 비판했다. 매체는 ""현 시점에서 시몬스의 5,200만 파운드(약 1,001억 원) 이적료는 거의 '돈 낭비'에 가깝다. 이대로라면 토트넘 역사상 최악의 선수로 남을 가능성도 있다""고 혹평했다. 물론 손흥민은 2015년 토트넘 입단 이후 공식전 454경기에서 173골 101도움을 기록하며 구단 역사에 남을 레전드로 자리매김했다. 그런 선수가 착용했던 등번호를 물려받은 만큼 시몬스가 느끼는 부담도 결코 적지 않을 것이다. 하지만 지금과 같은 부진에서 벗어나지 못한다면, 팬들과 구단의 인내심도 머지않아 한계에 다다를 가능성이 높아보인다.  사진= 토크스포츠, 게티이미지코리아 ",https://v.daum.net/v/3xYe5KyOJR,스포탈코리아,2025.11.26 11:46
"'獨 명문' 도르트문트, 한국 수원에 아카데미 개설 '박주호와 파트너십'","[OSEN=강필주 기자] 독일 분데스리가 명문 보루시아 도르트문트가 국내에 첫 공식 유소년 프로그램 '도르트문트 인터내셔널 아카데미 코리아'를 개설했다.  수원월드컵경기장 인근에 자리한 이 아카데미는 도르트문트의 철학과 훈련 시스템을 기반으로 국내 유소년 선수들에게 연중 상시 교육을 제공하게 된다.  이번 아카데미 출범은 전 국가대표이자 도르트문트 출신 박주호와의 협업을 통해 성사됐다. 은퇴 이후 꾸준히 유소년 육성에 힘써온 박주호는 도르트문트와 함께 초보 단계의 어린 선수부터 경쟁력을 갖춘 유망주까지 안정적으로 성장할 수 있는 교육 환경을 만들겠다는 목표를 밝혔다. 도르트문트 아카데미의 베네딕트 숄츠 총괄은 ""축구에 대한 열정이 높고, 도르트문트와 오랜 인연을 이어온 한국에 공식 아카데미를 개설하게 되어 매우 뜻깊게 생각한다""고 밝혔다. 이어 그는 ""한국의 축구 유망주들이 도르트문트의 체계적인 훈련 시스템과 팀워크, 그리고 축구의 본질적인 즐거움을 담은 도르트문트만의 철학을 경험할 수 있기를 바란다""면서 ""특히 유소년 육성에 강한 의지를 가진 박주호와 함께하게 되어 더욱 의미가 크다""고 덧붙였다. 도르트문트 인터내셔널 아카데미는 단순한 기술 훈련을 넘어 팀워크·협력·스포츠맨십 등 도르트문트가 강조하는 핵심 가치를 중심에 두고 있다고 자랑하고 있다. 또 전문 코칭 시스템을 적용한 프로그램을 통해 기술뿐 아니라 인성과 사회적 역량까지 균형 있게 성장할 수 있는 구조를 갖췄다고 자평했다.  아카데미 운영을 맡은 박주호는 ""도르트문트 인터내셔널 아카데미 코리아 운영을 맡게 된 것은 개인적으로도 매우 뜻깊은 일""이라며 ""프로 선수 생활을 마친 뒤, 축구를 통해 쌓아온 경험과 배움을 어린 선수들과 나누고 싶은 마음이 컸다""고 밝혔다. 또 ""유소년 선수들이 기술 향상은 물론 서로에 대한 존중, 팀워크, 끈기 등을 배우며 성장할 수 있는 환경을 만들어가겠다""면서 ""도르트문트의 철학 아래 미래의 선수들이 어떻게 성장해 나갈지 기대된다""고 덧붙였다. 아카데미 개설을 기념해 지난 24일 열린 개막 축구 캠프에는 도르트문트 아카데미 본사 코치 2명이 직접 참여해 국내 유소년들에게 도르트문트식 훈련을 소개했다. 참가 선수들은 세계적 트레이닝 시스템을 체험하며 아카데미의 핵심 가치를 미리 경험했다. 도르트문트는 한국 유소년의 잠재력을 높이 평가하며 이번 아카데미 설립이 글로벌 유소년 축구 발전을 향한 도르트문트의 비전을 실현하는 중요한 전환점이 될 것으로 기대하고 있다. /letmeout@osen.co.kr",https://v.daum.net/v/3paDqM3Ghm,OSEN,2025.11.26 11:41
"[PL ISSUE] 손흥민과 비교하지 마라...36살 베테랑의 동료 뺨 가격, 모예스도 비난하자 SNS에 ""다 내 책임입니다"" 사과","[인터풋볼=신동훈 기자] 이드리사 게예는 역대급 퇴장 사건에 고개를 숙였다.  에버턴은 25일 오전 5시(한국시간) 영국 맨체스터에 위치한 올드 트래포드에서 열린 2025-26시즌 프리미어리그 12라운드에서 맨체스터 유나이티드에 1-0으로 이겼다. 에버턴은 2연승을 통해 11위에 올랐다. 에버턴은 전반 29분 터진 키어런 듀스버리-홀 골을 지키면서 1-0으로 이겼다. 퇴장 악재를 이겨낸 승리였다. 에버턴은 전반 10분 시무스 콜먼이 부상을 당해 빠져 제이크 오브라이언이 급하게 투입되는 변수가 발생한 가운데 전반 13분 게예가 퇴장을 당했다.  상대에게 파울을 한 게 아니라 동료 마이클 킨을 때려서 다이렉트 퇴장을 당했다. 에버턴 진영에서 게예는 킨에게 패스를 했는데 킨은 반응하지 않았다. 집중력 부족과 안일함을 지적한 게예는 킨이 신경질적으로 반응을 하자 얼굴로 손을 때리고 더 분노했다. 조던 픽포드, 일리만 은디아예가 막았지만 게예 분노는 사그라들지 않았다.    퇴장 이후 듀스버리-홀 골이 나와 리드를 잡았다. 이후 맨유가 일방공세를 퍼부었다. 점유율만 70%였고 슈팅만 25회가 나왔다. 유효슈팅만 6회였다. 픽포드 선방과 에버턴의 수비가 인상적이었다. 맨유가 최악의 경기력을 보인 것도 있었다. 에버턴은 맨유 원정에서 의미 있는 승리를 했다. 게예 행동은 논란이 됐다. 영국 공영방송 'BBC'는 동료들이 공개적으로 싸운 사례에 게예 사건을 넣었다. 토트넘 홋스퍼 시절 손흥민-위고 요리스 다툼도 전했다. 같이 나열만 됐을 뿐, 게예 행동은 손흥민과 비교 불가한 이해 불가한 행동이었다. 데이비드 모예스 감독은 ""난 내 선수들이 서로 싸우는 걸 좋아한다. 누군가 올바른 행동을 하지 않았을 경우, 만약 결과를 위한 강인함과 회복력을 원한다면 누군가 행동하길 원한다. 게예는 퇴장에 대해 사과했다. 그는 선수들을 칭찬했고, 감사함을 전했다. 일어난 일에 대해 사과했다""라고 말하면서 게예 사건을 언급했다. 게예는 경기 후 SNS에 ""킨에게 사과를 보낸다. 나의 행동에 대한 모든 책임은 나에게 있다. 동료들, 스태프, 팬들, 구단에 사과를 하고 싶다. 감정이 격해질 수 있지만 그런 행동이 정당화될 수는 없다. 다시는 이런 일이 일어나지 않도록 하겠다""고 말했다.  게에는 1989년생으로 36살이다. 산전수전 다 겪은 베테랑이며 여러 빅클럽에서 뛰었다. 사과를 했지만 30대 중반이 넘은 나이에도 자기 감정을 조절하지 못하는 모습에서 비난은 이어지고 있다. ",https://v.daum.net/v/BxScuP1y7X,인터풋볼,2025.11.26 11:41
"'야말 삭제 당했다' 2007년생 유망주 대결, 이스테방 완승…첼시, 바르셀로나 3-0 완파→UCL 16강 직행 '청신호'","(엑스포츠뉴스 나승우 기자) 첼시가 바르셀로나를 꺾고 유럽축구연맹(UEFA) 챔피언스리그(UCL) 4경기 연속 무패를 달렸다. 첼시는 26일(한국시간) 영국 런던의 스탬퍼드 브리지에서 열린 바르셀로나와의 2025-2026시즌 UCL 리그 페이즈 5차전서 3-0 완승을 거뒀다. 2007년생 공격수 이스테방과 라민 야말의 맞대결로도 관심을 끌었던 이번 경기는 야말이 꽁꽁 묶인 반면, 이스테방은 한 골을 넣으며 이스테방의 승리로 막을 내렸다. 첼시는 3승1무1패, 승점 10으로 5위에 올랐다. UCL 리그 페이즈 1위부터 8위까지는 16강 토너먼트에 직행한다. 반면, 바르셀로나는 2승1무2패, 승점 7에 그치며 15위에 머물렀다. 첼시는 4-2-3-1 전형으로 나섰다. 로베르트 산체스가 골키퍼 장갑을 꼈고, 말로 귀스토, 웨슬리 포파나, 트레보 찰로바, 마크 쿠쿠렐라가 백4를 이뤘다. 리스 제임스, 모이세스 카이세도가 중원을 지켰고, 이스테방, 엔소 페르난데스, 알레한드로 가르나초가 2선에 위치했다. 최전방에는 페드루 네투가 자리했다. 바르셀로나는 4-3-3 전형으로 맞섰다. 주안 가르시아가 골문을 지켰다. 알레한드로 발데, 파우 쿠바르시, 로날드 아라우호, 쥘 쿤데가 수비를 형성했다. 페르민 로페스, 에릭 가르시아, 프렝키 더 용이 중원에서 호흡을 맞췄다. 페란 토레스, 로베르트 레반도프스키, 라민 야말이 스리톱으로 나서 득점을 노렸다. 경기는 첼시의 일방적인 흐름으로 전개됐다. 전반 4분 만에 선제골이 터졌다. 페르난데스가 바르셀로나의 골망을 흔들었다. 하지만 직전 크로스 상황에서 핸드볼 반칙이 선언돼 취소됐다. 바르셀로나가 결정적 기회를 놓쳤다. 전반 6분 첼시 진영에서 공을 끊어내 곧바로 역습에 나섰고, 야말이 노마크 위치에 있던 토레스에게 정확히 찔러줬다. 하지만 토레스는 골키퍼와 일대일 상황에서 골대 옆으로 날리고 말았다. 이후 첼시가 바르셀로나를 압도했다. 전반 22분 이스테방의 프리킥을 페르난데스가 머리로 받아넣었다. 하지만 이번에는 페르난데스의 위치가 오프사이드였던 것으로 드러나 득점으로 인정되지 않았다. 하지만 전반 27분 행운의 자책골이 터지며 첼시가 리드했다. 코너킥 상황에서 쿠쿠렐라의 크로스를 받은 네투가 슈팅을 때린 것이 쿤데 맞고 들어갔다. 바르셀로나가 자멸했다. 추격이 바쁜 상황에서 전반 44분 센터백 아라우호가 쿠쿠렐라를 막는 과정서 두 번째 경고를 받아 퇴장 당했다. 수적 우위를 점한 첼시는 후반 들어 바르셀로나를 더욱 거세게 몰아붙였다. 후반 6분 페르난데스가 찔러준 공을 가르나초가 날카로운 크로스로 이어갔고, 교체 투입된 안드레이 산투스가 마무리했다. 하지만 이 골도 가르나초의 오프사이드가 선언돼 취소됐다. 첼시가 계속 공격했다. 후반 10분 이스테방이 제임스의 패스를 받아 환상적인 드리블 후 강력한 슈팅으로 바르셀로나 골문을 뚫었다. 바르셀로나 수비를 완벽히 무너뜨린 득점이었다. 첼시는 후반 28분 쐐기를 박았다. 페르난데스의 크로스를 교체 투입된 리암 델랍이 마무리했다. 오프사이드가 선언됐으나 비디오판독(VAR) 진행 후 득점으로 인정되며 3-0이 됐다. 첼시는 이날 무려 13개의 슈팅을 시도해 5개의 유효슈팅을 만들었고, 그 중 3개를 골로 연결시켰다. 반면, 바르셀로나는 5개에 그쳤고, 유효슈팅은 2개였지만 한 골도 넣지 못했다. 패스 횟수, 패스 성공률 모두 첼시가 크게 앞서면서 완벽한 승리를 가져갔다. 아탈란타(원정), 파포스(홈), 나폴리(원정)라는 험난한 일정을 앞두고 승점 3을 따내며 16강 직행에 가까워졌다. 스페인 라리가 2위를 기록 중인 바르셀로나는 첼시 원정에서 힘도 써보지 못하고 무너지며 자존심을 구겼다. 아인트라흐트 프랑크푸르트(홈), 슬라비아 프라하(원정), 코펜하겐(홈) 등 무난한 상대를 만나지만 최근 경기력을 고려헀을 때 승리를 장담하기 어려워 16강 플레이오프에 오를 가능성이 더 큰 상황이다. 사진=연합뉴스 나승우 기자 winright95@xportsnews.com",https://v.daum.net/v/G2sTsXcn56,엑스포츠뉴스,2025.11.26 11:39
"'팔꿈치 가격→퇴장' 호날두, 월드컵 첫 경기 출전 가능…1년 집행 유예","[스포츠투데이 강태구 기자] 국제축구연맹(FIFA)이 최근 팔꿈치 가격으로 퇴장을 당한 크리스티아누 호날두(포르투갈)에게 추가 징계를 내리지 않기로 결정했다. FIFA는 26일(한국시각) ""호날두가 A매치 226경기 만에 첫 레드카드를 받았다. 하지만 해당 반칙은 중대한 폭력으로 보기는 어렵다. 앞으로 1년 내에 유사한 행위가 나올 시에 남은 징계를 집행한다""고 전했다. 호날두는 지난 13일 북중미월드컵 유럽예선 아일랜드와의 경기에서 후반 15분 상대 선수와의 경합 과정 중 팔꿈치 가격을 통해 퇴장을 당했다. 이로써 호날두는 포르투갈 대표팀 유니폼을 입고 처음으로 퇴장을 당하게 됐다. FIFA 규정에 따르면 팔꿈치 가격은 폭력 행위로 구분되고, 1경기 출전 불가와 함께 2경기 혹은 3경기 정도 추가 징계가 붙게 된다. 허나 FIFA는 규정과는 다르게 호날두에게 '1년 집행유예'를 내리면서 추가적인 징계를 없앴고, 호날두는 내년에 있을 북중미월드컵 개막전부터 그라운드를 누빌 수 있게 됐다. 이번 FIFA의 선택은 매우 이례적으로 보여진다. FIFA 규정에 따르면 폭력 행위는 엄중한 처벌이 되야 한다고 명시되어 있기 때문이다. 이를 보고 현재 호날두가 FIFA에 특혜를 받고 있다고 주장하는 이들도 적지 않다. 최근 호날두는 미국 백악관을 방문해 트럼프 대통령을 만났고, 일각에선 트럼프 대통령이 FIFA 측에 호날두의 징계를 낮추라고 압박했을 것이라는 추측도 나오고 있다. 미국에서 열리는 월드컵이기에 호날두의 출전 1경기, 1경기가 흥행에 큰 영향을 줄 수 있다. 또한 트럼프 대통령과 FIFA의 잔니 인판티노 회장은 이번 월드컵 성공을 위해 협력을 유지하고 있다. 글로벌 스포츠 매체 '디애슬레틱'은 ""이번 FIFA의 결정은 전례도, 논리도, 일관성도 없는 잘못된 결정이다""라며 강하게 비판했다. [스포츠투데이 강태구 기자 sports@stoo.com]",https://v.daum.net/v/42Nzt2YChB,스포츠투데이,2025.11.26 11:38
'최강 10대' 맞대결서 '발롱도르 2위' 야말이 완패했다... 야유 세례 속 '굴욕 교체',"[스타뉴스 | 박건도 기자] 영국 현지도 놀란 눈치다. 최강 유망주 맞대결에서 라민 야말(18·FC바르셀로나)이 에스테방 윌리안(18·첼시)에 완패했다. 바르셀로나(스페인)는 26일(한국시간) 영국 런던 스탬포드 브리지에서 열린 2025~2026시즌 유럽축구연맹(UEFA) 챔피언스리그(UCL) 리그 페이즈 5라운드에서 첼시(잉글랜드)에 0-3으로 크게 졌다. 이날 패배로 바르셀로나는 5경기 2승 1무 2패 승점 7로 15위까지 떨어졌다. 반면 첼시는 승점 10을 쌓아 4위로 올라섰다. 특히 이날 맞대결은 무서운 10대 유망주 두 명의 대결로 관심을 모았다. 2025 발롱도르 2위에 빛나는 야말과 최근 첼시의 초신성 윙어로 각광받는 브라질 출신의 에스테방에 시선이 집중됐다. 결과는 야말의 완패였다. 야말은 첼시전 80분간 활약했지만, 공격포인트 없이 침묵했다. 영국 'BBC'도 야말의 교체 상황에 대해 ""야말은 바르셀로나가 지고 있는 상황에서 야유 속 교체됐다""고 평했다. 와중에 에스테방은 득점포까지 터트리며 펄펄 날았다. 후반 10분 첼시가 1-0으로 앞서던 상황에서 에스테방은 재빠른 드리블 돌파로 바르셀로나 수비 세 명을 달고 오른발 슈팅을 꽂아 넣었다. 현지 보도를 종합하면 에스테방은 후반 37분 부상으로 교체될 당시 기립 박수를 받았다. 두 선수는 앞으로 세계 축구계를 양분할 무서운 10대 유망주 2인으로 손꼽힌다. 야말은 16세의 어린 나이에 프로 무대에 데뷔했다. 벌써 바르셀로나 공식 119경기에 출전해 31골 42도움을 올렸다. 스페인 국가대표에서도 23경기 6골을 마크했다. 에스테방은 조국 브라질에서 선수 경력을 시작했다. 파우메이라스(브라질)에서 83경기 27골 15도움을 올렸고 첼시 이적 후에는 11경기 5골 1도움을 작렬했다. 브라질 대표팀에서도 11경기 5골을 기록하며 차세대 에이스로 발돋움하고 있다. 이미 유럽 현지에서는 야말과 에스테방의 맞대결은 제2의 리오넬 메시-크리스티아누 호날두 대전으로 평가받는 분위기다. 'BBC'에 따르면 엔소 마레스카 첼시 감독은 바르셀로나와 경기 후 기자회견에서 '두 선수가 메시 또는 호날두의 수준에 도달할 수 있을 것인가'라는 질문에 ""아직 에스테방과 야말은 너무 어리다. 메시, 호날두 같은 선수와 비교당하면 너무 큰 압박감을 받게 된다""며 ""그들은 그저 축구를 즐겨야 한다. 축구와 훈련 세션을 즐겼으면 좋겠다""고 담담히 말했다. 박건도 기자 pgd15412@mtstarnews.com",https://v.daum.net/v/xrI6bepXvE,스타뉴스,2025.11.26 11:38
"선발 10명 교체 후 레버쿠젠전 완패… '공식전 2연패' 과르디올라 감독의 자책, ""내가 생각해도 너무 과했어""","(베스트 일레븐) 펩 과르디올라 맨체스터 시티 감독이 바이어 04 레버쿠젠전 패배에 대한 책임을 자신에게 돌렸다. 과르디올라 감독이 지휘하는 맨체스터 시티는 26일 새벽(한국 시간) 에티하드 스타디움에서 열린 2025-2026 UEFA 챔피언스리그 리그 페이즈 5라운드 레버쿠젠전에서 0-2로 패했다. 맨체스터 시티는 전반 23분 알렉스 그리말도, 후반 9분 파트릭 쉬크에게 연속 실점하며 홈에서 무너졌다. 객관적 전력에서 한 수 위라는 평가를 받았고, 홈에서 치른 경기였음에도 패했다. 이 패배로 맨체스터 시티는 2018년 이후 처음으로 UEFA 챔피언스리그 홈 경기에서 패하는 굴욕을 당했다. 외부에서는 이날 레버쿠젠전에서 선발 라인업을 지나치게 대폭 변경한 점을 패인으로 분석하고 있다. 지난 주말 프리미어리그 12라운드 뉴캐슬 유나이티드전과 비교해 10명이 달라졌기 때문이다. 과르디올라 감독도 이 부분이 자신의 판단 착오였음을 인정했다. 영국 매체 <데일리 메일>에 따르면, 과르디올라 감독은 경기 후 기자회견에서 ""우리는 엘링 홀란을 매 경기마다 95분씩 뛸 수 있게 할 수 없다. '신선한 선수'가 필요했다. 하지만 이번에는 너무 과했다""라고 말했다. 이어 ""내 커리어 동안 이 정도로 변화를 준 적은 없었다. 지나쳤다""라고 패인을 설명했다. 과르디올라 감독은 또 모처럼 기회를 얻은 선수들의 경기 태도도 문제였다고 지적했다. 과르디올라 감독은 ""빅 클럽에서 뛴다면 실수를 두려워하지 말아야 한다. 상대 라인을 깨기 위해 움직이고, 때로는 위험도 감수해야 한다""라고 말했다. 이어 ""선수들의 능력을 의심하지 않는다. 다만 '틀릴까 봐' 움츠러드는 태도는 버려야 한다""라고 조언했다. 한편 맨체스터 시티는 오는 30일 새벽 에티하드 스타디움에서 열리는 2025-2026 잉글랜드 프리미어리그 13라운드에서 리즈 유나이티드를 상대한다. 지난 주말 뉴캐슬 유나이티드전 패배부터 공식전 2연패에 빠진 맨체스터 시티는 분위기 반전을 위한 승리가 절실하다. 글=김태석 기자(ktsek77@soccerbest11.co.kr) 사진=ⓒgettyImages/게티이미지코리아(무단 전재 및 재배포 금지) 축구 미디어 국가대표 - 베스트 일레븐 & 베스트 일레븐 닷컴 저작권자 ⓒ(주)베스트 일레븐. 무단 전재/재배포 금지-www.besteleven.com",https://v.daum.net/v/UNRV7QtWvJ,베스트일레븐,2025.11.26 11:36
"공포의 내부 폭로 ""레알 마드리드는 재앙이다""...분열 사태 심각, 비니시우스-알론소 관계 박살","[스포츠조선 김대식 기자]레알 마드리드의 내부 분위기가 심각해지고 있다. 영국 디 애슬래틱은 25일(한국시각) '지난 엘체전 이후 레알 내부에서는 눈에 띄는 반응이 나타났다. 한 코칭 스태프 관계자는 '공기 중에 비관적인 기운이 느껴진다'고 전했다. 이어 그는 '시즌 초반에는 기대감이 컸지만, 지금은 그 기대가 부담으로 바뀌고 있다. 즉각적인 성과는 거의 없으며, 이 구단에서는 기대치가 매우 높다'고 덧붙였다'며 레알 내부에서 문제가 더 악화되고 있다고 주장했다. 지난 주말에 있었던 엘체와의 스페인 라리가 경기에서 레알은 2대2 무승부를 거뒀다. 엘체전 이후에도 리그 1위를 지키고 있는 레알이지만 내부에서 썩어들어가고 있는 것으로 보인다. 디 애슬래틱은 '일부 선수단 관계자는 '이 팀은 재앙'이라며, 몇몇 핵심 선수들이 엘체전 결과에 격노했다고 전했다. 또 다른 관계자는 팀이 경기 템포를 더 잘 관리할 필요가 있다고 언급했다'고 전했다. 이번 시즌 사비 알론소 감독 체제에서 새롭게 출발한 레알은 시즌 초반에 연승 행진을 달리면서 최고의 출발을 보여줬다. 이번 시즌 단 2패밖에 없는 레알인데도 불구하고, 알론소 감독과 핵심 선수들의 관계가 일그러지고 있다는 보도가 계속해서 나오고 있다. 디 애슬래틱은 하루 앞서 비니시우스 주니오르가 알론소 감독과의 문제로 인해서 레알과의 재계약을 진행하지 않겠다는 입장을 구단에 전달했다는 보도를 내놓기도 했다. 알론소 감독이 선임된 후 비니시우스의 영향력은 레알에서 급격히 감소하고 있는 중이다. 킬리안 음바페로 레알의 중심은 완전히 넘어갔고, 이번 시즌 비니시우스는 선발로 계속 나오고 있지만 후반 중반부에 계속 교체되고 있다. 비니시우스는 지난 엘 클라시코에서 교체 불만을 제대로 폭발시키기도 했다. 일단 알론소 감독은 ""(선수들과) 연결이 개선되고 있다. 서로를 더 잘 알고 있고, 같은 배를 타고 있다. 승리하면 함께 축하하고, 지면 함께 고통받는다""며 선수단 장악에 전혀 문제가 없다는 입장을 내놓았다. 또한 그는 선수들과의 소통 문제에 대한 질문에는 ""전혀 그렇지 않다. 우리가 말한 것은 분명하지만, 축구라는 것은 결과가 더 좋게 나올 때도 있고, 그렇지 않을 때도 있다. 선수 시절 나 역시 그런 감정을 느꼈기 때문에 이해한다""며 그런 문제를 겪고 있지 않다고 대답했다. 그런데 사태는 점점 심각해지는 모양새다. 일부 매체에서는 레알 선수들이 알론소 감독의 사퇴를 요구하고 있다는 보도까지 나올 정도다. 선수들이 감독을 따르지 않는다면 팀은 앞으로 나아갈 수 없다. 감독과 선수, 선수와 선수끼리 분열되기 때문이다. 레알은 정말로 분열되면서 무너지고 있는 것일까. 최근 3경기 연속 승리가 없는 레알의 부진이 길어질 수록 내분설은 더욱 심화될 것이 자명하다.",https://v.daum.net/v/3kkGkToMzK,스포츠조선,2025.11.26 11:36
"호날두, 추가 징계 유예… 북중미월드컵 첫 경기부터 출전","팔꿈치 가격으로 퇴장을 당한 포르투갈의 크리스티아누 호날두(알나스르)가 추가 징계를 유예받았다. 호날두는 이로써 2026 북중미월드컵에서 조별리그 1차전부터 출전할 수 있게 됐다. 25일 밤(한국시간) 스포츠 전문 매체 ESPN에 따르면 국제축구연맹(FIFA)은 호날두의 팔꿈치 가격을 ‘폭력적인 행동’ 혹은 ‘심각한 반칙’으로 판단해 3경기 출장 정지를 부과했으나 그중 2경기에 대해 1년을 유예한다고 밝혔다. 이와 관련해 영국 매체 BBC는 호날두가 A매치 처음으로 퇴장당했다는 점이 징계 수위에 반영된 것으로 분석했다. 호날두는 지난 14일 아일랜드와의 북중미월드컵 유럽예선 F조 조별리그 5차전에서 자기 유니폼을 잡아 당긴 아일랜드 수비수 다라 오셰이를 뿌리치는 과정에서 오른쪽 팔꿈치를 휘둘렀다. 주심은 처음에는 옐로카드를 꺼냈으나 비디오판독(VAR)을 거쳐 레드카드로 바꿨다. 226번째 A매치에서 처음으로 레드카드를 받은 호날두는 16일 아르메니아전엔 결장했다. 호날두는 총 3경기의 출전정지 중 아르메니아전 제외로 1경기를 소화했다. 그리고 FIFA의 징계 유예 결정으로 북중미월드컵에서는 영향이 없게 됐다. 다만 유예인 만큼 1년 안에 비슷한 반칙을 저지르면 남은 2경기의 출장 정지가 적용될 예정이다. FIFA는 성명을 통해 “유예 기간 호날두가 유사한 성격과 중대성을 지닌 파울을 다시 저지를 경우, 유예된 징계는 즉시 효력을 되찾게 되며 남은 두 경기 출전 정지를 즉각 이행해야 한다”고 설명했다. 허종호 기자",https://v.daum.net/v/fUxdzxFYSo,문화일보,2025.11.26 11:33
"'이대로 가면 EPL 승격' 배준호, 시즌 2호 도움 '2경기 연속 공격P'.... 스토크, 찰턴 잡고 2위 도약","[스타뉴스 | 박재호 기자] 스토크 시티 공격수 배준호(22)가 시즌 2호 도움을 올리며 2경기 연속 공격포인트를 기록했다. 스토크는 26일(한국시간) 영국 스토크온트렌트의 베트365 스타디움에서 열린 찰턴 애슬레틱과의 '2025~2026시즌 잉글랜드 프로축구 챔피언십(2부)' 17라운드 홈 경기에서 3-0으로 승리했다. 2연패를 끊고 승전고를 올린 스토크는 승점 17(9승3무5패)로 리그 2위로 도약했다. 선두 코벤트리(승점 40)와 승점 차는 10이다. 잉글리시 프리미어리그(EPL)로 다이렉트 승격하기 위해선 챔피언십 1, 2위에 올라야 한다. 아직 리그가 많이 남아있어 승격을 논하긴 이르지만 스토크가 이 순위를 유지한다면 배준호는 다음 시즌부터 프리미어리거로 뛸 수 있다. 이날 배준호는 행운의 어시스트를 올렸다. 2-0으로 앞선 전반 34분 중앙선 부근에서 볼을 잡은 배준호는 왼쪽 측면의 소버 토머스에게 패스했다. 토머스는 바로 전방을 향해 크로스를 올렸고 볼은 헤더 경합하는 선수들을 지나 골문 안으로 들어갔다. 골키퍼가 뒤늦게 몸을 날렸지만 타이밍이 늦었다. 직전 레스터 시티(1-2 패)전에서 시즌 첫 골을 넣었던 배준호는 2경기 연속 공격포인트를 기록했다. 올 시즌 공식전 16경기에 출전한 배준호는 1골 2도움을 기록 중이다. 축구 통계 전문 '풋몹'에 따르면 배준호는 풀타임을 뛰며 슈팅 1회, 패스 성공률 91%(29/31회), 기회 창출 3회 등을 기록했다. 풋몹은 배준호에게 팀 내 중위권 평점인 7.8을 부여했다. 박재호 기자 pjhwak@mtstarnews.com",https://v.daum.net/v/bN1rqM3GCr,스타뉴스,2025.11.26 11:31
"FIFA '충격' 결정! '팔꿈치 퇴장' 호날두, 징계 집행유예→월드컵 출전 확정...""전례 없는 결정"" 강력 비판","[마이데일리 = 노찬혁 기자] 포르투갈 축구대표팀 주장 크리스티아누 호날두(알 나스르)가 내년 월드컵에 출전한다. 글로벌 매체 '디 애슬레틱'은 26일(이하 한국시각) ""국제축구연맹(FIFA)은 호날두에게 3경기 출장 정지 징계를 부여했으나, 이미 결장한 아르메니아전을 제외한 나머지 2경기에 대해서는 앞으로 1년 동안 근신 기간을 적용하여 집행을 유예했다""고 보도했다. 포르투갈은 지난 14일 아일랜드 더블린 아비바 스타디움에서 열린 '2026 FIFA 북중미 월드컵' 유럽지역 최종예선 F조 5차전에서 아일랜드에 0-2로 패했다. 이날 패배보다 더 큰 관심은 호날두의 퇴장이었다. 포르투갈은 전반을 0-2로 마친 뒤 후반 14분 중대한 순간을 맞았다. 호날두가 오셔를 팔꿈치로 가격했고, 비디오 판독(VAR) 이후 주심은 레드카드를 선언했다. 이후 호날두가 월드컵 본선에서 제외될 수 있다는 전망이 제기됐다. FIFA 규정에 따르면 폭력 행위는 최소 3경기 이상의 징계가 적용되며, 친선경기에는 해당되지 않는다. 그러나 FIFA는 징계의 강도를 조정했다. 3경기 출장 정지 징계를 부여했으나, 첫 경기는 아르메니아전에서 소화됐고 나머지 2경기는 1년 동안 유사한 위반 행위가 없을 경우 적용되지 않는다. FIFA는 성명서를 통해 ""FIFA 징계 위원회는 호날두에게 3경기 출장 정지 징계를 부여한다. 그 중 첫 경기는 아르메니아전에서 시행됐다. FIFA 징계 규정 27조에 따라, 남은 2경기는 1년 근신 기간을 적용하여 집행을 유예한다. 호날두가 1년 동안 유사한 위반 행위를 저지를 경우 즉시 2경기 출장 정지가 집행된다""고 발표했다. 일각에서는 FIFA가 월드컵 흥행을 고려해 호날두에게 유리한 판단을 내렸다는 지적도 나온다. '스카이스포츠'의 카베 솔헤콜 기자는 ""전례 없는 결정""이라며 ""일반적인 상황이라면 호날두는 월드컵 첫 두 경기에 출전 정지 처분을 받아야 하지만 호날두는 전혀 정상적인 사람이 아니다. 부정할 수 없는 것은 이 전례 없는 결정이 호날두와 FIFA에 유리하다는 것""이라고 비판했다. 추국 기자 헨리 윈터는 ""특별 대우""라며 ""FIFA는 호날두의 위법 행위의 심각성을 인정하면서도 가볍게 처벌하고 있다. 마케팅에는 좋은 날이지만 규율에는 나쁜 날""이라고 지적했다.",https://v.daum.net/v/ynYhVnztrD,마이데일리,2025.11.26 11:31
"역대급 반전! ""래시포드 토트넘이 영입""→바르셀로나가 망설여…케인의 극찬 ""판타스틱한 선수다""","[스포츠조선 강우진 기자]토트넘 홋스퍼가 바르셀로나에서 뛰고 있는 마커스 래시포드를 데려와야 한다는 주장이 나온다. 영국 토트넘 홋스퍼 뉴스는 26일(한국시각) ""토트넘은 잉글랜드 국가대표 마커스 래시포드를 잉글랜드 프리미어리그(EPL)로 다시 데려오라는 조언을 받고 있다""라며 ""그는 현재 맨체스터 유나이티드의 계획에서 완전히 밀려난 상태다""라고 보도했다. 래시포드는 맨유의 전력에서 제외되면서 지난 시즌 애스턴 빌라로 임대를 떠났다. 올 시즌에는 바르셀로나로 임대됐다. 래시포드는 바르셀로나에서 인상적인 활약을 펼치고 있으며, 유럽축구연맹(UEFA) 챔피언스리그 4경기에서 이미 4골을 기록했다. 그러나 바르셀로나는 래시포드를 완전 영입할지에 대해 아직 확신하지 못하고 있으며, 이로 인해 토트넘이 래시포드와 연결되고 있다고 한다. 바르셀로나는 래시포드를 2620만 파운드(약 500억원)에 완전 영입할 수 있는 옵션을 갖고 있다. 매체는 ""바르셀로나는 이 조항을 발동할지 주저하는 상황이어서, 토트넘은 영입 기회를 잡을 수 있을 것으로 보인다""라며 ""토트넘은 래시포드를 영입할 수 있는지 논의하기 위해 그의 에이전트와 접촉한 것으로 전해진다""라고 했다. 토트넘은 현재 새 스트라이커가 필요한 상황이다. 도미닉 솔랑케가 잦은 부상으로 고전하고 있기 때문이다. 브라이언 킹 전 토트넘 스카우트는 매체와의 인터뷰에서 ""래시포드 영입 가능하다면 데려와야 한다. 스트라이커는 아무리 많아도 부족하기 때문""이라며 ""그의 경험을 생각하면 프리미어리그 어느 팀에게도 2600만 파운드는 훌륭한 금액""이라고 주장했다. 이어 ""그는 좋은 선수다. 다만 정신적으로 완전히 준비된 상태로 데려오는 것이 중요하다""라고 덧붙였다. 래시퍼드의 최근 기록은 토트넘에서도 그가 충분히 성공할 수 있음을 보여준다. 그는 여전히 동료 선수들에게는 높은 평가를 받고 있다. 앞서 해리 케인은 잉글랜드 대표팀 동료 래시포드를 ""판타스틱하다""라고 평가했다. 래시포드는 바르셀로나에서 90분당 0.32골, 2.57번의 기회 창출 등을 기록 중이다. 기회 창출은 제임스 매디슨이 부상으로 이탈한 이후 토트넘이 절실히 필요로 하는 부분이기도 하다. 매체는 ""많은 이들은 래시포드가 토트넘 홋스퍼 스타디움에서도 빠르게 핵심 선수가 될 수 있다고 보고 있다""라며 ""토마스 프랭크 감독은 이 거래를 반드시 성사시키기 위해 최선을 다해야 한다""라고 주장했다. 강우진 기자 kwj1222@sportschosun.com",https://v.daum.net/v/XHhj3fHlUg,스포츠조선,2025.11.26 11:29
"""터무니없고 믿기 어렵다""… 리버풀 추락에 답답한 슬롯 감독, ""우리는 어려울수록 더 뭉치는 팀""","(베스트 일레븐) 아르네 슬롯 리버풀 감독이 최근 팀이 빠진 심각한 부진에 대해 책임감을 드러냈다. 슬롯 감독은 어려운 상황 속에서도 이를 이겨낼 수 있다는 희망을 잃지 않았다. 슬롯 감독이 지휘하는 리버풀은 27일 새벽(한국 시간) 안필드에서 2025-2026 UEFA 챔피언스리그 리그 페이즈 5라운드 PSV 에인트호번전을 치른다. 리버풀은 지난 23일 안필드에서 열린 2025-2026 잉글랜드 프리미어리그 12라운드 노팅엄 포레스트전에서 0-3으로 패했으며, 최근 일곱 경기에서 여섯 경기를 졌다. 슬롯 감독의 거취가 언급될 정도로 분위기는 매우 좋지 않다. 영국 BBC에 따르면, 슬롯 감독은 PSV 에인트호번전을 앞두고 열린 사전 기자회견에서 최근 부진에 대한 자신의 생각을 솔직하게 밝혔다. 슬롯 감독은 ""지금 상황은 터무니가 없고 믿기 어렵다. 변명으로도 부족하다""라고 말하며 현재 상황을 냉정하게 받아들였다. 이어 ""리버풀은 어려울수록 서로 뭉치는 팀""이라고 강조했다. 슬롯 감독은 ""이 정도 되는 팀에서는 매일 자신을 증명해야 한다. 과거에 누구를 이겼는지, 어떤 대회에서 우승했는지는 중요하지 않다. 다음 경기를 이겨야 한다""라고 말하며, ""이 점은 나 자신에게 먼저 증명해야 한다""라고 결연한 태도를 보였다. 한편 슬롯 감독은 PSV 에인트호번에 대한 경계심도 드러냈다. 슬롯 감독은 ""가장 어려운 상대 중 하나다""라고 평가하며, ""지난 두세 달 동안 매우 견고해진 느낌이 든다. 피터 보스 감독 체제에서 최고의 팀이 되었다""라고 말했다. 글=김태석 기자(ktsek77@soccerbest11.co.kr) 사진=ⓒgettyImages/게티이미지코리아(무단 전재 및 재배포 금지) 축구 미디어 국가대표 - 베스트 일레븐 & 베스트 일레븐 닷컴 저작권자 ⓒ(주)베스트 일레븐. 무단 전재/재배포 금지-www.besteleven.com",https://v.daum.net/v/XcQJirQ9WX,베스트일레븐,2025.11.26 11:23
홍명보호에 ‘2골’ 넣은 이유 있었다…겨우 18살에 바르셀로나 농락→UCL 3경기 연속골,"[포포투=박진우] 에스테방 윌리앙이 바르셀로나를 침몰시켰다. 첼시는 26일 오전 5시(한국시간) 영국 런던에 위치한 스탬포드 브릿지에서 열린 2025-26시즌 유럽축구연맹(UEFA) 챔피언스리그(UCL) 리그 페이즈 5차전에서 FC 바르셀로나에 3-0 완승을 거뒀다. 이로써 첼시는 3승 1무 1패로 4위를 기록했다. 전반부터 압도한 첼시였다. 전반 27분 마크 쿠쿠렐라의 컷백 크로스를 페드루 네투가 다이렉트 슈팅으로 연결했는데, 공은 페란 토레스의 발에 맞고 그대로 골문 안으로 향했다. 첼시는 전반 44분 바르셀로나 도날드 아라우호의 퇴장으로 수적 우위를 안으며 전반을 마무리했다. 10명의 바르셀로나를 완벽하게 꺾었다. 후반 10분 박스 우측에서 공을 잡은 에스테방이 환상적인 돌파 이후 강력한 오른발 슈팅으로 골망을 열었다. 후반 28분 리암 델랍의 추가골까지 더해, 3-0 완승으로 경기를 매듭지었다. 이날 ‘2007년생’ 에스테방의 활약이 돋보였다. 측면에서 끊임없는 드리블과 돌파로 바르셀로나 수비진들을 괴롭혔다. 축구 통계 매체 ‘풋몹’에 따르면 에스테방은 83분간 1골, 기회 창출 3회, 빅 찬스 생성1회,박스 안 터치 8회, 드리블 성공 2회를 기록했다. 매체는 에스테방에게 양 팀 통틀어 두 번째로 높은 평점 8점을 부여했다. 유럽에서의 첫 시즌이지만, 에스테방은 폭발적인 성장세를 보이고 있다. 윙어로 넘쳐나는 첼시의 무한 경쟁 체제 속에서도, 엔조 마레스카 감독의 눈도장을 확실히 찍으며 주전으로 도약하는 모양새다. 특히 UCL 3경기 연속골까지 기록, 초신성의 등장을 세계 전역에 각인 시키고 있다. 지난 10월 A매치에서의 활약은 우연이 아니었다. 한국은 안방에서 브라질을 상대로 0-5 대패를 당했다. 당시 에스테방은 우측 윙어로 선발 출전, 끊임없이 측면과 하프 스페이스를 공략하며 수비진을 괴롭혔고 2골을 넣었다. 이후 에스테방은 브라질, 첼시에서 날이 갈수록 성장하는 모습을 보이며 브라질 최고 재능으로 우뚝 섰다. 박진우 기자 jjnoow@fourfourtwo.co.kr ⓒ 포포투(https://www.fourfourtwo.co.kr) 무단전재 및 재배포금지",https://v.daum.net/v/7anrmHAii9,포포투,2025.11.26 11:21
"선발 10명 바꾼 맨시티, '홀란 빠지니' 슈팅 19개 때리고 무득점! 홈 레버쿠젠전 0-2 석패","[풋볼리스트] 김진혁 기자= 대거 로테이션을 가동한 맨체스터시티가 빈공 속에 홈 패배를 당했다. 26일(한국시간) 영국 맨체스터의 에티하드 스타디움에서 2025-2026 유럽축구연맹(UEFA) 챔피언스리그(UCL) 리그 페이즈 5라운드를 치른 맨시티가 바이엘04레버쿠젠에 0-2 패배를 기록했다. 이로써 맨시티는 6위로 추락했고 공식전 2연패에 빠졌다. 펩 과르디올라 감독이 선발 명단에 대거 변화를 줬다. 맨시티는 지난 23일 뉴캐슬유나이티드와 잉글랜드 프리미어리그(PL) 경기와 비교해 이날 레버쿠젠전 10명의 선수를 바꿨다. 3선 미드필더로 나선 니코 곤잘레스를 제외하고 오마르 마르무시, 사비뉴, 티자니 레인더르스, 오스카르 보브, 리코 루이스, 라얀 아이트 누리, 네이선 아케, 존 스톤스, 압두코디르 후사노프,제임스 트래포드가 선발 명단에 새 얼굴들이었다. 과르디올라 감독의 의도가 어떻든 맨시티는 이날 무득점 패배를 당했다. 무려 슈팅을 19차례나 때렸음에도 골문 안으로 들어간 건 한 번도 없었다. '홀란이 없으면 골을 넣지 못한다'는 일각의 의존증이 더욱 부각될 수밖에 없었다. 반면 레버쿠젠은 유효 슈팅 2회가 모두 득점으로 연결되며 맨시티에 비해 효율적인 경기 운영을 펼쳤다. 맨시티는 경기 초반부터 강한 압박을 펼치며 점유율을 가져갔다. 그러나 제대로 된 마무리까지 이어지지 않았다. 레버쿠젠 진영 근처에서 공을 돌리던 맨시티의 결국 마지막 선택지는 박스 안으로 찍어 차주기였다. 레버쿠젠은 포백을 모두 박스 안에 위치시키면서 철저히 잠궜다. 수비벽을 부술 홀란이 부재하니 맨시티는 어쩔 줄 모르고 레버쿠젠 진영 근처에서 공을 돌리다 허무하게 기회를 무산시키는 빈도가 잦았다. 레버쿠젠은 역습 한 방으로 전반전 선제 득점을 올렸다. 전반 23분 말릭 틸만이 오른쪽 측면 뒷공간으로 뛴 이브라힘 마자에게 전진 패스를 찔렀다. 마자는 박스 안으로 얼리 크로스를 올렸는데 크리스티안 코파네가 오른발로 절묘하게 돌려놓은 공을 배후에서 쇄도한 알레한드로 그리말도가 다이렉트 왼발 슛으로 마무리했다. 맨시티가 세밀한 전개에 어려움을 겪을 때 레버쿠젠은 직선적인 전개로 추가 골을 기록했다. 후반 9분 왼쪽 측면에서 마자가 깊게 고민할 것 없이 박스 안으로 다이렉트한 크로스를 보냈다. 이를 수비진과 경합에서 이겨낸 스트라이커 파트리크 시크가 헤더로 꺾으며 골망을 흔들었다. 남은 시간은 맨시티의 일방적인 공세로 진행됐다. 과르디올라 감독은 2실점을 내주자 뒤늦게 홀란과 라얀 셰르키를 투입했다. 투입된 홀란은 25분간 슈팅 4개를 생산했으나 골문 안으로 통과한 슈팅은 없었다. 레버쿠젠 수문장 마크 플레컨도 9차례 선방으로 골문을 든든하게 지켜냈다. 경기 후 과르디올라 감독은 자신의 로테이션 악수에 대해 사과했다. ""비판을 받아들여야 한다. 이겼다면 문제가 되지 않았겠지만, 변화가 너무 많았던 것 같다. 난 항상 시즌은 길다는 믿음을 가지고 있고, 모든 선수가 경기에 나서야 하다고 생각한다. 하지만 그 숫자가 너무 많았다. 선수들은 무언갈 하려기 보단 실수하지 않으려고만 했다. 예상한 퍼포먼스가 아니었다. 전적으로 내 책임""이라며 통감했다. 사진= 게티이미지코리아",https://v.daum.net/v/uRdf4oB3hM,풋볼리스트,2025.11.26 11:21
"0-3 완패… 바르사, 또 첼시 원정 징크스","바르셀로나(스페인)가 또다시 첼시(잉글랜드) 원정 징크스에 시달리며 무릎을 꿇었다. 바르셀로나는 26일 오전(한국시간) 영국 잉글랜드 런던의 스탬퍼드 브리지에서 열린 2025∼2026 유럽축구연맹(UEFA) 챔피언스리그 리그 페이즈 5차전에서 첼시에 0-3으로 대패했다. 바르셀로나는 2승 1무 2패(승점 7)로 15위에 그쳤고, 첼시는 3승 1무 1패(승점 10·득실차 +6)로 5위에 올랐다. 바르셀로나가 첼시 원정에서 약한 모습을 보인 건 처음이 아니다. 바르셀로나는 유럽클럽대항전에서 이날까지 9차례 첼시와 원정경기를 치러 단 1승(2무 6패)에 그쳤다. 마지막 승리는 2006년 2월 2-1 승리이고, 이후 5경기에서 2무 3패를 기록했다. 바르셀로나는 경기 초반부터 첼시 원정 징크스에 시달렸다. 전반 27분 쥘 쿤데(바르셀로나)의 자책골로 선제 실점한 것. 페드루 네투(첼시)의 슈팅이 문전에서 몸이 엉킨 페란 토레스(바르셀로나)와 쿤데의 발에 맞고 골대 안으로 들어갔다. 바르셀로나는 게다가 센터백 로날두 아라우호가 전반 32분에 이어 전반 44분 잇달아 옐로카드를 받고 경고누적 퇴장을 당했다. 수적 열세에 빠진 바르셀로나는 후반 10분 이스테방, 후반 28분 리엄 델랍(이상 첼시)에게 추가 실점하며 무너졌다. 바르셀로나는 지난 4경기에서 14득점을 올릴 정도로 뛰어난 화력을 뽐냈으나 첼시를 상대로 힘을 쓰지 못했다. 득점 기계 로베르트 레반도프스키와 신성 라민 야말, 마커스 래시퍼드(이상 바르셀로나) 모두 침묵했다. 맨체스터시티(잉글랜드)는 영국 잉글랜드 맨체스터의 에티하드 스타디움에서 열린 홈경기에서 선발 명단 다수를 바꾸는 로테이션 시스템을 가동했다가 레버쿠젠(독일)에 0-2로 완패했다. 주제프 과르디올라 감독은 맨체스터시티에서 치른 100번째 챔피언스리그 경기에서 고개를 숙였다. 맨체스터시티는 3승 1무 1패(승점 10·득실차 +5)로 6위, 레버쿠젠은 2승 2무 1패(승점 8)로 13위에 올랐다. 지난 23일 뉴캐슬 유나이티드(잉글랜드)에 1-2로 진 맨체스터시티는 주축 엘링 홀란을 비롯해 10명의 선수를 선발 명단에서 교체했으나 효과를 보지 못했다. 영국 매체 BBC는 “그 결정(선발 10명 교체)은 재앙적인 역효과를 낳았고 연패를 당했다”고 평가했다. 허종호 기자",https://v.daum.net/v/pB3F19WIho,문화일보,2025.11.26 11:20
"손흥민 공백 계속→2694억 초대형 보강.. 토트넘, 1월 시장서 공격수 2명 동시 영입 파격 준비","[OSEN=강필주 기자] 토트넘이 손흥민(33, LAFC)의 빈자리를 2명의 공격수를 한꺼번에 영입하는 초대형 보강 계획으로 메우려 한다.  영국 '토크스포츠'는 26일(한국시간) 토트넘이 앙투안 세메뇨(25, 본머스)와 사무 아게호와(21, 포르투)를 1월 영입 대상으로 검토하고 있으며, 두 선수의 몸값을 합하면 이적료가 1억 4000만 파운드(약 2694억 원)에 달할 초대형 계획이 될 것""이라고 전했다. 기사에 따르면 세메뇨와 아게호와 2명의 공격수는 토마스 프랭크 토트넘 감독이 꿈꾸는 공격 라인을 구축하기 위한 핵심 타깃이 될 전망이다. 프랭크 감독은 둘을 활용해 공격진을 완전히 새 판으로 짜고 싶어한다.  지난 시즌을 끝으로 손흥민을 떠나 보낸 토트넘은 이번 시즌 확실한 공격수 부재에 시달리고 있다. 도미닉 솔란케가 합류한 이후에도 꾸준한 득점력을 보여주지 못하면서 장기적 해결책이 필요해졌다. 손흥민의 공백이 고스란히 느껴지는 측면 보강은 필수다. 세메뇨는 측면은 물론 최전방까지 두루 섭렵할 수 있는 멀티 자원이다. 창의성까지 지녀 손흥민의 대체자 중 한 명으로 꼽히고 있다. 토트넘은 현재 확실한 골잡이도 없다. 히샬리송과 도미닉 솔란케가 있지만 이들이 장기적으로 팀을 이끌 수 있는 스트라이커가 아니라는 평가다. 아게호와는 높은 잠재력을 지닌 만큼 토트넘과 프리미어리그에서도 성공할 가능성이 충분하다고 보고 있다.  세메뇨는 측면은 물론 최전방까지 두루 섭렵할 수 있는 멀티 자원이다. 창의성까지 지켜 손흥민의 대체자 중 한 명으로 꼽히고 있다. 아게호와는 최근 돋보이는 활약 속에 프리미어리그 구단들이 시선을 두고 있는 스트라이크다. 과연 그동안 선수 영입에 보수적이었던 토트넘이 프랭크 감독의 바람대로 꿈의 공격 라인을 완성할 수 있을지 궁금하다. /letmeout@osen.co.kr ",https://v.daum.net/v/15W5XBvmTN,OSEN,2025.11.26 11:19
"토트넘 대절망! '405골 공격수' 공식발표…""독일행 내 인생 최고의 선택""→5700억 바이아웃 소문 폭주에도 '뮌헨 충성 선언'","[스포티비뉴스=박대현 기자] 클럽에서만 405골, A매치 78골에 빛나는 잉글랜드 국가대표 공격수 해리 케인(32, 바이에른 뮌헨)이 자신의 거취와 관련된 루머에 대해 직접 입을 열었다. 26일(이하 한국시간) 독일 '스카이스포츠'에 따르면 케인은 ""뮌헨으로 이적은 내 인생 최고의 결정 중 하나다. 난 여기서 행복하다. 더 오래 머물고 싶다""고 밝혔다. 2023년 여름 케인은 토트넘 홋스퍼를 떠나 뮌헨으로 완전 이적했다. 독일 무대에서도 변함없는 득점력을 보여주며 지금까지 공식전 114경기 109골 29도움을 쌓았다. 매 경기 1개 이상의 공격포인트를 쌓는 경이로운 생산성을 뽐냈다. 최근 케인은 바르셀로나가 보유한 폴란드 국가대표 스트라이커 로베르트 레반도프스키 후계자로 거론되고 있다. 영국 정론지 '가디언'은 “바르사가 케인을 최우선 영입 대상으로 삼고 있으며 내년 여름 약 5700만 파운드(약 1150억 원)의 바이아웃 조항을 발동할 가능성이 있다”고 보도했다. 바르사뿐 아니라 친정 토트넘, 맨체스터 유나이티드 이적설까지 떠도는 가운데 케인은 못을 박았다. 아스널과 챔피언스리그 리그 페이즈 원정 5차전을 하루 앞두고 열린 사전 기자회견에서 “아직 뮌헨과 구체적인 (재계약) 논의를 한 건 아니지만 지금 상황에 매우 만족하고 있다. 앞으로 몇 달 안에 새 계약에 관해 논의할 것”이라고 힘줘 말했다. 뮌헨과 계약은 2027년 6월까지지만 서두를 필요는 없다는 입장을 분명히 했다. 케인은 “급할 이유가 없다. 뮌헨에서 생활할 수 있어 정말 행복하다. 만일 어떤 접촉이 있다면 알게 되겠지만 아직 다음 시즌에 대해선 전혀 생각지 않고 있다”고 귀띔했다. 즉 현재 독일에서 삶과 뮌헨에서 활약에 충분히 만족하고 있단 뜻을 내비친 것이다. 아울러 계약 연장 가능성에 대해서도 “이번 시즌이 끝나더라도 (뮌헨 소속이란 신분이) 크게 달라질 것은 없을 것""이라며 ""앞으로 몇 달 안에 구단 측과 얘길 나누게 될 것 같고 그때 무엇이 내 미래에 최선인지 판단할 것”이라고 말했다. 당장은 계약을 충실히 이행하겠단 입장을 드러냈다. 헤르베르트 하이너 뮌헨 회장 역시 빌트와 인터뷰에서 “케인과 계약은 아직 1년 반이나 남아 있고 그는 믿기 어려울 만큼 높은 수준에서 뛰고 있다. 앞으로 협상을 진행할 예정이며 결정은 그의 미래 계획에 따라 내려질 것”이라며 계약 갱신에 관한 자신감을 내비쳤다. <저작권자 ⓒ SPOTV NEWS. 무단전재 및 재배포 금지>",https://v.daum.net/v/fagkjliPC5,스포티비뉴스,2025.11.26 11:15
"""부끄러웠다""… 리버풀의 추락에 씁쓸한 각포가 밝힌 선수단 긴급 회의 공개, ""모두가 책임져야 한다""","(베스트 일레븐) 리버풀 공격수 코디 각포는 최근 극심한 부진에 빠진 팀 분위기의 심각성을 느낀 선수들이 스스로 회의를 열어 분위기를 추슬러 보려 했다고 설명했다. 각포가 포함된 리버풀은 지난 23일 안필드에서 열린 2025-2026 잉글랜드 프리미어리그 12라운드 노팅엄 포레스트전에서 0-3으로 패했다. 최근 일곱 경기에서 6패를 기록하며 급격하게 추락한 리버풀을 향한 외부 평가가 갈수록 혹독해지고 있다. 아르네 슬롯 리버풀 감독의 거취까지 언급되는 등 팀 분위기는 매우 좋지 않다. 영국 매체 <더 선>에 따르면, 각포는 리버풀이 위기 상황을 정면 돌파하기 위해 선수단 내부에서 솔직한 논의가 진행됐다고 밝혔다. 리버풀 선수들은 단순히 슬롯 감독에게 책임을 돌려서는 안 된다는 데 의견을 모았다고 한다. 각포는 ""홈에서 완패한 뒤 부끄러움이 들었다. 팬들이 어려운 순간마다 우리를 도와준다는 걸 알기 때문에 반드시 그들에게 보답해야 한다""라고 말했다. 이어 ""선수들이 화가 났다는 표현을 쓰기는 어렵지만, 경기장에서 더 나은 모습을 보여주기 위해 무엇을 해야 하는지 서로 솔직하게 이야기하려 했다""라고 설명하며 선수단 자체 회의가 열린 이유를 전했다. 각포는 또 ""슬롯 감독뿐만 아니라 선수들도 책임을 져야 한다. 회의라고 부르기 어려운 자리였지만, 동료들과 솔직하게 대화를 나누면서 모두가 책임져야 한다는 의견이 모였다""라고 말하며 팀 전체가 심각성과 책임감을 공유하고 있다고 강조했다. 한편 리버풀은 27일 새벽 안필드에서 2025-2026 UEFA 챔피언스리그 리그 페이즈 5라운드 PSV 에인트호번전을 치른다. 친정팀을 상대하게 된 각포는 ""리버풀이 다시 싸울 수 있다는 걸 보여줘야 한다. 서로에게 더 많은 것을 요구해야 한다""라고 말하며 치열한 승부를 다짐했다. 글=김태석 기자(ktsek77@soccerbest11.co.kr) 사진=ⓒgettyImages/게티이미지코리아(무단 전재 및 재배포 금지) 축구 미디어 국가대표 - 베스트 일레븐 & 베스트 일레븐 닷컴 저작권자 ⓒ(주)베스트 일레븐. 무단 전재/재배포 금지-www.besteleven.com",https://v.daum.net/v/YGuSC1Dgyy,베스트일레븐,2025.11.26 11:14
"맨시티 펩, 패전 뒤 후회 “로테이션이 과했네”","[뉴스엔 김재민 기자] 과르디올라 감독이 전면 로테이션을 택한 후 패한 것을 자신의 책임으로 돌렸다. 맨체스터 시티는 11월 26일(이하 한국시간) 영국 맨체스터 에티하드 스타디움에서 열린 바이어 레버쿠젠과의 '2025-2026 UEFA 챔피언스리그' 리그 페이즈 5라운드 경기에서 0-2로 패했다. 맨시티는 전면 로테이션을 선택했다. 직전 뉴캐슬 유나이티드전에서 선발 명단 10명이 바뀌었다. 결과적으로 패착이 됐다. 전반 23분 알렉한드로 그리말도에게 선제골을 내준 맨시티는 후반전 주전 선수를 연이어 투입했지만 후반 9분 파트리크 쉬크에게 추가골을 내주고 패했다. 펩 과르디올라 감독은 경기 후 영국 'TNT 스포츠'와의 인터뷰에서 ""내 탓이다""고 말했다. 그는 경기력에 대해 ""전부 내 책임이다. 선발 출전한 선수들도 전부 뛰어나다고 생각했지만 최고 수준의 레벨에서 필요한 무언가가 없었다. 이제 우리는 다음 경기에서 다시 싸울 것이다""고 평했다. 선발 명단을 10명이나 바꾼 것에 대해서는 ""받아들여야 한다. 이겼다면 문제가 되지 않았을 것이지만 그래도 받아들인다. 너무 많이 바꿨을 수도 있다. 그러나 매번 2~3일마다 경기를 치르면 이런 변화가 필요하다. 그러나 결과를 고려하면 너무 많이 바꿨나 보다""며 자신의 돌아봤다. 맨시티는 5경기 3승 1무 1패 승점 10점으로 리그 페이즈 6위를 달리고 있다.(사진=펩 과르디올라 감독) 뉴스엔 김재민 jm@ 사진=ⓒ GettyImagesKorea 기사제보 및 보도자료 newsen@newsen.com copyrightⓒ 뉴스엔. 무단전재 & 재배포 금지",https://v.daum.net/v/HCodcvLxhL,뉴스엔,2025.11.26 11:05
[PL POINT] 포스테코글루 정말 대단하네...리버풀 3-0 대승 스쿼드로 10경기 무승+경질이라니,"[인터풋볼=신동훈 기자] 엔제 포스테코글루 감독이 다른 의미로 재평가되고 있다.  노팅엄 포레스트는 23일(한국시간) 영국 리버풀에 위치한 안필드에서 열린 2025-26시즌 프리미어리그 12라운드에서 리버풀을 3-0으로 잡았다. 노팅엄은 승점 12(3승 3무 6패)가 되면서 강등권 탈출에 성공했다.  노팅엄이 리버풀 원정에서 3-0으로 이긴 건 놀라운 일이다. 시즌 초반 노팅엄 모습을 생각하면 상상하기 어려운 일이다. 노팅엄은 지난 시즌 누누 산투 감독 아래 돌풍을 일으켰는데 프리시즌 동안 에반젤로스 마리나키스와 누누 감독 간 불화로 인해 문제가 생겼다. 누누 감독은 갑작스럽게 경질됐다. 후임은 토트넘 홋스퍼의 유럽축구연맹(UEFA) 유로파리그(UEL) 우승을 이끈 포스테코글루 감독이었다. 포스테코글루 감독은 안정화에 실패했다. 공격을 강조하는 포스테코글루 감독 축구는 수비 색채가 짙게 설정된 누누 감독 스쿼드에 맞지 않았다. 최악의 경기력을 보여줬고 무승을 이어가면서 비난을 받았다. 포스테코글루 감독은 자신감을 밝혔으나 첼시전에서도 패하면서 공식전 10경기 무승을 이어가자 경질됐다.   번리를 성공적으로 이끌었던 션 다이치 감독이 왔다. 다이치 감독은 에버턴에선 아쉬운 성적을 거둔 만큼 우려도 있었다. 다이치 감독은 포르투와의 UEL에서 2-0으로 이기면서 무승을 끊었다. 프리미어리그 첫 경기에선 본머스에 0-2로 패했지만 맨체스터 유나이티드와 2-2로 비기고 리즈 유나이티드를 3-0 대파하면서 분위기를 바꿨다. 슈트룸 그라츠와의 UEL에서 0-0으로 비긴 노팅엄은 리버풀 원정에서 3-0 완승을 해냈다. 모건 깁스-화이트, 엘리엇 앤더슨 활약이 대단했다. 다이치 감독 특유의 끈적한 수비가 빛을 냈다. 공격 선수들은 개개인 장점을 드러내고 팀적으로는 수비적으로 단단해지면서 노팅엄은 정상 궤도에 올랐다.  전체 스쿼드는 달라진 게 없다. 감독이 변화를 시킨 것이다. 다이치 감독의 능력이 조명되는 반면, 이 스쿼드로 전혀 다른 결과를 냈던 포스테코글루 감독의 능력은 혹평을 듣고 있다. ",https://v.daum.net/v/Ub4SS3mj0E,인터풋볼,2025.11.26 11:01
"'파리 시민을 기쁘게하는 선수, 경기 거듭될수록 발전'…이강인, PSG 최고 선수 극찬","[마이데일리 = 김종국 기자] 파리생제르망(PSG) 이강인의 활약에 대한 기대감이 높아지고 있다. PSG는 27일 오전 5시(한국시간) 프랑스 파리에서 토트넘을 상대로 2025-26시즌 유럽축구연맹(UEFA) 챔피언스리그 페이즈 5차전을 치른다. 이강인은 최근 PSG에서의 맹활약을 펼치고 있는 가운데 토트넘전 활약이 주목받고 있다. 프랑스 트리뷰나는 25일 '이강인은 경기가 거듭될수록 더 좋아지는 모습을 보이고 있다. PSG 팬들은 이강인의 활약을 높게 평가한다'며 '이강인은 올 시즌 PSG에서 계속해서 놀라움을 선사하고 있다. 경기가 끝날 때마다 이강인은 파리 시민들을 기쁘게하는 매력적이고 눈부신 경기를 펼치고 있다. 이강인은 뎀벨레와 두에 같은 선수를 대신하는 것 이상의 역할을 하고 있다. 이강인은 기술과 전술을 조화롭게 활용해 PSG에게 결정적인 순간에 효과적인 해결책을 제시한다. 이강인의 성장세는 분명하게 드러난다'고 전했다. 또한 '이강인의 올 시즌 활약은 강력하다. 경기가 진행될수록 이강인의 활약이 마음에 든다. 이강인은 PSG 최고의 선수다. 단순한 대체 선수가 아니라 더 많은 것을 해낸다. 이강인의 다재다능함이 정말 마음에 든다. 볼을 컨트롤하며 PSG가 계속 볼을 소유하도록 도와주는 선수였는데 이제는 점점 더 주도권을 가지고 플레이한다'며 긍정적인 PSG 팬들의 반응을 소개했다. 이강인은 지난 23일 프랑스 파리에서 열린 르아브르와의 2025-26시즌 프랑스 리그1 13라운드에서 선제 결승골을 터트려 PSG의 3-0 완승을 이끌었다. 이강인은 르아브르전에서 전반 29분 멘데스가 왼쪽 측면에서 낮게 올린 크로스가 골문앞으로 연결되자 왼발 슈팅으로 마무리해 골망을 흔들었다. 프랑스 매체 풋볼365는 24일 '선발 출전을 위한 경쟁이 진행 중이다. PSG의 교체 선수가 그 자리를 위해 싸우고 싶어한다'며 'PSG의 루이스 엔리케 감독은 재능 있는 젊은 선수들이 많이 모인 선수단을 보유하고 있고 치열한 경쟁이 펼쳐지고 있다. PSG의 모든 선수는 루이스 엔리케 감독의 선발 명단에 포함되기 위해 최선을 다해야 한다'고 전했다. 이 매체는 '루이스 엔리케 감독이 선발 출전으로 선호하는 11명의 선수가 있지만 일부 선수들은 뛰어난 활약으로 순위를 뒤흔들 수 있다. 이강인이 그 예'라며 '이강인은 올 시즌 큰 가능성을 보여주며 올 시즌 초반 유쾌한 놀라움 중 하나로 자리매김했다'고 언급했다. 또한 '이강인은 부상 선수가 발생한 틈을 타 충분한 출전 시간을 확보하고 루이스 엔리케 감독의 신뢰를 얻고 있다'고 언급했다. 특히 '이강인은 지난 시즌 벤치로 밀려났거나 루이스 엔리케 감독의 16번째 또는 17번째 선수에 머물렀지만 올 시즌이 시작된 이후 순위가 상승했다. 이강인은 올 시즌 모든 경기에 출전했고 3골 2어시스트를 기록하며 다섯 번이나 득점에 결정적인 활약을 펼쳤다. 이러한 고무적은 활약을 바탕으로 이강인은 토트넘과의 유럽축구연맹UEFA 챔피언스리그 경기에 바르콜라, 크바라츠헬리아와 함께 선발 출전할 것으로 보인다'는 뜻을 나타냈다. 프랑스 매체 르파리지엥은 '이강인이 PSG에서 다시 주목받는 이유가 있다. 르아브르전에서 골을 넣은 이강인은 다시 한번 PSG의 중요한 선수가 됐다. 이강인은 PSG에서 작은 르네상스를 일으켰다'고 언급했다.",https://v.daum.net/v/xTjLLsMVm9,마이데일리,2025.11.26 11:01
"""있을 수 있는 일""… 플리크 바르사 감독, 쿠쿠렐라에 백태클 후 퇴장당한 아라우호 감싸며 ""탓할 상황 아니다""","(베스트 일레븐) 바르셀로나 수비수 로날드 아라우호는 자신의 퇴장으로 첼시 원정에서 패했다는 죄책감을 조금은 덜 수 있을 것으로 보인다. 한지 플리크 바르셀로나 감독이 있을 수 있는 실수라며 아라우호를 감쌌다. 아라우호가 포함된 바르셀로나는 26일 새벽(한국 시간) 런던 스탬퍼드 브리지에서 열린 2025-2026 UEFA 챔피언스리그 리그 페이즈 5라운드 첼시 원정 경기에서 0-3으로 패했다. 바르셀로나는 전반 27분 수비수 쥘 쿤데의 자책골 이후 흔들렸고, 후반 10분 에스테방, 후반 28분 리암 델랍에게 연속 실점하며 무기력하게 무너졌다. 이날 경기의 결정적 장면은 전반 44분 아라우호의 퇴장이었다. 아라우호는 전반 44분 첼시 풀백 마르크 쿠쿠렐라를 뒤에서 향해 태클을 시도하다 퇴장을 당했다. 영국 매체 <미러>에 따르면, 플리크 감독은 경기 후 기자회견에서 승부처가 된 아라우호의 퇴장에 대해 크게 문제 삼지 않았다. 플리크 감독은 ""다시 영상을 봐야 한다""라고 말하면서도 ""축구에서 일어나는 일이다. 타이밍도 좋지 않았고, 이런 경기에 어울리는 장면도 아니었지만, 이런 일은 일어난다""라고 설명하며 아라우호의 실수를 감쌌다. 플리크 감독은 이어 ""첼시처럼 환상적인 팀을 상대로 따라붙는 건 어렵다. 하지만 다음 경기가 있다""라고 말하며 상대 전력을 인정하는 동시에 다음 경기에서 반전을 노리겠다는 의지를 드러냈다. 한편 바르셀로나는 오는 30일 새벽 캄 노우에서 열리는 2025-2026 스페인 라리가 14라운드 알라베스전으로 일정을 이어간다. 글=김태석 기자(ktsek77@soccerbest11.co.kr) 사진=ⓒgettyImages/게티이미지코리아(무단 전재 및 재배포 금지) 축구 미디어 국가대표 - 베스트 일레븐 & 베스트 일레븐 닷컴 저작권자 ⓒ(주)베스트 일레븐. 무단 전재/재배포 금지-www.besteleven.com",https://v.daum.net/v/3BS0WuCEv8,베스트일레븐,2025.11.26 10:55
"""비밀 무기 있다!"" 맨유, PL서 최고 핫한 '1154억 FW' 영입전 자신…리버풀·토트넘 제치고 ""결정적 우위"" 잡는다","[SPORTALKOREA] 황보동혁 기자= 맨체스터 유나이티드FC가 최근 이적시장에서 뜨거운 감자로 떠오른 앙투안 세메뇨(AFC 본머스) 영입전에서 강한 자신감을 보이고 있다. 영국 매체 '더 하드 태클'은 26일(한국시간) '팀토크' 보도를 인용해 ""세메뇨는 맨유의 주요 관심 대상이지만, 리버풀과 토트넘도 강력하게 영입을 추진 중이라 경쟁이 치열할 전망이다. 그럼에도 맨유는 영입 경쟁을 유리하게 만들 '트럼프 카드(비밀 무기)'를 갖고 있다""고 전했다. 사실 맨유의 관심은 이제 새삼스러운 소식이 아니다. 지난 24일 영국 '커트오프사이드' 역시 ""맨유가 1월 이적시장에서 세메뇨 영입을 본격 검토 중""이라고 전한 바 있다. 2000년생 가나 대표팀 공격수 세메뇨는 폭발적인 스피드와 힘 있는 드리블, 그리고 측면·중앙 모두 소화 가능한 다재다능함으로 가치를 꾸준히 높여왔다. 지난 시즌 42경기 13골 7도움, 이번 시즌에도 이미 6골 3도움으로 프리미어리그에서 가장 뜨거운 공격 자원 중 한 명으로 평가받고 있다. 특히 그의 계약에는 명확한 바이아웃 조항이 포함돼 있어 협상 없이 바이아웃 금액만 지불하면 즉시 영입이 가능하다. 현지 보도에 따르면 금액은 6,000만 파운드(약 1,154억 원)로 적지 않지만 세메뇨의 가치를 감안하면 충분히 지불 가능한 수준으로 여겨진다. 맨유는 곧 열리는 아프리카 네이션스컵(AFCON)으로 인해 공격진의 이탈이 예상되면서 1월 영입 필요성이 더욱 커진 상황이다. 이번 AFCON은 12월 21일부터 내년 1월 18일까지 모로코에서 열리는데 그 기간 맨유는 애스턴 빌라, 뉴캐슬 유나이티드, 울버햄튼 원더러스, 리즈 유나이티드, 번리, 맨시티 등 강팀들과 연달아 리그 일정을 치러야 한다. 여기에 FA컵 3라운드까지 겹치며 전력 손실이 치명적일 수 있다. 특히 브라이언 음뵈모(카메룬), 아마드 디알로(코트디부아르), 누사이르 마즈라위(모로코)의 차출이 유력해 공격 자원 이탈이 불가피하다. 음뵈모와 디알로가 동시에 빠질 경우 맨유의 공격 운용에는 큰 부담이 된다. 이런 상황에서 맨유뿐 아니라 맨체스터 시티, 토트넘, 리버풀까지 세메뇨를 노리면서 경쟁 구도는 복잡해지고 있다. 그럼에도 맨유는 영입을 자신하는 분위기다. 더 하드 태클은 ""맨유는 세메뇨 영입 경쟁에서 결정적 우위를 점할 비밀 무기를 갖고 있다""며 ""바로 본머스 테크니컬 디렉터 사이먼 프랜시스가 평생 맨유 팬이라는 점이다. 이는 맨유에 긍정적으로 작용할 가능성이 있다""고 전망했다. 사진= 풋볼팬캐스트, 게티이미지코리아 ",https://v.daum.net/v/4Lvn8gb0i1,스포탈코리아,2025.11.26 10:53
"""오른발로 뭘 하면 '축하해!'라고 했죠"" 야말 꽁꽁 묶은 'MOTM' 쿠쿠레야의 비결","[풋볼리스트] 김진혁 기자= 마르크 쿠쿠레야가 라민 야말을 완벽히 봉쇄한 비결을 풀었다. 26일(한국시간) 영국 런던의 스탬퍼드 브리지에서 2025-2026 유럽축구연맹(UEFA) 챔피언스리그(UCL) 리그 페이즈 5라운드를 치른 첼시가 바르셀로나를 3-0으로 제압했다. 이로써 첼시는 홈에서 바르셀로나 상대 5경기 무패를 달렸다. 순위도 5위로 끌어올렸다. 이날 첼시의 왼쪽 수비수 쿠쿠레야는 바르셀로나 에이스 야말을 꽁꽁 묶었다. 쿠쿠레야는 야말과 같은 바르셀로나 유스 '라 마시아' 출신이다. 게다가 스페인 국가대표팀에서도 한솥밥을 먹고 있을 정도로 야말에 대해 누구보다 잘 알고 있다. 사전 기자회견에서 쿠쿠레야는 ""내가 이스테방에게 훈련 때 정강이 보호대를 꼭 차라고 조언했다. 야말과 대결은 분명 어려운 싸움이 될 것이니까""라며 야말 경계령을 내리기도 했다. 이날 쿠쿠레야는 누구보다 잘 알고 있는 야말을 자신만에 노하우로 봉쇄했다. 측면에서 야말과 조우할 때마다 유려한 수비 기술로 대응했다. 왼발잡이인 야말의 특성을 고려해 쿠쿠레야는 야말의 중앙 돌파 루트를 막아섰고 측면에 고립되도록 유도했다. 측면에 갇힌 야말은 첼시의 협력 수비에 속수무책 당했다. 이날 야말은 극심한 견제 속에서 무득점으로 침묵했다. 야말을 묶은 쿠쿠레야는 공격에서도 영향력을 행사했다. 전반 27분 알레한드로 가르나초의 전진 패스를 받은 쿠쿠레야가 오른쪽 하프스페이스를 점유했고 이내 문전으로 보낸 패스를 페드루 네투가 뒷꿈치로 슈팅했다. 페란 토레스가 골라인 앞에서 공을 막았지만, 쥘 쿤데가 몸을 돌리는 과정에서 공을 골대로 밀어 넣으며 자책골이 됐다. 쿠쿠레야는 전반 막판 바르셀로나 수비수의 퇴장을 유도하기도 했다. 전반 44분 왼쪽 측면에서 쿠쿠레야가 엔조 페르난데스와 원투 패스를 주고 받은 뒤 뒷공간으로 침투했다. 로날드 아라우호가 쿠쿠레야의 동선을 막는 과정에서 파울을 범했고 주심은 곧장 경고 누적 레드카드를 꺼내 들었다. 첼시의 3-0 대승에 일조한 쿠쿠레야는 이날 UEFA 선정 'Man of the match'에 선정됐다. 경기 후 중계사 인터뷰에서 쿠쿠레야는 ""우리는 정말 잘했다. 패스를 연결하고 공을 잃지 않으려는 열정이 있었다. 많은 기회를 만들었으며 승리를 거둘 자격이 있다""라며 ""지난 몇 경기 동안 수비에서 발전했고 클린시트와 자신감도 쌓았다. 계속 나아가야 할 방향이다. 아직 갈 길이 멀다. 이 수준을 유지할 수 있기를 바란다""라며 승리 소감을 전했다. 쿠쿠레야는 야말을 봉쇄한 비결도 밝혔다. ""야말은 왼발이 지배적이다. 내가 야말을 안으로 끌어들일 수 있다면, 팀원들도 그곳에 있을 것이다. 오른발, 즉 가장 약한 발에 공간을 남겨뒀다. 야말이 오른발로 뭔가 해내면 '좋아, 축하해'라고 말했다""라며 유쾌한 설명을 더했다. 이날 야말과 함께 '2007년생 대전'으로 주목받은 이스테방 윌리앙에 대한 칭찬도 잊지 않았다. 이스테방은 후반 초반 드리블 후 호쾌한 슈팅으로 2번째 골을 기록했다. ""이스테방은 특별한 재능을 가진 선수다. 항상 행복하고 미소를 잃지 않고 플레이한다. 일대일 상황에서 최선을 다하려고 노력한다. 마침내 그가 오른발로 골을 넣었고 우리는 행복하다""라며 야말과 차이점에 대해선 ""정말 어려운 문제다. 두 선수들에게서 가장 좋아하는 점은 좋은 액션을 취하든 못하든, 공을 요구한다는 것이다. 개성이 넘친다. 가장 큰 차이점이라면 이스테방은 이제 막 유럽에 왔다""라고 답했다. 사진= 게티이미지코리아",https://v.daum.net/v/td6UqM3GTZ,풋볼리스트,2025.11.26 10:52
"FIFA, SFD와 MOU 체결…개도국 스포츠 생태계 강화 지원","[SPORTALKOREA] 배웅기 기자= 국제축구연맹(FIFA)이 스포츠의 잠재력을 활용, 경제 및 사회 발전을 촉진하고자 사우디아라비아 개발기금(SFD)과 전 세계 개발도상국의 스포츠 경기장 및 필수 주변 인프라 건설·재건에 최대 10억 달러(약 1조 4,797억 원)의 양허성 차관을 지원하는 양해각서(MOU)를 체결했다고 밝혔다. FIFA는 ""이번 MOU 체결은 사회 및 경제 발전을 위한 광범위한 노력의 일환으로 개발도상국의 스포츠 생태계 강화를 지원하겠다는 공동의 약속을 강조한다""며 ""해당 프로그램은 개발도상국과 각 FIFA 회원국에 우선순위를 둬 성장을 촉진하고 기회를 창출하며 모든 단계에서 참여를 장려하는 시설에 투자할 수 있도록 지원할 예정""이라고 설명했다. 그러면서 ""이러한 약속은 스포츠가 갖는 경제적인 영향의 증거를 뒷받침한다. 독립 기관 보고서에 따르면 세계 스포츠 경제는 세계 국내총생산(GDP)의 약 2%를 차지하며 이는 고용, 관광, 지역사회 개발을 촉진하는 원동력으로서 점차 역할이 커지고 있음을 보여준다. 전 세계 211개의 FIFA 회원국이 있는 가운데 세계적인 시설을 갖춘 국가와 그렇지 못한 국가 간의 격차는 여전히 크다""고 덧붙였다. 계속해서 ""이번 MOU는 각국 정부가 국제 기준을 충족, 지역사회 생활·교육·포용의 허브 역할을 하는 현대적인 멀티 스포츠 경기장을 설계하고 자금 지원·건설할 수 있도록 지원하는 걸 목표로 한다""며 ""새로운 시설은 안전하고 현대적인 공간에서 소집, 훈련 및 경쟁할 수 있도록 일자리를 창출하고 지역 비즈니스를 활성화하며 결속력을 강화할 것""이라고 강조했다. 끝으로 ""이러한 양허성 차관을 통해 SFD와 FIFA는 국가 당국과 적극적으로 협력해 장기적인 경제 회복력과 지역 역량 강화에 기여하는 프로젝트를 추진할 것""이라며 ""또한 다른 개발 기관, 민간 부문 파트너, 지역 단체를 유치하기 위한 시드 파이낸싱 역할을 해 신흥 경제권 전역에서 지속 가능한 스포츠 개발 모델을 구축할 것""이라고 전했다. 술탄 빈 압둘라흐만 알 마르샤드 SFD 최고경영자(CEO)는 ""스포츠는 경쟁 그 이상이며 개발과 포용의 촉매제다. 우리는 양허성 차관을 통해 각국이 잠재력을 발휘하고 젊은이에게 힘을 실어주며 미래 세대를 위한 공동체를 강화하는 데 필요한 인프라를 구축할 수 있도록 지원하고 있다""고 말했다. 잔니 인판티노 FIFA 회장은 ""FIFA의 역할은 전 세계 축구를 발전시키는 것""이라며 ""많은 FIFA 회원국은 대회 개최에 필요한 인프라 지원을 필요로 한다. SFD와 MOU를 통해 필요한 곳에 FIFA 인증 경기장 건설과 개선을 위한 최대 10억 달러의 양허성 차관을 제공할 것이다. FIFA 회원국이 진정으로 축구를 세계화할 수 있는 시설을 확보하는 데 중요한 단계""라고 이야기했다. 사진=국제축구연맹 제공",https://v.daum.net/v/4MdkrGjJdF,스포탈코리아,2025.11.26 10:51
"MLS 첫 시즌 마친 손흥민, 크리스마스 앞두고 친정팀 방문 예고...""토트넘은 아직도 '레전드' 쏘니 그립다""","(MHN 권수연 기자) 미국 메이저리그사커(MLS)에서의 첫 시즌을 마친 손흥민(로스앤젤레스FC)이 친정팀 토트넘으로 향한다. 팬들에게 제대로 하지 못한 인사를 전하기 위해서다. 토트넘 전담 매체 '토트넘홋스퍼뉴스'는 지난 25일(현지시간) ""손흥민이 개인적인 방문을 곧 가진다""며 ""토트넘은 12월에 (홈 구장) 토트넘 홋스퍼 스타디움으로 '레전드' 손흥민을 다시 초대할 계획이다. 아마 리버풀과의 경기(한국시간 12월 21일)에 초대할 확률이 가장 높다""고 전했다. 만약 손흥민의 12월 토트넘 홈 구장 방문이 이뤄진다면, 친정팀을 아쉽게 떠난지 약 4개월 만에 다시 돌아가는 셈이다.   손흥민은 지난 8월 초, 10년을 머물렀던 토트넘에 작별을 고했다. 2015년 토트넘에 입단한 손흥민은 잉글랜드 프리미어리그(EPL) 커리어의 시작과 끝을 모두 토트넘에서만 치렀다. 손흥민은 토트넘 소속으로 통산 454경기에 나서 173골 101도움을 기록했다. 그 동안 푸스카스상(2020), EPL 득점왕(2021-22시즌) 등 개인 이정표에 더해 올해 유럽축구연맹(UEFA) 유로파리그 우승컵까지 들며 명실상부 팀의 엘리트 주장 반열에 들었다.  이후 손흥민은 2026 북중미 월드컵 대비를 위해 차기 도전 무대를 미국으로 옮겼다. 미국에 건너온 손흥민은 곧바로 초특급 스타이자 팀의 중심이 되어 펄펄 날았다. MLS 정규시즌을 마치고 플레이오프까지 종료한 현재, 그는 LA FC 소속으로 통산 13경기에서 12득점 4도움을 기록했으며 POTM 7회 수상, MLS 올해의 골 등에 줄줄이 선정됐다. 다만 팀은 MLS컵 PO 8강에서 밴쿠버 화이트캡스와 승부차기 끝에 패해 조기 탈락했다. 영국에서의 오랜 커리어를 영광스럽게 마치고, 미국에서도 맹활약을 펼쳤다. 단 한 가지, 친정팀 팬들에게 제대로 된 인사를 전하지 못한 점은 두고두고 아쉽게 여긴다. 손흥민은 지난 8월 프리시즌 일정을 위해 한국에 입국했을 때, 팀과 함께 돌아가지 않고 남았다가 미국으로 출국했다. 이후 LA FC에 곧바로 합류해 거의 곧장 경기에 투입됐다. 손흥민은 MLS 시즌을 치르는 중에도 친정팀에 대한 그리움을 숨기지 않았고, 인터뷰를 통해서는 ""제 마지막 경기가 한국에서 열렸기 때문에, 런던으로 돌아가 토트넘 팬들과 작별 인사를 나누고 싶다""며 ""저나 그들이나 서로에게 작별 인사를 할 자격이 있다. 정말 감동적인 하루가 될 것 같다""는 말을 전하기도 했다. 당초 손흥민의 LA FC는 플레이오프에 진출하며 MLS 결승(12월 6일)까지 오를 가능성까지 엿봤다. 이에 따라 친정팀 방문 일정에 팬들의 이목이 모인 바 있다. '토트넘홋스퍼뉴스'는 풋볼아시안의 보도를 인용해 ""토트넘이 12월 홈 경기를 위해 손흥민을 런던으로 초대할 준비를 하고 있다""며 ""팀은 그의 전설적인 10년을 기념하기 위해 경기 전 행사, 하프타임 기념식, 특별 선물 등을 계획하고 있다""고 전했다.  그러면서 ""토트넘은 사실 아직도 (선수로서의) 손흥민을 많이 그리워한다""며 ""토트넘은 올 시즌 리그에서 골과 창의성이 부족하다. 지금까지 우리는 리그에서 20골을 넣었고 8번째로 적은 기록인 20개 빅 찬스를 만드는데 그쳤다. 윌슨 오도베르가 지난 몇 주 동안 양호한 모습을 보였지만 아직도 토트넘에는 베테랑 좌윙이 없다. 아마 팬들은 손흥민이 토트넘 홋스퍼 스타디움에 모습을 드러내면 더욱 더 그를 갈망하게 될 것""이라고 덧붙였다. 런던으로 향할 손흥민은 선수단과 팬들 뿐만 아니라 훈련장인 홋스퍼 웨이에도 방문할 예정이다. 또 다른 토트넘 매체인 '스퍼스 웹'은 ""손흥민은 팬들 뿐만 아니라 스태프들에게도 작별 인사를 나누고 싶어한다""며 ""그는 홋스퍼 웨이에서 일하는 쉐프들과 그라운드 키퍼, 물리치료사, 분석가 및 기타 직원들에게도 감사함을 전하고 싶어한다. 다음 달에 열릴 재회는 손흥민에게 있어 개인적으로 깊은 의미가 될 것""이라고 전했다. 한편 손흥민은 MLS 시즌을 마친 후 자신의 SNS를 통해 ""이 팀이 자랑스럽다""며 ""우리 모두가 바라던대로 끝나지는 않았지만 우리가 보여준 캐릭터는 대단했고, 끝까지 싸움을 멈추지 않았다. 올 시즌을 응원해주시고 이곳을 집처럼 느끼게 해주신 여러분들께 진심으로 감사드린다. 다음 시즌 더 강하게 돌아오겠다""는 인삿말을 남겼다.   사진=MHN DB, 연합뉴스 ",https://v.daum.net/v/fnaQeE8BnN,MHN스포츠,2025.11.26 10:51
"'분데스리가 명문' 도르트문트, 한국에 첫 공식 아카데미 개설…박주호와 협업","[스포츠투데이 이상필 기자] 독일 분데스리가 명문 구단 보루시아 도르트문트(Borussia Dortmund, 이하 도르트문트)가 국내에서 처음으로 글로벌 유소년 육성 프로그램인 도르트문트 인터내셔널 아카데미 코리아를 공식 개설했다. 이를 통해 국내 유소년 선수들을 대상으로 도르트문트의 철학과 훈련 방식을 바탕으로 한 연중 상시 교육 프로그램을 제공할 예정이다. 아카데미는 수원월드컵경기장 인근에 위치해 있다. 이번 아카데미 개설은 전 국가대표 선수이자 도르트문트 출신인 한국 축구 레전드 박주호와의 협업을 통해 이뤄졌다. 프로 은퇴 후 유소년 육성에 힘써온 박주호는 도르트문트와 함께 초보 단계의 어린 선수부터 경쟁력을 갖춘 유망주까지 누구나 안정적으로 성장할 수 있는 교육 환경을 조성해 나갈 계획이다. 보루시아 도르트문트 아카데미의 베네딕트 숄츠(Benedikt Scholz) 총괄은 ""축구에 대한 열정이 높고, 도르트문트와 오랜 인연을 이어온 한국에 공식 아카데미를 개설하게 되어 매우 뜻깊게 생각한다""며, ""한국의 축구 유망주들이 도르트문트의 체계적인 훈련 시스템과 팀워크, 그리고 축구의 본질적인 즐거움을 담은 도르트문트만의 철학을 경험할 수 있기를 바란다""고 말했다. 이어 ""특히 유소년 육성에 강한 의지를 가진 박주호와 함께하게 되어 더욱 의미가 크다""고 덧붙였다. 도르트문트 인터내셔널 아카데미는 단순한 기술 훈련을 넘어 팀워크와 협력, 스포츠맨십, 경기 본연의 즐거움 등 도르트문트가 강조하는 핵심 철학을 기반으로 운영된다. 또한 도르트문트 코칭 시스템을 적용한 전문적인 지도 아래, 축구 기술은 물론 인성과 사회적 역량까지 균형 있게 성장시킬 수 있는 체계적인 교육 프로그램을 제공한다. 아카데미 운영을 맡은 박주호 총괄은 ""도르트문트 인터내셔널 아카데미 코리아 운영을 맡게 된 것은 개인적으로도 매우 뜻깊은 일이다. 프로 선수 생활을 마친 뒤, 축구를 통해 쌓아온 경험과 배움을 어린 선수들과 나누고 싶은 마음이 컸다""며, ""유소년 선수들이 기술 향상은 물론 서로에 대한 존중, 팀워크, 끈기 등을 배우며 성장할 수 있는 환경을 만들어가겠다. 도르트문트의 철학 아래 미래의 선수들이 어떻게 성장해 나갈지 기대된다""고 말했다. 아카데미 개설을 기념해 지난 24일 개최한 개막 축구 캠프에는 보루시아 도르트문트 인터내셔널 아카데미 본사 코치 2명이 직접 참여했다. 캠프에 참가한 유소년 선수들은 도르트문트의 세계적인 트레이닝을 체험하며, 아카데미가 추구하는 핵심 가치를 미리 경험하는 시간을 가졌다. 도르트문트는 축구에 대한 한국의 열정과 잠재력을 높이 평가하며, 이번 아카데미 개설이 전 세계 유소년 축구 발전을 위한 도르트문트의 글로벌 비전을 실현하는 데 있어 중요한 전환점이 될 것으로 기대하고 있다. [스포츠투데이 이상필 기자 sports@stoo.com]",https://v.daum.net/v/2erJS3mjCj,스포츠투데이,2025.11.26 10:48
"“이게 어떻게 1경기냐” FIFA, 호날두에 前례 없는 집행유예 선물…유럽 전역서 비판 폭발→""트럼프 효과 의혹까지""","[스포티비뉴스=박대현 기자] 크리스티아누 호날두(40, 포르투갈)가 북중미 월드컵 첫 경기부터 출전이 가능할 전망이다. 영국 '디 애슬레틱'은 26일(이하 한국시간) ""포르투갈 국가대표 스트라이커인 호날두가 국제축구연맹(FIFA)로부터 3경기 출전정지 징계를 받는다. 다만 2경기는 '1년 집행유예' 처분을 받았다""고 적었다. 호날두는 지난 13일 열린 북중미 월드컵 유럽예선 F조 아일랜드와 원정 5차전에서 상대 선수에게 팔꿈치를 가격한 행위로 레드카드를 받고 다이렉트 퇴장당했다. 호날두에겐 대표팀 통산 226경기 만에 첫 퇴장이었고 FIFA는 이에 3경기 출전정지 징계를 최종 부과했다. 하지만 이 중 2경기는 1년 집행유예를 적용해 '솜방망이 처벌' 논란을 피할 수 없을 것으로 보인다. 호날두가 향후 1년 안에 유사한 반칙을 저지르지 않는 한 집행유예는 풀린다. 때문에 호날두는 내년 6월까지 커리어 2번째 팔꿈치 가격으로 인한 레드카드를 수집하지 않을 경우 월드컵 첫 경기부터 뛸 수 있게 된다. 포르투갈은 지난 16일 아르메니아전에서 승리해 7개 대회 연속 월드컵 본선행을 확정했다. 호날두는 징계로 인해 이 경기에 출전하지 못했다. 이미 아르메니아전에서 한 경기를 결장한 만큼 호날두는 '팔꿈치 타격 본능'만 참아낸다면 월드컵 본선 1차전부터 출전이 가능하다. 현지 매체는 일제히 비판 목소리를 쏟아냈다. 디 애슬레틱은 ""전례도 없고 논리와 일관성 역시 상실한 판단""이라며 꼬집었고 영국 '스카이스포츠'는 ""호날두 팬들은 자신의 슈퍼스타가 남들과 다른 대우를 받는 걸 즐기는 것 같다""며 FIFA와 팬덤을 두루 지적했다. '도널드 트럼프 효과'가 솜방망이 처분에 영향을 미친 게 아니냐는 분석도 제기됐다. 호날두는 지난 19일 백악관을 방문해 트럼프 미국 대통령과 환담을 나눴는데 영국 '데일리 메일'은 ""이번 FIFA의 (사실상) 단 1경기 출장정지 징계는 트럼프 대통령을 만난 지 일주일 뒤에 나온 결정""이라며 의심의 눈길을 짙게 던졌다. 지난여름 클럽월드컵서부터 차기 월드컵 개최국 수반 눈치를 강하게 본 FIFA가 이번 사안에도 트럼프 측 메시지에 감응한 것이 아니냐는 시선이었다. <저작권자 ⓒ SPOTV NEWS. 무단전재 및 재배포 금지>",https://v.daum.net/v/WAStMcfzWu,스포티비뉴스,2025.11.26 10:47
'흥행 보증 수표' 역대급 매치업 예고! 손흥민vs메시 세기의 맞대결...개막전부터 빅뱅 [손흥민 MLS 결산④],"[스포티비뉴스=신인섭 기자] 첫 경기부터 제대로 붙는다. 미국메이저리그사커(MLS)가 흥행 몰이를 제대로 해볼 계획이다. LAFC는 지난 21일(한국시간) 구단 공식 홈페이지를 통해 2026 시즌 미국메이저리그사커(MLS) 34라운드의 전체 일정을 공개했다. LAFC는 구단 역사상 9번째 시즌에 돌입한다. 서부 컨퍼런스에 위치한 LAFC는 정규리그 총 34경기 가운데 홈 17경기, 원정 17경기로 구성한다. 동일 컨퍼런스 팀과 홈·원정 각각 한 번씩 총 28경기를 소화하고, 동부 컨퍼런스 팀 6개 팀과 한 차례씩 맞붙는 일정이다. MLS 최고의 인기 스타 두 선수가 개막전부터 마주하게 됐다. 바로 손흥민과 리오넬 메시가 격돌한다. LAFC의 개막전 상대는 인터 마이애미로 결정됐다. 구단 측은 ""클럽은 오는 2월 22일, 로스앤젤레스 메모리얼 콜리세움에서 인터 마이애미를 상대로 역사적인 개막전을 치른다""라고 밝혔다. MLS는 이른바 '흥행 보증 수표'를 확실하게 사용하겠다는 의지다. 최근 MLS의 흥행 몰이 중인 손흥민의 LAFC와 축구 역사상 가장 위대하다고 평가 받는 메시의 인터 마이애미를 리그 첫 경기부터 붙여놓으며 역대급 관심을 모을 전망이다. 확실한 세팅까지 준비했다. LAFC는 기존 BMO 스타디움을 홈구장으로 사용하고 있으나, 최대 수용 인원이 22,000명에 불과하다. 이에 LAFC는 77,500명을 수용할 수 있는 로스앤젤레스 메모리얼 콜리세움에서 경기를 펼칠 계획이다. 해당 경기장의 의미는 남다르다. 1923년 개장했으며, 세계에서 가장 오래된 경기장 중 하나라는 별명이 붙어 있다. 또, 1984년 미국 역사기념물로 지정된 장소. 1932 로스앤젤레스 올림픽 개막식과 1984 올림픽 당시 개막식이 열린 곳이다. 올림픽 역사상 유일하게 두 번이나 주 경기장으로 사용된 의미가 깊은 곳이다. 두 선수가 공식전에서 마주하는 건 2018-2019시즌 유럽축구연맹(UEFA) 챔피언스리그(UCL) 조별리그 단계 이후 처음이다. 당시 손흥민은 토트넘 훗스퍼, 메시는 바르셀로나 유니폼을 입고 겨뤄 메시가 1승 1무의 성적을 기록했다. 메시는 손흥민이 보는 앞에서 멀티골을 쏘아 올리며 팀의 승리를 견인하기도 했다. 토트넘 훗스퍼가 웸블리 스타디움을 홈구장으로 쓰던 시절, 메시는 후반에만 두 골을 몰아 넣으며 팀의 4-2 승리에 일조했다. 당시 손흥민은 에릭 라멜라의 득점을 도운 바 있다. 두 선수의 올 시즌 맞대결이 무산됐으나, 앞으로 3개월 뒤면 두 선수가 한 그라운드 위에서 경쟁을 벌일 전망이다. LAFC는 지난 23일 벤쿠버 화이트캡스를 넘지 못하면서 MLS컵 플레이오프의 여정을 마무리했다. 반면 메시의 인터 마이애미는 신시내티를 꺾고 3라운드에 진출했다. <저작권자 ⓒ SPOTV NEWS. 무단전재 및 재배포 금지>",https://v.daum.net/v/zZ9MI5EovW,스포티비뉴스,2025.11.26 10:47
친정팀 와서도 민폐라니...'연봉 2250억→99% 삭감' 네이마르 또 다쳤다! 부상만 1429일→WC 좌절 직전,"[포포투=김아인] 네이마르가 부상을 당해 시즌아웃됐다. 유럽 축구 이적시장 전문가 파브리시오 로마노 기자는 26일(이하 한국시간) 자신의 SNS를 통해 “네이마르가 왼쪽 무릎 반월판 부상을 당했다. 2025년 안에 복귀하지 못할 것으로 예상된다. 네이마르는 치료와 재활에 들어갈 예정이다”고 소식을 전했다. 앞서 브라질 매체 '글로보'도 “네이마르가 반월판 부상을 당해 경기에 복귀하기 어려울 것 같다. 치료를 위해 남은 시즌 결장할 가능성이 높다”고 전달했다. 네이마르는 지난 19일 미라솔과의 브라질 세리에 A 34라운드에 출전했다. 전반 4분 만에 선제골을 터뜨리며 리드했지만, 경기 이후 왼쪽 무릎에 통증을 느꼈다. 결국 지난 25일 인테르나시오날과의 35라운드에는 결장했다. 정밀 검사를 진행했고, 반월판 부상으로 시즌 아웃이 유력해졌다. 강등권인 산투스는 청천벽력이다. 현재 17위로 떨어져 있어 시즌 막바지 잔류 경쟁에 열을 올리는 중이다. 남은 시즌 3경기 만을 남겨놓고 있는데 네이마르 없이 시즌을 마무리하게 됐다. 다만 네이마르의 부재가 큰 영향을 끼칠지는 미지수다. 네이마르는 지난 2월 친정팀 산투스에 복귀했다.지난 2023년 여름 사우디아라비아의 알 힐랄로 이적했다가 장기 부상을 당하면서 1년 가까이 경기에 출전하지 못했고, '먹튀' 오명을 낳았다. 연봉 삭감까지 감행하며 고국 브라질 친정팀으로 돌아와 지난 2월부터 산투스에서 뛰었다. 영국 '더 선'에 따르면, 네이마르가 알 힐랄에서 받던 주급은 250만 파운드(약 45억 원)였지만, 산투스에서는 기본 주급 3만 2500파운드(약 5800만 원)에 불과하다. 사우디 시절보타 무려 99%나 줄어든 금액이다. 하지만 상황이 좋지 않다. 브라질에 와서도 잔부상이 계속됐다. 네이마르는 리그 17경기에서 4골 0도움에 그치고 있다. 네이마르는 브라질 국가대표팀에도 이름을 올리지 못하고 있다. 이대로면 내년 월드컵 출전 여부도 확실치 않다. 설상가상 팀도 최악의 부진에 휩싸이며 강등을 걱정할 처지에 놓였다. 1992년생 네이마르는 커리어에서 유독 부상이 발목을 잡곤 했다. 서른 중반으로 접어들고 있지만 동 나이대의 선수들을 생각하면 컨디션이 아쉽다. 동갑내기 손흥민은 LAFC 이적 후 13경기 12골 3도움을 올리며 최상의 폼을 자랑하고 있다. 모하메드 살라는 이번 시즌 부진하고 있지만 지난 시즌만 해도 프리미어리그(PL) 득점왕과 도움왕을 모두 차지했다. 축구 컨텐츠 제작소 '원풋볼'은 네이마르가 부상당한 날만 1,429일에 달한다고 전했다. 김아인 기자 iny421@fourfourtwo.co.kr ⓒ 포포투(https://www.fourfourtwo.co.kr) 무단전재 및 재배포금지",https://v.daum.net/v/9D6dlFrNnw,포포투,2025.11.26 10:46
"""엄청난 밤이었다""… 에스테방 활약에 미소 지은 마레스카 감독, ""18세 선수인데 바르사전에서 이렇게 잘하다니""","(베스트 일레븐) 엔초 마레스카 첼시 감독이 바르셀로나전 완승에 대해 만족감을 드러냈다. 마레스카 감독이 지휘하는 첼시는 26일 새벽(한국 시간) 런던 스탬퍼드 브리지에서 열린 2025-2026 UEFA 챔피언스리그 리그 페이즈 5라운드 바르셀로나전에서 3-0으로 승리했다. 첼시는 전반 27분 바르셀로나 수비수 쥘 쿤데의 자책골로 흐름을 잡은 뒤, 후반 10분 에스테방, 후반 28분 리암 델랍의 연속골을 더하며 홈에서 세 골 차 완승을 거뒀다. 마레스카 감독은 2025-2026시즌을 앞두고 합류한 에스테방이 별다른 적응기 없이 빅 매치에서 맹활약한 점을 반겼다. 영국 매체 <미러>에 따르면, 마레스카 감독은 후반 10분 상대 수비의 압박을 뚫고 팀 승리에 결정적 역할을 한 에스테방에 대해 ""브라질에서 온 18세 선수가 바르셀로나를 상대로 이런 경기를 펼치다니, 에스테방에게는 엄청난 밤이었다""라고 칭찬했다. 마레스카 감독은 ""이 경기가 얼마나 중요한지 모두가 알고 있었다. 바르셀로나를 이기면 언제나 기분이 좋다. 이제 우리는 경기를 무실점으로 마무리하기 시작했고, 앞으로도 이런 모습을 이어가야 한다""라고 말하며 바르셀로나전 승리에 의미를 더했다. 마레스카 감독은 지난여름 2025 FIFA 미국 클럽 월드컵 우승이 선수단 자신감의 큰 원천이 되고 있다고 설명했다. 마레스카 감독은 ""클럽 월드컵 우승을 통해 선수들은 어떤 팀이든 이길 수 있다는 확신을 얻었다""라고 말하며, ""이제는 아스널을 생각할 시간""이라고 밝히며 프리미어리그 선두 아스널마저 잡겠다는 의지를 드러냈다. 한편 첼시는 오는 12월 1일 새벽 스탬퍼드 브리지에서 열리는 2025-2026 잉글랜드 프리미어리그 13라운드 아스널전을 앞두고 있다. 첼시는 12라운드까지 7승 2무 3패 승점 23점을 기록하며 선두 아스널에 승점 6점 뒤진 2위에 올라 있다. 이번 맞대결에서 승리할 경우 선두 경쟁 구도를 뒤흔들 수 있어, 첼시의 총력전이 예상된다. 글=김태석 기자(ktsek77@soccerbest11.co.kr) 사진=ⓒgettyImages/게티이미지코리아(무단 전재 및 재배포 금지) 축구 미디어 국가대표 - 베스트 일레븐 & 베스트 일레븐 닷컴 저작권자 ⓒ(주)베스트 일레븐. 무단 전재/재배포 금지-www.besteleven.com",https://v.daum.net/v/95OtMcfzSv,베스트일레븐,2025.11.26 10:45
"'손흥민처럼 아름답게 떠날걸' 1992년생 SON 동갑내기, EPL킹→애물단지 급추락...""리버풀, 3400억 대체자 영입 준비""","[스포츠조선 이현석 기자]아름다운 이별을 할 시기를 놓친 걸까. 리버풀이 모하메드 살라의 대체자를 구하고 있다. 스페인의 피차헤스는 25일(한국시각) '리버풀은 살라의 대체자 영입을 위해 2억 유로(약 3400억원) 입찰을 준비 중이다'라고 보도했다. 1992년생의 공격수 살라는 동갑내기 손흥민과 함께 잉글랜드 프리미어리그(EPL)를 호령하던 공격수다. 명실상부한 리버풀의 에이스였다. 2017년 리버풀에 처음 이적한 이후부터 줄곧 공격의 핵심으로 활약했다. 각종 기록을 휩쓸며 리버풀 역대 최고의 선수 중 한 명으로 나아갔다. EPL 골든 부트(득점왕)만 4회(2017~2018시즌, 2018~2019시즌, 2021~2022시즌, 2024~2025시즌)를 차지했고 2017~2018시즌, 2024~2025시즌에는 EPL 올해의 선수로도 선정됐다. 2024~2025시즌은 살라의 불꽃이 더 화려하게 타올랐다. 52경기 34골 23도움, 시즌 중반까지 살라는 발롱도르 유력 후보로 거론되기도 했다. 하지만 이상 징후가 후반기부터 시작했다. 급격하게 경기 영향력이 떨어지기 시작했다. 올 시즌까지 이어졌다. 살라는 줄곧 선발로 출전했지만, 경기 영향력이 크게 떨어진 모습이다. 중요한 기회를 날리거나, 부진하는 장면이 늘어나며 효율성이 크게 추락했다. 17경기 5골3도움으로 스탯도 살라에 대한 기대치보다 다소 낮은 수준이다. 결국 리버풀은 살라와의 이별을 고민하기 시작했다. 대체자 후보까지도 이미 정한 모습이다. 피차헤스는 '리버풀은 살라의 대체자로 바이에른 뮌헨의 마이클 올리세를 후보로 정했다. 구단은 새 시대를 열 수 있는 젊고, 경기력을 바꿀 선수로 공격진을 보강해야 한다는 사실을 인지하고 있다. 올리세는 그 역할에 가장 적하한 후보로 여겨진다. 리버풀은 2억 유로 수준의 제안을 제시할 준비가 됐다. 이는 그에 대한 엄청난 신뢰를 보여준다'고 했다. 올리세는 올 시즌 유럽 최정상급 우측 윙어로 활약하고 있다. 2019년 레딩에서 프로에 데뷔해 크리스털 팰리스에 재능을 제대로 선보이기 시작한 올리세는 2024년 여름 바이에른 뮌헨의 구애를 받으며, 유럽 빅클럽으로 향했다. 첫 시즌부터 50경기 17골18도움으로 자신의 기량을 뽐냈던 올리세는 올 시즌은 해리 케인과 더불어 바이에른의 에이스로서 활약 중이다. 23경기 12골10도움을 기록했다. 특유의 안정적인 드리블과 뛰어난 패스 센스, 날카로운 킥 등 장점을 유감없이 발휘하며 분데스리가를 흔들었다. 살라의 대체자가 되기에 부족함이 없다. 리버풀로서는 바이에른이 올리세를 포기할지가 중요할 수밖에 없다. 바이에른이 이적 제안을 수용하지 않는다면, 살라의 부진을 대체하기 위한 고민이 더욱 커질 수밖에 없다. 살라로서도 올 시즌 부진을 극복하지 못하면, 리버풀 잔류 외에 여러 선택지를 고민해야 할 전망이다. 이현석 기자 digh1229@sportschosun.com",https://v.daum.net/v/129MHqSrun,스포츠조선,2025.11.26 10:43
"‘팔꿈치 가격’으로 A매치 첫 퇴장 당했던 호날두, ‘징계 유예’ 조치로 북중미 월드컵 조별리그 첫 경기 뛴다","팔꿈치로 상대 선수를 가격, 처음으로 A매치에서 퇴장을 당했던 크리스티아누 호날두(알나스르)가 징계가 유예됨에 따라 내년 북중미 월드컵 조별리그 첫 경기에 출전할 수 있게 됐다. 영국 BBC는 26일 “폭력 행위로 인한 퇴장에는 통상 3경기 출장 정지로 징계하나 호날두는 이 중 두 경기가 징계 유예 처리됐다”고 전했다. 이번이 호날두의 A매치 첫 퇴장이었다는 점이 징계 수위에 반영됐다는 게 BBC의 설명이다. 호날두는 레드카드에 따른 징계로 포르투갈의 월드컵 유럽예선 조별리그 최종전에 나서지 못했지만, 나머지 두 경기 출전 정지가 유예되면서 사실상 한 경기 징계만 소화한 셈이 됐다. 월드컵 본선 첫 경기 출전에는 문제가 없게 됐으나, 유예 기간인 만큼 비슷한 파울을 다시 저지를 경우에는 남은 출장 정지가 한꺼번에 적용될 가능성이 있다. 국제축구연맹(FIFA)은 “유예 기간 호날두가 유사한 성격과 중대성을 지닌 파울을 다시 저지를 경우 유예된 징계는 즉시 효력을 되찾게 되며 남은 두 경기 출전 정지를 즉각 이행해야 한다”고 밝혔다. 호날두는 지난 14일 아일랜드 더블린에서 열린 아일랜드와 2026 북중미 월드컵 유럽 예선 조별리그 F조 5차전에서 자기 유니폼을 잡아당기며 방어하던 아일랜드 수비수 다라 오셰이를 뿌리치다가 오른쪽 팔꿈치를 휘둘렀다. 주심은 처음에는 옐로카드를 꺼냈으나 비디오판독(VAR) 끝에 레드카드를 꺼내들었다. 자신의 A매치 226번째 경기에서 첫 퇴장을 당한 호날두는 16일 아르메니아와 북중미 월드컵 유럽 예선 조별리그 6차전 최종전에 나서지 못했다. 다만 포르투갈은 호날두 없이도 아르메니아를 9-1로 대파하고 조 1위를 확정해 북중미행 티켓을 차지했다. 내년 북중미 월드컵을 자신의 마지막 무대로 꼽은 호날두는통산 6번째 월드컵 본선 무대를 밟게 된다. 잉글랜드 프리미어리그(EPL) 윤은용 기자 plaimstone@kyunghyang.com",https://v.daum.net/v/1xW9I5Eo0q,스포츠경향,2025.11.26 10:40
"""완벽한 밤""… 야말과 맞붙어 솔로골 터뜨린 에스테방, UCL 데뷔 후 3경기 연속골로 '역대 3번째 10대' 기록","(베스트 일레븐) 바르셀로나를 상대로 득점포를 가동하며 첼시에 승리를 안긴 브라질 신성 에스테방이 기쁨을 감추지 않았다. 에스테방이 공격진을 이끈 첼시는 26일 새벽(한국 시간) 런던 스탬퍼드 브리지에서 열린 2025-2026 UEFA 챔피언스리그 리그 페이즈 5라운드 바르셀로나전에서 3-0으로 완승했다. 첼시는 전반 27분 바르셀로나 수비수 쥘 쿤데의 자책골로 흐름을 잡은 뒤, 후반 10분 에스테방, 후반 28분 리암 델랍의 연속골을 더하며 홈에서 세 골 차 승리를 거뒀다. 이날 경기에서 바르셀로나의 10대 초신성 라민 야말과 정면으로 맞붙어 큰 주목을 받았던 에스테방은 환상적인 솔로골을 기록하며 자신이 향후 최고 스타로 성장할 자질이 충분하다는 점을 입증했다. 에스테방은 이 경기로 UEFA 챔피언스리그 데뷔 후 세 경기 연속 득점을 기록한 역대 세 번째 10대 선수가 됐다. 앞서 이 기록을 작성한 선수는 킬리안 음바페와 엘링 홀란이다. 영국 매체 <미러>에 따르면, 에스테방은 바르셀로나전 활약에 대해 큰 만족감을 나타냈다. 에스테방은 ""완벽한 밤이었다. 내 커리어에서 매우 특별한 골이었고, 앞으로도 더 많은 골을 넣고 싶다""라고 소감을 밝혔다. 이어 ""내 커리어에서 가장 특별한 순간이었다. 가족이 경기장에 와 있어 더욱 기뻤다. 이곳에 도착한 순간부터 팬들과 특별한 연결을 느꼈다. 팬들을 위해 골을 넣고, 팬들을 행복하게 할 수 있어 정말 기쁘다""라고 말했다. 한편 첼시는 이번 승리로 5라운드까지 치러진 UEFA 챔피언스리그 리그 페이즈 순위를 5위(5전 3승 1무 1패, 승점 10점)로 끌어올리며 다음 라운드 진출 가능성을 높였다. 첼시는 오는 12월 1일 아스널과의 2025-2026 잉글랜드 프리미어리그 13라운드를 이어간다. 글=김태석 기자(ktsek77@soccerbest11.co.kr) 사진=ⓒgettyImages/게티이미지코리아(무단 전재 및 재배포 금지) 축구 미디어 국가대표 - 베스트 일레븐 & 베스트 일레븐 닷컴 저작권자 ⓒ(주)베스트 일레븐. 무단 전재/재배포 금지-www.besteleven.com",https://v.daum.net/v/7Qrw6aKpvq,베스트일레븐,2025.11.26 10:36
"[UCL REVIEW] '07년생 대전' 이스테방, 야말 앞 3경기 연속 골!...첼시, '아라우호 퇴장' 바르셀로나 3-0 완파","[인터풋볼=신동훈 기자] 이스테방이 라민 야말과의 2007년생 대전에서 판정승을 거뒀다.  첼시는 26일 오전 5시(한국시간) 영국 런던에 위치한 스탬포드 브릿지에서 열린 2025-26시즌 유럽축구연맹(UEFA) 챔피언스리그(UCL) 리그 페이즈 5라운드에서 바르셀로나에 3-0 완승을 거뒀다. 첼시는 5위에 올랐다. [선발 라인업] 첼시는 4-2-3-1 포메이션으로 나왔다. 로베르트 산체스, 마크 쿠쿠렐라, 트레보 찰로바, 웨슬리 포파나, 말로 귀스토, 모이세스 카이세도, 리스 제임스, 알레한드로 가르나초, 엔조 페르난데스, 이스테방, 페드루 네투로 선발 명단을 구성했다. 바르셀로나는 4-3-3 포메이션을 가동했다. 조안 가르시아, 알레한드로 발데, 파우 쿠바르시, 로날드 아라우호, 쥴스 쿤데, 프렌키 더 용, 에릭 가르시아, 페란 토레스, 페르민 로페스, 야말, 로베르트 레반도프스키가 선발로 나섰다. [전반전] 오프사이드로 골 연속 취소, 쿤데 자책골 유도, 아라우호 퇴장까지    시작부터 팽팽했다. 전반 4분 엔조 골이 나왔는데 이전 상황에서 포파나 핸드볼 파울이 선언돼 취소됐다. 전반 6분 페란 슈팅은 우측으로 빗나갔다. 전반 8분 제임스 슈팅은 가르시아가 막아냈다. 전반 11분 레반도프스키는 수비에 막혔다. 전반 17분 엔조가 골을 터트렸는데 취소가 됐다.  첼시 공세가 대단했다. 전반 24분 네투가 이스테방 패스를 슈팅으로 연결했는데 골문 옆으로 나갔다. 전반26분 엔조 슈팅은 수비에 막혔고 전반 27분 엔조 재차 슈팅도 골문을 벗어났다. 전반 27분 네투 슈팅이 쿤데 맞고 들어가 자책골이 됐다.   득점 이후에도 첼시가 몰아쳤다. 전반 30분 가르나초 슈팅은 가르시아 정면으로 향했다. 계속 흐름을 내준 바르셀로나는 전반 33분 야말 슈팅이 산체스에게 막혀 아쉬움을 삼켰다. 첼시는 바르셀로나 높은 수비라인을 계속 공략했다. 전반 44분 아라우호가 가르나초에게 파울을 범했는데 경고 누적 퇴장을 당했다. 전반은 첼시의 1-0 리드 속 마무리됐다. [후반전] 이스테방, 야말 앞에서 판정승! 델랍까지 터졌다.  바르셀로나는 후반 시작과 함께 페란 대신 마커스 래시포드를 넣었다. 첼시는 귀스토를 불러들이고 안드리 산토스를 투입했다. 우측 풀백으로 제임스가 이동했고 산토스가 카이세도와 함께 중원에 위치했다.  수적우위를 앞세운 첼시가 몰아쳤다. 후반 6분 이스테방 슈팅은 막혔다. 후반 10분 제임스가 내준 패스를 이스테방이 마무리하면서 첼시가 차이를 벌렸다. 첼시는 후반 14분 가르나초를 빼고 리암 델랍을 넣었다. 바르셀로나는 후반 17분 하피냐, 안드레아스 크리스텐센 투입으로 기동력을 확보했다.  첼시는 쐐기골을 넣으려고 했다. 후반 25분 네투가 홀로 끌고 올라가 슈팅까지 했는데 가르시아가 막아냈다. 후반 26분 코너킥 상황에서 포파나 슈팅은 빗나갓다. 후반 26분 엔조 슈팅은 빗나갔다. 후반 28분 엔조 패스를 델랍이 골로 만들었다. 오프사이드로 선언돼 취소가 됐으나 비디오 판독 결과 골로 인정됐다. 첼시는 후반 30분 제이미 바이노 기튼스를 투입해 공격에 힘을 줬다 .후반 33분 엔조 슈팅은 가르시아가 막아냈다. 바르셀로나는 후반 35분 헤라르드 마르틴, 다니 올모 투입으로 변화를 줬다. 후반 36분 하피냐 슈팅은 산체스가 선방했다. 첼시는 후반 38분 조쉬 아체암퐁, 타릭 조지를 투입해 어린 선수들에게 기회를 줬다. 결과는 첼시의 3-0 대승으로 마무리됐다. [경기결과] 첼시(3) : 쥴스 쿤데(전반 27분, 자책골), 이스테방(후반 10분), 리암 델랍(후반 28분) 바르셀로나(0) : -  ",https://v.daum.net/v/WwPw6aKp7R,인터풋볼,2025.11.26 10:36
"英 BBC '손흥민 격렬 충돌' 깜짝 조명...'뺨 후려쳐' 엽기 퇴장 사건→장본인 공식 사과 ""다신 이런 일 없도록 하겠다""","[스포츠조선 김대식 기자]동료를 폭행해 퇴장을 당했던 이드리사 게예가 사과문을 발표했다. 에버턴은 25일(한국시각) 영국 맨체스터의 올드 트래포드에서 열린 맨체스터 유나이티드와의 2025~2026시즌 잉글랜드 프리미어리그(EPL) 12라운드에서 1대0으로 승리했다. 이번 승리로 에버턴은 11위까지 도약했다. 에버턴은 기분 좋은 승점 3점을 챙겼지만 이날 경기 최악의 사태가 벌어졌다. 전반 13분 게예가 다이렉트 퇴장을 당한 사건이었다. 게예는 전반 13분 동료들과 함께 맨유의 공격을 막아낸 직후에 센터백인 마이클 킨에게 달려가 화를 내기 시작했다. 게예가 다짜고짜 달려들자 킨도 가만히 있지 않았고, 두 선수는 서로를 밀치기 시작했다. 서로 밀치는 정도에서 마무리됐다면 자존심이 강한 선수들끼리의 충돌이라는 해프닝으로 끝날 수 있었던 사건이었지만 게예는 다이렉트 퇴장을 받았다. 킨이 자신을 밀치자 게예는 킨의 뺨을 때렸다. 주심은 게예의 폭력 행동을 코앞에서 지켜봤고, 폭력 행위를 저지른 게예에게 망설임없이 퇴장을 내밀었다. 2025~2026시즌 EPL에서 가장 어이없는 퇴장이었다. 게예는 퇴장을 받은 후에도 성질을 죽이지 못했다. 일리만 은디아예와 조던 픽포드가 계속해서 뜯어말릴 정도로 게예는 지나치게 흥분했다. 은디아예와 픽포드가 경기장 밖으로 밀어낸 뒤에야 게예는 라커룸으로 들어갔다. 경기 후 영국 BBC는 게예와 킨의 충돌을 두고 역대 EPL에서 동료들끼리 그라운드에서 충돌한 사건들을 다루기도 했다. BBC가 조명한 일화 중에서는 2019~2020시즌 손흥민과 위고 요리스의 일화도 있었다. BBC는 '토트넘이 에버턴을 상대로 1대0으로 앞서던 상황에서, 당시 토트넘 주장 요리스는 손흥민이 수비 가담을 제대로 하지 않은 것에 불만을 표했다. 요리스는 전반 종료 후 양 팀이 그라운드를 떠나는 과정에서 손흥민에게 달려가 등을 밀쳤고, 이에 손흥민이 격앙되게 반응하면서 충돌이 벌어졌다. 그러나 후반이 시작된 뒤 이 일은 잊혔고, 토트넘은 결국 리드를 지켜 승리를 거뒀다'고 설명했다. 일단 이번 사건 역시 손흥민과 요리스의 충돌처럼 순간적인 화로 인한 다툼으로 마무리되는 모양새다. 게예는 경기 후 개인 SNS를 통해 ""난 내 동료인 킨에게 먼저 사과하고 싶다. 내 행동에 대한 책임감을 느끼고 있다. 동료들, 스태프들, 팬들 그리고 구단에도 사과하고 싶다. 이번에 일어난 일은 내가 어떤 사람인지, 내가 지키고자 하는 가치와도 전혀 맞지 않는다. 감정이 격해질 수는 있지만, 그렇다고 해서 그런 행동이 정당화될 수는 없다. 다시는 이런 일이 일어나지 않도록 하겠다""며 모두에게 미안함을 전달했다.",https://v.daum.net/v/VIcabepXz7,스포츠조선,2025.11.26 10:33
"""슈퍼스타 호날두에겐 정상적인 게 없어"" 트럼프 만난 뒤 이례적 집행유예! FIFA 특혜 논란...황당 퇴장에도 월드컵 출전 '이상 無'","[OSEN=고성환 기자] 크리스티아누 호날두(40, 알 나스르)가 자신의 마지막 월드컵 무대에서 본선 첫 경기를 놓치는 일은 피하게 됐다. 예상과 달리 추가 출전 정지 징계를 피하면서 국제축구연맹(FIFA)이 특혜를 줬다는 지적도 나오고 있다. 영국 'BBC'는 26일(이하 한국시간) ""호날두는 레드카드에도 불구하고 월드컵 조별리그 1차전 출전이 확정됐다. 그는 아일랜드전에서 퇴장당했지만, 내년 여름 열리는 월드컵 본선 개막전에서 포르투갈 대표로 뛸 수 있게 됐다""라고 보도했다. 매체는 ""호날두는 이달 초 포르투갈이 0-2로 패한 유럽 예선 경기에서 다라 오셰이의 등을 팔꿈치로 가격해 퇴장당했다. 폭력적인 행위는 일반적으로 3경기 출장 정지가 적용되지만, 호날두는 2번째 경기와 3번째 경기 징계는 1년의 집행 유예 처분을 받았다""라며 ""이번 레드카드는 호날두가 뛴 A매치 226경기 중 첫 번째 레드카드""라고 전했다. 일단 호날두는 운 좋게 1경기 출장 정지 징계를 받는 데 그친 셈. FIFA 발표에 따르면 그가 앞으로 1년간 비슷한 폭력적 행위를 저지를 시엔 잔여 2경기 출장 정지 징계가 즉시 발동되지만, 월드컵 무대에서 대형 사고를 치지 않는 이상 이대로 마무리될 가능성이 크다. 호날두는 지난 14일 아일랜드 더블린의 아비바 스타디움에서 열린 아일랜드와 2026 FIFA 북중미 월드컵 유럽 예선 F조 5차전에서 퇴장당했다. 선발 출전한 그는 후반 16분 골문 앞에서 경합 도중 오셰이를 팔꿈치로 가격했다. 몸싸움에 신경질을 부리더니 상체를 돌리며 팔꿈치로 등을 찍어버렸다.  처음엔 옐로카드가 나왔다. 그러자 아일랜드 관중들은 야유를 퍼부었다. 놀랍게도 호날두는 두 손을 눈가에 대고 돌리며 우는 듯한 제스처를 취했다. 어디 더 울어 보라는 뜻으로 해석되는 동작이었다. 하지만 누가 봐도 고의적인 호날두의 가격은 다이렉트 퇴장감이었고, 비디오 판독(VAR)을 거쳐 레드카드가 선언됐다. 호날두는 두 팔을 들어 올리며 항의했고, 신난 아일랜드 팬들은 호날두의 제스처를 그대로 따라 하며 환호했다. 그러자 호날두는 뻔뻔하게 관중을 향해 박수를 치고 엄지손가락을 들어올리며 경기장을 빠져나갔다. 자연스레 추가 징계까지 예상됐다. 위험한 반칙을 한 것도 모자라 관중을 도발하기까지 했기 때문. 호날두는 이미 아르메니아와 유럽 예선 최종전에 결장했지만, 일반적인 사례처럼 징계가 나오면 조별리그 1, 2차전을 놓칠 위기였다. 그러나 FIFA는 호날두에게 1경기 출전 정지 징계만 내리고 나머지는 집행 유예만 선고하는 관대한 판결을 내렸다. 포르투갈 '헤코르드'조차 ""당초 예상과 달리 호날두는 아일랜드전 퇴장으로 FIFA로부터 1경기 출장 정지 징계를 받았다. 이로써 그는 이미 아르메니아전 결장으로 징계를 마쳤고, 2026년 월드컵에 출전할 수 있게 됐다""라며 놀랐다. 이어 매체는 ""규정상 폭력 행위 시 3경기 출장 정지 징계가 내려질 수 있다는 점을 기억해야 한다. 이 규정으로 인해 호날두는 월드컵 본선 조별리그 1, 2차전에 출전하지 못할 수도 있었습니다. 하지만 FIFA는 그렇게 해석하지 않고 더 가벼운 징계를 내렸다""라고 덧붙였다. 이례적인 집행 유예 판결에 특혜라는 비판이 뒤따르고 있다. 특히 호날두가 최근 미국 백악관에서 도널드 트럼프 미국 대통령, 모하메드 빈 살만 사우디아라비아 왕세자, 지아니 인판티노 FIFA 회장과 만나 만찬을 즐겼다는 사실이 공개되면서 정치적 의도가 다분한 결정이라는 지적이 나오고 있다. '스카이 스포츠'의 카베 숄헤콜 기자는 ""정상적인 상황이라면 호날두는 추가 징계를 받아야 하지만, 포르투갈 슈퍼스타에게는 정상적인 일이 없다""라며 ""부인할 수 없는 사실은 이 전례없는 결정이 호날두와 FIFA에 어울린다는 것""이라고 꼬집었다. '디 애슬레틱' 역시 ""호날두의 솜방망이 징계는 놀랍지 않다. 월드컵 흥행을 위해 스타 플레이어를 위한 예외를 만들었다""라고 비판했다. /finekosh@osen.co.kr [사진] ESPN, 파브리시오 로마노, 백악관, 디 애슬레틱, 스카이 스포츠 소셜 미디어.",https://v.daum.net/v/WJnisXcnll,OSEN,2025.11.26 10:32
"배준호 'EPL 승격' 보인다! 시즌 2호 도움+2G 연속 공격포인트...스토크, 찰튼에 3-0 완승→2위 탈환","[마이데일리 = 노찬혁 기자] 스토크 시티의 배준호가 시즌 2호 도움을 기록하며 팀의 완승을 이끌었다. 스토크는 26일(이하 한국시각) 잉글랜드 스토크 온 트렌트 BET365 스타디움에서 열린 '2025-2026시즌 잉글랜드풋볼리그(EFL) 챔피언십(2부리그)' 17라운드 찰튼과의 경기에서 3-0으로 승리했다. 배준호는 공격형 미드필더로 선발 출전해 풀타임을 소화했다. 스토크는 4-3-3 포메이션을 기반으로 경기에 임했다. 빅토르 요한슨, 주니어 채매듀, 애슐리 필립스, 벤 윌모트, 에릭 보캣, 스티븐 은존지, 세코 타츠키, 밀리언 마누프, 배준호, 소르바 토마스, 로버트 보제닉이 선발 라인업을 구성했다. 스토크는 전반 3분 만에 리드를 잡았다. 왼쪽 측면에서 공을 잡은 토마스가 중앙으로 크로스를 시도했는데, 크로스는 그대로 골문 구석을 찔렀다. 2분 뒤 추가 골이 터졌다. 역습 상황에서 토마스의 패스를 받은 마누프가 페널티 오른쪽 지역에서 왼발 슈팅으로 골망을 흔들었다. 전반 34분 승부에 쐐기를 박았다. 배준호의 패스를 받은 토마스가 왼쪽 측면에서 오른발 크로스를 시도했고, 크로스는 골키퍼 손에 맞고 골라인을 통과했다. 스토크는 후반전을 안정적으로 운영하며 3-0 승리를 확정했다. 이날 승리로 스토크는 9승 3무 5패 승점 30점으로 2위에 올랐다. EFL 챔피언십 2위는 다음 시즌 잉글랜드 프리미어리그(EPL)로 자동 승격한다. 배준호는 호평을 받았다. 통계 매체 '풋몹'은 배준호에게 팀 내 5번째로 높은 평점 7.8점을 부여했다. 배준호는 90분 동안 1도움, 패스 성공률 91%, 기회 창출 3회, 공격 지역 패스 1회를 기록했다. 지난 23일 레스터 시티전에서 시즌 첫 골을 터뜨린 배준호는 도움까지 추가하며 2경기 연속 공격포인트를 기록했다. 배준호는 올 시즌 15경기에 출전해 1골 2도움을 기록 중이다.",https://v.daum.net/v/BC0jv0sAEY,마이데일리,2025.11.26 10:31
"바르사 잡은 첼시, 마레스카 “11대11 때도 느낌이 좋았다”","[뉴스엔 김재민 기자] 마레스카 감독이 바르셀로나전 대승에 기뻐했다. 첼시는 11월 26일(이하 한국시간) 영국 런던 스탬포드 브릿지에서 열린 FC 바르셀로나와의 '2025-2026 UEFA 챔피언스리그' 리그 페이즈 5라운드 경기에서 3-0으로 대승했다. 전반 27분 쥘 쿤데의 자책골로 리드를 잡은 첼시는 전반 44분 로날드 아라우호가 경고 누적 퇴장을 받는 호재까지 겹치면서 손쉽게 대승을 거뒀다. 엔조 마레스카 감독은 경기 후 '아마존프라임'과의 인터뷰에서 ""좋은 승리다. 솔직히 더 바랄 게 없다. 이 경기가 얼마나 중요한지 알고 있었다. 물론 모든 경기가 중요하다. 바르셀로나에 승리하는 건 항상 좋은 일이다""고 소감을 밝혔다. 이어 그는 ""카라바흐에 승점을 잃었고 벤피카, 아약스에 승리했지만, 바이에른 뮌헨에 지난 경기를 패했다. 그게 이 대회 모든 경기가 복잡하다는 걸 보여준다""고 덧붙였다. 또 경기 내용에 대해서는 ""바르셀로나는 볼을 소유했을 때 편안한 팀이다. 그들이 볼을 소유하지 못하면 그렇지 않기에 우리가 볼을 지키려 했다. 11대11일 때도 팀이 잘하고 있었기에 느낌이 좋았다""고 평했다. 18세 유망주 이스테방의 활약도 빛났다. 이스테방은 후반 10분 리스 제임스의 패스를 깔끔하게 마무리하며 추가골을 넣었다. 마레스카 감독은 이에 대해 ""그에게는 대단한 밤이다. 그러나 팀 전체와 팬에게도 대단한 밤이기도 했다. 모두에게 좋은 일이다""며 ""그가 아스널전에서도 선발 출전할지 지켜보자. 지금은 회복할 시간이다""고 평했다. 첼시는 3승 1무 1패 승점 10점으로 리그 페이즈 5위를 달리고 있다.(사진=엔조 마레스카 감독) 뉴스엔 김재민 jm@ 사진=ⓒ GettyImagesKorea 기사제보 및 보도자료 newsen@newsen.com copyrightⓒ 뉴스엔. 무단전재 & 재배포 금지",https://v.daum.net/v/PiBqdD6bSo,뉴스엔,2025.11.26 10:28
"'팔꿈치 가격 퇴장' 호날두, FIFA 징계 사실상 사면… 또 '사고' 치면 곧바로 징계 부활한다","(베스트 일레븐) FIFA가 아일랜드전에서 상대를 가격해 퇴장당한 포르투갈 축구 국가대표팀 간판스타 크리스티아누 호날두에 대한 징계를 사실상 사면했다. 호날두가 포함된 포르투갈은 14일 새벽(한국 시각) 더블린 아비바 스타디움에서 열린 2026 FIFA 북중미 월드컵 F조 5차전 아일랜드전에서 0-2로 졌다. 포르투갈은 전반 17분과 전반 45분 트로이 패럿에게 연속 실점하며 무너졌다. 이 경기에서 호날두는 후반 16분 팔꿈치를 휘둘러 아일랜드 수비수 다라 오셰이의 등을 가격했고, VAR 판정 끝에 퇴장을 당했다. 호날두의 국가대표 커리어에서 첫 퇴장이었을 정도로 드문 장면이었지만, 유럽 예선 막바지에 나온 퇴장인 탓에 최소 세 경기 이상의 본선 출전이 어려울 수 있는 상황이었다. 호날두는 이어진 아르메니아전에서 1경기 출장 정지를 이미 소화했으나, 남은 두 경기 출장 정지가 본선에 적용될 위기에 놓여 있었다. 이후 포르투갈축구협회(FPF)는 벼랑 끝에 몰린 호날두를 구하기 위해 가능한 모든 행정 조치를 취했고, FIFA가 호날두를 사실상 사면하는 결정을 내렸다. 영국 매체 <미러>에 따르면, FIFA는 ""호날두가 이전까지 국가대표 경기에서 단 한 번도 퇴장을 받은 적이 없었다는 점을 고려해, 출장 정지 세 경기 중 이미 소화한 아르메니아전을 제외한 두 경기 출전 정지 처분은 1년간 보호 관찰 기간을 두어 정지한다""고 공식 발표했다. 즉, FIFA가 유예 기간을 부여한 셈이다. FIFA는 또 ""호날두가 보호 관찰 기간 동안 유사하고 중대한 위반을 저지를 경우, 출전 정지 처분의 집행 유예는 자동으로 취소된다""라고 설명했다. 앞으로 1년간 호날두가 비슷한 성격의 문제가 발생할 경우 이 조치가 즉시 철회된다는 의미다. 이에 따라 호날두는 폭력 행위로 추가 징계를 받지 않는 한 2026 FIFA 북중미 월드컵 본선 조별 리그부터 정상적으로 출전할 수 있게 됐다. 이번 북중미 월드컵을 국가대표 마지막 메이저 대회로 여기고 있는 호날두를 비롯해 포르투갈 선수단은 한숨을 돌릴 수 있게 됐다. 글=김태석 기자(ktsek77@soccerbest11.co.kr) 사진=ⓒgettyImages/게티이미지코리아(무단 전재 및 재배포 금지) 축구 미디어 국가대표 - 베스트 일레븐 & 베스트 일레븐 닷컴 저작권자 ⓒ(주)베스트 일레븐. 무단 전재/재배포 금지-www.besteleven.com",https://v.daum.net/v/Uc4rZbTsTY,베스트일레븐,2025.11.26 10:27
"'21G 15골 킬러' 케인이 온다...아스널전 앞두고 ""요즘 PL 재미 없던데? 세트피스 안 내줄 거야"" 도발","[포포투=김아인] 해리 케인이 아스널전을 앞두고 자신감을 드러냈다. 바이에른 뮌헨은 27일 오전 5시(한국시간) 영국 런던에 위치한 에미레이츠 스타디움에서 열리는 2025-26시즌 유럽축구연맹(UEFA) 챔피언스리그(UCL) 리그 페이즈 5차전에서 아스널을 상대한다. 뮌헨은 4전 전승으로 선두를 질주 중이고, 아스널은 승점, 득실차가 동일하지만 다득점에서 밀려 2위로 추격하고 있다. 케인이 영원한 '숙적' 아스널을 다시 만난다. 토트넘과 북런던 라이벌 관계인 두 팀은 언제나 치열하게 다투곤 했다. 케인은 아스널 킬러이기도 하다. 커리어에서 21번 아스널과 경기를 치렀는데 15골을 넣었다. 지난 2023-24시즌에도 챔피언스리그 8강전에서 만났을 때 1차전에서 페널티킥을 넣었다. 당시 합산 스코어 3-2로 뮌헨이 준결승에 올라갔었다. 케인은 아스널에 강한 자신감을 보였다. 사전 기자회견에 참석한 그는 “아스널 상대로 골을 넣으면 특히 더 기쁘다. 아마 무의식적으로 그런 감정이 있는 것 같다. 토트넘 시절부터 아스널전은 항상 특별한 경기였다. 아스널 팬 친구도 많고, 토트넘 팬 친구도 많다. 그 경기만의 분위기가 있다”고 고백했다. 이어 “뮌헨에서는 자주 상대하지 못하지만, 몇 년 전 챔피언스리그 8강전에서 크게 이겼던 기억이 난다. 내 입장에서는 아스널전 골이 조금 더 기쁘긴 하지만, 결국 가장 중요한 건 팀이 승리하는 거다”고 덧붙였다. 아스널의 최근 경기 방식이 마음에 들지 않는다고도 말해 '도발'을 시전했다. 아스널은 올 시즌 9승 2무 1패를 거두며 프리미어리그(PL) 선두를 단독 질주 중이다. 미켈 아르테타 감독식 진한 수비 조직력으로 12경기 6실점만 하며 최소 실점 1위에 올라 있고, 특유의 세트피스 공략에 힘입어 24골로 20개 팀 중 최다 득점을 만들고 있기도 하다. 하지만 케인은 “솔직히 말해 요즘 프리미어리그를 보는 건 최근 몇 년보다 조금 덜 즐겁다”고 솔직하게 답했다. 그러면서 “하지만 이 역시 축구의 진화다. 어떤 시즌에는 이런 흐름이 생기기도 한다. 아스널은 이를 잘 활용하는 팀이고, 정말 강력한 세트피스 팀이다. 아스널이 어떤 세트피스를 잘 쓰고 어떤 위협을 만드는지 살펴봤다. 그걸 막는 가장 좋은 방법은 세트피스를 내주지 않는 거다”고 공략법을 설명하기도 했다. 김아인 기자 iny421@fourfourtwo.co.kr ⓒ 포포투(https://www.fourfourtwo.co.kr) 무단전재 및 재배포금지",https://v.daum.net/v/yzCzeE8Bi6,포포투,2025.11.26 10:26
"'레드카드' 호날두, 월드컵 첫 경기 출전 가능…""징계 유예""","(서울=연합뉴스) 오명언 기자 = 팔꿈치로 상대 선수를 가격해 처음으로 A매치에서 퇴장 당한 포르투갈 축구대표팀 '캡틴' 크리스티아누 호날두(알나스르)가 징계 유예로 내년 북중미 월드컵 조별리그 첫 경기에 출전할 수 있게 됐다. 영국 BBC는 26일(이하 한국시간) ""폭력 행위로 인한 퇴장에는 통상 3경기 출장 정지로 징계하나 호날두는 이 중 두 경기가 징계 유예 처리됐다""고 전했다. 이번이 호날두의 A매치 첫 퇴장이었다는 점이 징계 수위에 반영됐다는 게 BBC의 설명이다. 호날두는 레드카드에 따른 징계로 포르투갈의 월드컵 유럽예선 조별리그 최종전에 나서지 못했지만, 나머지 두 경기 출전 정지가 유예되면서 사실상 한 경기 징계만 소화한 셈이 됐다. 월드컵 본선 첫 경기 출전에는 문제가 없게 됐으나, 유예 기간인 만큼 비슷한 파울을 다시 저지를 경우 남은 출장 정지가 한꺼번에 적용될 가능성도 있다. FIFA는 성명을 통해 ""유예 기간 호날두가 유사한 성격과 중대성을 지닌 파울을 다시 저지를 경우, 유예된 징계는 즉시 효력을 되찾게 되며 남은 두 경기 출전 정지를 즉각 이행해야 한다""고 밝혔다. 호날두는 지난 14일 아일랜드 더블린에서 열린 아일랜드와 2026 북중미 월드컵 유럽 예선 조별리그 F조 5차전에서 자기 유니폼을 잡아당기며 방어하던 아일랜드 수비수 다라 오셰이를 뿌리치다가 오른쪽 팔꿈치를 휘둘렀다. 주심은 처음에는 옐로카드를 꺼내 보였으나 비디오판독(VAR) 심판과 교신 뒤 온 필드 리뷰를 거쳐 퇴장을 명령했다. 자신의 A매치 226번째 경기에서 첫 퇴장 카드를 받은 호날두는 16일 아르메니아와 북중미 월드컵 유럽 예선 조별리그 6차전 최종전에 나서지 못했다. 포르투갈은 호날두 없이도 아르메니아를 9-1로 대파하고 조 1위를 확정해 북중미행 티켓을 차지했다. 내년 북중미 월드컵을 자신의 마지막 무대로 꼽은 호날두는 이로써 통산 6번째 월드컵 본선 무대를 밟게 된다. coup@yna.co.kr (끝) ▶제보는 카톡 okjebo",https://v.daum.net/v/9A0PcvLx1S,연합뉴스,2025.11.26 10:25
"""케인, 바르셀로나 문 '쾅' 닫았다!"" 바르사 이적설 직접 부인…""뮌헨에서 행복, 접촉도 연락도 없었다""","(엑스포츠뉴스 나승우 기자) 해리 케인(바이에른 뮌헨)이 최근 불거진 바르셀로나 이적설에 대해 직접 부인하며 선을 그었다. 케인은 최근 독일 매체 슈포르트 빌트와의 인터뷰를 통해 ""난 지금 뮌헨에서 행복하다. 경기장에서의 모습만 봐도 알 수 있을 것이다. 바르셀로나에게서는 아무런 연락도 받은 적 없다. 접촉한 이도 없었다. 팬들이 내 미래를 걱정할 이유가 없다""고 밝혔다. 최근 불거졌던 바르셀로나 이적설에 대해 해명한 것이다. 지난 13일(한국시간) 영국 일간지 가디언은 ""바르셀로나는 로베르트 레반도프스키의 계약이 내년 6월 만료되는 것을 고려해 그를 대체할 공격수로 잉글랜드 캡틴 케인을 1순위로 노리고 있다""고 전했다. 매체에 따르면 바르셀로나는 내년 여름 5700만 파운드(약 1098억원)의 바이아웃 조항을 발동해 케인을 데려올 준비를 세운 것으로 알려졌다. 스페인 매체 엘나시오날도 ""레반도프스키의 대체자가 구체화되기 시작했다. 바르셀로나는 시즌이 한창 진행 중임에도 불구하고 이미 미래에 대한 논의를 진행 중이다. 내년 여름 레반도프스키를 대체할 최고 수준의 센터 포워드를 영입할 것""이라며 ""그 선수는 바로 바이에른 뮌헨 스트라이커이자 잉글랜드 국가대표팀 주장 해리 케인이다""라고 보도했다. 현재 바르셀로나는 스트라이커 부재로 어려움을 겪고 있다. 레반도프스키가 꾸준히 득점을 올리고 있지만 37세로 적지 않은 나이다. 이번 시즌에는 출전 시간을 제한하며 철저하게 관리하고 있다. 다만 레반도프스키 대신 톱으로 나서는 페란 토레스의 경기력이 지난 시즌보다 떨어진 상황이라 바르셀로나는 다양한 선수 기용과 전술 변화를 통해 해결책을 찾고 있다. 그럼에도 어려운 상황인 건 분명하다. 때문에 바르셀로나는 레반도프스키를 대체할 선수를 찾았고, 케인을 1순위로 점찍은 것이다. 케인은 지난 2022년 레반도프스키가 4500만 유로(약 770억원)의 이적료로 바르셀로나로 이적한 레반도프스키를 대체하기 위해 2023년 여름 토트넘 홋스퍼를 떠나 뮌헨으로 이적했다. 잉글랜드에서 최고의 공격수로 활약했던 케인은 독일에서도 날아다니고 있다. 압도적인 득점력으로 세계 최고의 스트라이커로 활약 중이다. 뮌헨 이적 후 113경기에서 108골을 기록하며 경기당 1골에 가까운 득점력을 뽐내고 있다. 이적 첫 시즌에는 바이엘 레버쿠젠에 밀려 분데스리가 우승을 놓쳤지만 리그 득점왕에 올랐고, 지난 시즌에는 기어이 뮌헨의 리그 정상 탈환을 이끌었다. 이번 시즌에도 벌써 24골로 20골 고지를 돌파하며 압도적인 경기력을 보여주고 있다. 전성기에 접어든 만큼, 뮌헨에서 레반도프스키를 완벽히 대체한 케인이 바르셀로나에서도 레반도프스키를 대체할 수 있을 거라는 기대가 커졌다. 하지만 케인이 직접 나서서 이번 이적설을 부인하며 바르셀로나 이적 가능성은 사라졌다. 내년 여름에는 2026 국제축구연맹(FIFA) 북중미 월드컵도 예정돼 있는 만큼, 이적에 신경 쓸 겨를이 없다는 판단이다. 케인은 ""서두를 필요는 없다. 다음 시즌에 대해 생각하지는 않는다. 우선 여름에 월드컵이 있다. 이번 시즌 이후 어떤 변화가 일어날 가능성은 매우 낮다""고 강조했다. 영국 비인스포츠는 ""케인은 바르셀로나에 NO라고 말했다. 케인은 뮌헨에 남기를 원한다고 밝혔다. 바르셀로나에서 다시 한번 강력한 이름이 언급되고 있지만, 케인의 반응은 그의 가까운 미래가 독일에서 멀어질 것 같지 않다는 걸 분명히 했다""고 전했다. 스페인 AS는 ""케인이 바르셀로나의 문을 '쾅' 닫았다""면서 ""뮌헨 공격수 케인은 캄프누에서 레반도프스키이의 대체자로 자신을 지목하고 있는 소문에 대해 솔직하게 말했다. 이러한 추측에 종지부를 찍었다""며 바르셀로나가 케인을 놓치게 됐다고 했다. 케인은 바르셀로나 이적 대신 뮌헨과 재계약을 더 선호하고 있는 상황이다. 케인은 ""구단과는 아직 얘기를 나누지 않았지만 다음 달이든 내년이든 협상이 진행될 수 있다. 그 후에 논의해 보겠다""면서 ""우리는 좋은 위치에 있고, 기분이 매우 좋다. 우리는 긴장하지 않는다. 나도 그렇고 구단도 그렇다""며 구단과의 대화가 잘 풀릴 것으로 기대했다. 사진=연합뉴스 / SNS 나승우 기자 winright95@xportsnews.com",https://v.daum.net/v/6rrelFrNZ8,엑스포츠뉴스,2025.11.26 10:24
"'쿠쿠레야, 야말 삭제' 첼시, 10명 뛴 바르셀로나 3-0 완파(종합)","(서울=연합뉴스) 안홍석 기자 = 잉글랜드 프로축구 첼시가 스페인 거함 FC바르셀로나를 완파하고 유럽축구연맹(UEFA) 챔피언스리그(UCL) 토너먼트 직행 가능성을 키웠다. 첼시는 26일(한국시간) 영국 런던의 스탬퍼드 브리지에서 열린 2025-2026 UCL 리그 페이즈 5차전에서 전반전 센터백 로날두 아라우호가 퇴장당해 10명이 뛴 바르셀로나를 3-0으로 물리쳤다. 바이에른 뮌헨(독일)과 1차전 패배 뒤 3승 1무로 4경기 무패를 달린 첼시는 5위(승점 10)로 올라섰다. 8위 이상의 성적으로 리그 페이즈를 마치는 팀은 16강에 직행하고, 9~24위는 플레이오프를 거쳐 16강에 오른다. 첼시 왼쪽 풀백 마르크 쿠쿠레야는 공수 양면에서 만점 활약을 펼치며 승리의 일등 공신이 됐다. 바르셀로나의 신성 라민 야말을 완벽하게 막아냈고 상대 자책골과 퇴장을 유도해내는 등 공수 양면에서 만점 활약을 펼쳤다. 슈팅 단 1개에 그치는 등 아무것도 못 한 야말은 후반 35분 굳은 표정으로 다니 올모와 교체됐다. 2패째(2승 1무)를 당한 바르셀로나는 승점 7로 15위에 자리했다. 바르셀로나는 첼시 원정에 약한 징크스를 이어갔다. 바르셀로나는 UCL에서 이날까지 8차례 첼시 원정 경기를 치러 단 1승(2무 5패)에 그쳤다. 마지막으로 이긴 건 2006년 2월(2-1)로 무려 19년 전이며, 이후 5경기에서 2무 3패를 기록했다. 첼시는 전반 27분 행운이 섞인 자책골로 앞서나갔다. 쿠쿠레야가 오른쪽을 돌파하고서 넘긴 컷백을 페드루 네투가 뒤꿈치 슈팅으로 연결한 것이 문전에서 몸이 엉킨 페란 토레스와 쥘 쿤데의 발에 연속으로 맞고서 골대 안으로 굴러 들어갔다. 이는 쿤데의 자책골로 기록됐다. 바르셀로나는 전반 44분 아라우호가 경고 누적으로 퇴장당하면서 패색이 짙어졌다. 측면에서 돌파하려던 쿠쿠레야를 막으려던 아라우호의 태클이 너무 깊었고, 주심은 그에게 두 번째 옐로카드를 꺼내 들었다. 첼시는 후반전 수적 열세에 놓인 바르셀로나를 본격적으로 두들겼다. 후반 10분 첼시의 공격수 이스테방이 현란한 발재간으로 수비수 한 명을 제친 뒤 끝까지 따라붙은 수비수를 따돌리고 골 지역 오른쪽 사각에서 오른발 슈팅을 날려 추가골을 뽑았다. 18세 이스테방이 UCL 데뷔 시즌에 올린 3경기 연속골이다. 후반 28분엔 엔소 페르난데스의 땅볼 크로스를 리엄 델랍이 오른발로 마무리해 3-0 승리에 쐐기를 박았다. 레버쿠젠(독일)은 맨체스터 시티(잉글랜드)와 원정 경기에서 알레한드로 그리말도와 파트리크 시크의 연속골로 2-0 승리를 거뒀다. 2연승을 기록한 레버쿠젠은 13위(승점 8)로 뛰어올랐고, 첫 패배를 당한 맨시티는 6위(승점 10)에 자리했다. '명장' 페프 과르디올라 감독은 맨시티를 지휘한 100번째 UCL 경기에서 직전 리그 경기 대비 10명이나 선발 명단에 변화를 주는 큰 폭의 로테이션을 감행했다가 완패당하고 말았다. 유벤투스(이탈리아)는 보되/글림트(노르웨이) 원정에서 3-2로 이겼고, 나폴리(이탈리아)는 가라바흐(아제르바이잔)를 홈으로 불러들여 2-0으로 제압했다. 이날은 나폴리의 '레전드' 디에고 마라도나가 세상을 떠난 지 정확히 5년이 되는 날이어서 승리에 의미를 더했다. 나폴리 팬들은 등번호 '10'을 달고 뛴 마라도나를 기리기 위해 전반 10분에 그의 이름을 연호했다. 도르트문트(독일)는 홈에서 비야레알(스페인)을 4-0으로 무너뜨리고 4위(승점 13)로 점프했다. 세르후 기라시가 선제 결승골과 팀의 두 번째 골을 책임지며 승리에 앞장섰다. ahs@yna.co.kr (끝) ▶제보는 카톡 okjebo",https://v.daum.net/v/WvqeKdUZXE,연합뉴스,2025.11.26 10:18
"[MLS STAR] '손흥민 보고 있나?'...메시 평점 10점 만점, 1골 3도움 미친 활약→PO 3R 진출, MLS컵 우승 도전","[인터풋볼=신동훈 기자] 리오넬 메시는 압도적인 활약을 펼치면서 우승을 향한 여정을 재촉했다. 인터 마이애미는 9일 오전 10시(이하 한국시간) 미국 신시내티에 위치한 TQL 스타디움에서 열린 2025시즌 미국 메이저리그 사커(MLS) 플레이오프 2라운드(8강전)에서 FC 신시내티를 상대로 4-0으로 제압했다. 우승후보 손흥민의 LAFC는 밴쿠버 화이트캡스와 승부차기 간 끝에 떨어졌다. 또다른 우승후보 인터 마이애미는 메시 활약 속 3라운드에 올랐다. 메시는 MLS 득점왕에 올랐고 인터 마이애미와 재계약을 통해 건재함을 과시했다. 메시가 온 후 인터 마이애미는 리그스컵에서 우승을 했는데 MLS컵 우승은 없었다.  메시는 신시내티를 상대로 원맨쇼를 펼쳤다. 메시는 전반 19분 선제골을 터트리면서 리드를 안겼다. 후반 12분 마테오 실베티 골에 도움을 기록했다. 후반 17분엔 타데오 아옌테 득점에 도움을 올렸다. 후반 29분 아옌테가 추가골을 넣었는데 이번에도 도움은 메시였다. 메시 활약 속 인터 마이애미는 4-0 대승을 기록했다. 메시는 슈팅 3회(1득점), 패스 성공률 89%(시도 46회, 성공 41회), 키패스 4회(도움 3회), 롱패스 성공 1회(시도 1회), 크로스 성공 2회(시도 2회), 드리블 성공 1회(시도 3회), 그라운드 경합 승리 3회(시도 7회), 태클 성공 1회(시도 1회) 등을 기록했다.  축구통계매체 '후스코어드닷컴'은 메시에 평점 10점 만점을 줬다. 미국 '스포츠 일러스트레이티드'는 ""메시 활약은 설명이 어렵다. 신시내티를 상대로 자신의 재능을 보여줬다. 인터 마이애미가 최근 넣은 25골 중 22골에 관여했다""고 극찬했다.  메시는 개인 통산 1,300호 공격 포이트를 기록했고 MLS 역사상 처음으로 단일 시즌(플레이오프 포함) 공겨 포인트 59개를 해냈다. 기록적인 시즌을 보여주고 있는 1987년생 메시는 다음라운드에서 뉴욕시티FC와 만난다. 인터 마이애미에 MLS컵 트로피를 안길 수 있을지 지켜볼 일이다. ",https://v.daum.net/v/YS69t2YCFC,인터풋볼,2025.11.26 10:17
"이강인 본인이 꼽은 최고 시절 ""마요르카 때나 PSG 입단 6개월""... 佛 ""몇 주 후면 그 수준 돌아간다""","[스타뉴스 | 박재호 기자] 프랑스 언론이 파리 생제르맹(PSG) 공격수 이강인(24)의 활약을 연신 찬사 중이다. PSG는 오는 27일 오전 5시(한국시간) 프랑스 파리의 파르크 데 프랭스에서 토트넘과 '2025~2026시즌 유럽축구연맹(UEFA) 챔피언스리그(UCL)' 리그 페이즈 5차전 홈 경기를 치른다. 현재 PSG는 3승1패(승점 9)로 5위에 자리했다. 토트넘은 2승2무(승점 8)로 10위에 머물고 있다. 두 팀 다 상위권 도약을 위해 승리가 절실한 상황이다. 경기를 앞두고 프랑스 '르 파리지앵'은 ""최근 골을 넣은 24세 한국 선수가 토트넘전에 선발 출전할 것으로 보인다. PSG에서 다시 중요한 선수로 자리 잡고 있기 때문이다""라고 전했다. 이어 ""이강인은 몇 달간 이어진 의구심 끝에 행복과 자신감을 되찾았다""라며 ""드디어 리그 첫 골도 터트렸다. 지난 르 아브르전에서 그는 득점뿐 아니라 왼발 플레이, 다이나믹함을 보여줬다""고 전했다. 이강인은 지난 23일 르 아브르와 리그1 13라운드 홈 경기에서 리그 첫 골을 터트리며 3-0 승리를 이끌었다. 전반 29분 누누 멘데스가 왼쪽 측면에서 크로스를 올렸고 수비진이 정확하게 처리하지 못하고 이강인에게 흘렀다. 이어 이강인이 왼발 논스톱 슈팅으로 득점에 성공했다. 지난 8월 토트넘과의 유럽축구연맹(UEFA) 슈퍼컵에서 시즌 첫 골을 넣었지만 리그 득점이 없었던 이강인은 드디어 리그 첫 골을 기록했다. 이날 이강인은 후반 10분에 일찍 교체됐는데 토트넘전을 대비한 루이스 엔리케 감독의 선택으로 보인다. '르 파리지앵'은 ""현재 이강인은 폼이 좋다. 엔리케 감독도 그의 다재다능함을 활용하는 것에 주저하지 않을 것이다""라고 전했다. 이어 ""엔리케 감독은 근본적으로 이강인의 실력을 의심한 적이 전혀 없다. 이강인도 자신이 더 투지 있는 마음가짐을 되찾도록 많은 질문을 던졌다""고 설명했다. 매체는 ""아시아축구연맹(AFC) 최우수 국제 선수상을 받은 이강인은 완전히 포기하지 않았다는 걸 보여주고 있다. 그의 긍정적인 마음가짐과 헌신은 팀 내 입지가 밀리고 이적 욕구가 있던 지난 시즌과 완전히 비교된다""고 전했다. 이어 ""이강인은 본인 스스로 아직 최고 수준과 거리가 멀다고 생각한다. 그가 생각했을 때 가장 완성도가 높았던 때는 마요르카 시절이나 PSG 입단 후 6개월이다. 하지만 이강인은 향후 몇 주 후에 그 수준에 도달할 수 있다고 확신한다""고 전했다. 지난 시즌 후반기부터 전력 외로 분류됐던 이강인은 올 시즌엔 차츰 출전 시간을 늘리며 짙은 존재감을 보여주고 있다. 11월 열린 4경기에서 모두 득점에 관여했다. 특히 바이에른 뮌헨전 도움을 시작으로 3경기 연속 공격포인트(1골2도움)를 기록 중이다. 현재 PSG는 2025 발롱도르 수상자 우스만 뎀벨레, 지난 시즌 UCL 결승전 최우수 선수(MVP) 데지레 두에 등 핵심 선수들이 부상으로 이탈했다. 이런 상황 속 출전 기회를 잡은 이강인이 매 경기 맹활약하며 현지 언론의 평가를 바꿔놓고 있다. 박재호 기자 pjhwak@mtstarnews.com",https://v.daum.net/v/G7NbRk4qWC,스타뉴스,2025.11.26 10:16
"맨시티 유스 포기→""옥스퍼드 법대 진학""…英 U16 국가대표 출신 미드필더 '파격' 선택 ""축구를 정말 사랑하지만""","[스포티비뉴스=박대현 기자] 맨체스터 시티 유스에서 미드필더 유망주로 꼽히던 한 윌호프트킹(19)이 은퇴를 선언했다. 명문 옥스퍼드대에서 '법학도'의 길을 걷기로 했다. 영국 'RisingBallers'는 25일(한국시간) ""잉글랜드 16세 이하(U-16) 대표팀 경력의 미드필더 윌호프트킹이 불과 열아홉 살 나이로 현역 은퇴를 결정했다. 그는 맨시티 U-21 팀에서 뛰었고 간혹 1군 훈련에도 참여한 바 있는 유망주""라고 적었다. 영국 정론지 '가디언'에 따르면 윌호프트킹은 “축구를 하면서 항상 자극이 부족하단 느낌을 받았다. 오해는 말아달라. 축구를 정말로 사랑했다""면서도 ""하나 ‘난 더 많은 걸 할 수 있는 사람 아닌가’란 생각을 늘 했다. 하루 중 너무 많은 시간을 (축구에) 허비하고 있다 느꼈다""고 말했다. ""(축구가 아닌) 다른 무언가가 필요했다. 그 과정에서 옥스퍼드라는 환경과 그곳 사람들이 날 매우 설레게 했다. 그게 결정적인 이유가 됐다""고 덧붙였다. 2006년 1월생인 윌호프트킹은 2012년 토트넘 홋스퍼 유스에서 본격적으로 축구를 시작했다. 무려 13년간 북런던에서 기량을 닦다 지난해 맨시티 유스로 새 둥지를 틀었다. 지난 1월 옥스퍼드대로부터 합격 통보를 받고 진로 고민이 깊어졌다. 윌호프트킹은 ""가령 내가 리그원이나 챔피언십에서 커리어를 보냈다 치자. 돈은 꽤 벌 수 있을 것이다. 하지만 그런 생활을 내가 얼만큼 즐기고 사랑할 수 있을진 확신할 수 없었다""면서 ""게다가 (축구 선수로서) 잘 풀린다 해도 10~15년가량 뛰고 나면 그 다음은 어떻게 (남은 삶을) 풀어갈지 미래를 그리기가 어려웠다""고 털어놨다. ""대학 진학이 앞으로의 10~15년, 그리고 그 이후에도 계속 이어갈 수 있는, 더 긴 미래를 위한 발판을 마련하는 선택이라 생각했다. 장기적으로 접근해 프로팀 유스 생활을 접기로 했다""며 14년간 이어온 준프로 커리어 마감 배경을 귀띔했다. <저작권자 ⓒ SPOTV NEWS. 무단전재 및 재배포 금지>",https://v.daum.net/v/XaoPBR0HCG,스포티비뉴스,2025.11.26 10:10
"홍명보호, 꽝 아니면 1등! 로또 조추첨 확률 커졌다…포트 배정 오피셜 공식발표→'4회 우승' 이탈리아 vs '1승 제물' 퀴라소","(엑스포츠뉴스 김현기 기자) 한국 축구가 사상 최초로 월드컵 본선 조추첨 포트2에 배정되는 성과를 일궈냈다. 한국보다 국제축구연맹(FIFA) 랭킹이 떨어지는 포트3과 포트4의 팀을 하나씩 만나 토너먼트(32강)에 보다 수월하게 오를 수 있는 길을 열어젖혔다. 하지만 안심은 이르다. 내년 3월 열리는 유럽 예선 플레이오프를 통해 월드컵 본선에 막차로 탑승하는 유럽 4팀이 포트4에 들어가게 됐기 때문이다. 유럽 예선 플레이오프는 총 16팀이 4개 패스로 나뉘어 토너먼트 형식으로 본선 진출팀을 가리는데 이탈리아(12위, 덴마크(21위)처럼 한국(22위)보다 FIFA 랭킹 높은 두 팀이 플레이오프를 통해 본선행을 노린다. 튀르키예(25위), 우크라이나(28위), 폴란드(31위), 웨일스(32위)처럼 한국과 FIFA 랭킹이 크게 차이나지 않는 팀들도 플레이오프에 진출했다. 이에 따라 한국은 본선 조추첨에서 포트4의 어느 팀을 만나는가가 조별리그 통과의 수월성을 결정하는 중요 변수가 됐다. 26일(한국시간) FIFA가 공개한 2026 월드컵 포트 배정 방식에 따르면 한국은 사상 최초로 월드컵 포트2에 들어갔다. FIFA는 오는 12월6일 미국 워싱턴 DC의 케네디 센터에서 조추첨식을 거행하는데 본선 진출 48개팀 중 캐나다와 미국, 멕시코 등 공동개최 3개국을 포트1에 먼저 배정한 뒤 남은 45개국을 FIFA 랭킹 순으로 포트1~4에 집어넣는다. 본선 참가국 중 FIFA 랭킹 순위 1~9위는 포트1, 10~21위는 포트2, 22~33위는 포트3, 34~45위는 포트4에 배정한다. 각 포트에 있는 국가들이 하나씩 A조부터 L조까지 12개 조에 배정되면서 조추첨이 끝난다. 이번 조추첨에서도 대륙별 안배 원칙이 적용된다. 총 16개국이 본선에 오르는 유럽 국가들은 4개 조의 경우 두 팀이 들어가고, 8개 조의 경우 한 팀이 들어간다. 아시아, 아프리카, 북중미, 남미 국가들은 같은 대륙 내 국가들이 본선 조별리그에서 붙지 않는다. 캐나다와 멕시코, 미국은 A조와 B조, D조에 자동 배정된다. 본선 참가국 중 FIFA 랭킹 1~4위는 4강까지 서로 만나지 않도록 시드 배정을 하는 것도 특징이다. 11월 기준 FIFA 랭킹 1위 스페인과 2위 아르헨티나는 각 조 1위를 차지할 경우, 서로 반대편 대진에 속해 결승까지 만나지 않도록 했다. 3위 프랑스와 4위 잉글랜드도 조별리그를 1위로 통과할 경우, 같은 혜택을 받는다. 테니스나 탁구 국제대회에서의 시드 배정이 적용됐다. 이번 조추첨은 캐나다가 개최국 자격을 얻어 포트1에 들어가는 반면 이탈리아, 덴마크가 포트4에 들어 월드컵 첫 출전국인 요르단, 카보 베르데, 퀴라소, 그리고 52년 만에 월드컵 본선 진출을 이룬 아이티, 오세아니아 지역 예선을 통과해 역시 약체로 분류되는 뉴질랜드와 같은 포트에 속하면서 조편성 결과가 극과 극이 될 수 있는 상황을 낳았다. 예를 들어, 한국은 포트1에서 남미 양강인 브라질이나 아르헨티나 중 한 팀을 만나고, 포트3과 포트4에서 유럽의 두 팀과 싸우게 될 수 있다. 특히 아르헨티나(브라질), 노르웨이, 이탈리아와 한 조에 들어가는 시나리오는 홍명보호 입장에서 포트2 혜택을 완전히 지우는 셈이 된다. 아르헨티나는 디펜딩 챔피언으로 더 이상 설명이 필요 없는 내년 월드컵 우승후보다. 아르헨티나 대신 브라질을 만나더라도 비슷하다. 한국은 최근 브라질과 A매치 3경기에서 3전 전패했으며 2득점 13실점했다. 노르웨이는 2026 월드컵 최고의 다크호스로 꼽힌다. 엘링 홀란과 마틴 외데고르를 앞세워 유럽 예선에서 이탈리아를 3-0, 4-1로 두 차례 대파했다. 이탈리아는 노르웨이에 밀려 플레이오프까지 치르는 어려움을 맞았으나 월드컵 4회 우승의 전통을 갖고 있고, 2020 유럽선수권에서 우승도 했기 때문에 한국이 아니라 어느 팀도 가장 만나고 싶지 않은 포트4 국가라고 할 수 있다. 하지만 거꾸로 월드컵 사상 최고의 조편성 결과를 받아들이는 것도 가능하다. 한국보다 전력이 나을 것 없는 캐나다가 포트1에서 한국과 같은 조에 들어가면서 역대 월드컵을 통해 한 번도 조별리그를 통과한 적이 없는 유럽의 스코틀랜드를 포트3에서 만나고, 포트4에서 카보베르데나 퀴라소, 뉴질랜드 중 한 팀을 만나는 것이다. 이렇게 되면 카보베르데나 퀴라소 혹은 뉴질랜드를 1승 제물로 삼고, 남은 두 팀과도 승리를 목표로 싸울 수 있다. 2026 월드컵 조추첨이 그야말로 '1등' 아니면 '꽝'의 로또 같은 추첨으로 결말을 맞을 수도 있게 됐다. 외신의 반응도 뜨겁다. 특히 FIFA 랭킹 4위 잉글랜드는 월드컵에서 자신들의 발목을 곧잘 잡았던 아르헨티나, 지난해 유럽선수권 결승에서 잉글랜드 발목을 잡아 우승 꿈을 무산시킨 스페인을 8강까지는 만나지 않게 돼 그나마 다행이라는 반응이다. 유럽 대륙 라이벌 프랑스와는 결승까지도 만나지 않는다. ◆2026 북중미 월드컵 조추첨 포트 배정 △포트1 : 캐나다(A조 1번 자동 배정), 맥시코(B조 1번 자동 배정), 미국(D조 1번 자동 배정), 스페인, 아르헨티나, 프랑스, 잉글랜드, 브라질, 포르투갈, 네덜란드, 벨기에, 독일 △포트2 : 한국, 크로아티아, 모로코, 콜롬비아, 우루과이, 스위스, 일본, 세네갈, 이란, 에콰도르, 오스트리아, 호주 △포트3 : 노르웨이, 파나마, 이집트, 알제리, 스코틀랜드, 파라과이, 튀니지, 코트디부아르, 우즈베키스탄, 카타르, 사우디아라비아, 남아공 △포트4 : 요르단, 카보 베르데, 가나, 퀴라소, 아이티, 뉴질랜드, 유럽 PO 패스A(이탈리아·북아일랜드·웨일스·보스니아 헤르체고비나) 유럽 PO 패스B(우크라이나·스웨덴·폴란드·알바니아) 유럽 PO 패스C(튀르키예·루마니아·슬로바키아·코소보) 유럽 PO 패스D(덴마크·북마케도니아·체코·아일랜드) 대륙간 PO 패스1(자메이카·뉴칼레도니아·콩고민주공화국) 대륙간 PO 패스2(수리남·볼리비아·이라크) 사진=더선 / 엑스포츠뉴스DB 김현기 기자 spitfire@xportsnews.com",https://v.daum.net/v/U0idBR0HXA,엑스포츠뉴스,2025.11.26 10:02
"첼시, 수적 우위 바탕으로 바르셀로나 3-0 완파…맨시티, 레버쿠젠에 0-2 패배","[스포츠투데이 강태구 기자] 첼시가 수적 우위에 힘입어 바르셀로나를 3-0으로 완파했다. 첼시는 26일(한국시각) 영국 런던의 스탬퍼드 브리지에서 열린 2025-2026 유럽축구연맹(UEFA) 챔피언스리그(UCL) 리그 페이즈 5차전 바르셀로나와의 홈 경기에서 3-0으로 승리했다. 이번 승리로 첼시는 3승 1무 1패(승점 10)를 기록, 5위로 도약했다. 바르셀로나는 2승 1무 2패(승점 7)로 15위에 머물렀다. 이번 경기에서 균형을 깬 팀은 첼시였다. 전반 27분 코너킥 상황에서 짧은 패스를 통해 우측면에서 마크 쿠쿠레야가 볼을 잡았고, 문전으로 패스했다. 패스를 받은 페드루 네투는 감각적인 뒤꿈치 슈팅으로 연결했고, 이는 수비수 쥘 쿤데를 맞고 골문 안으로 빨려 들어가 자책골이 됐다. 선제골을 내준 바르셀로나에 악재가 터졌다. 전반 44분 쿠쿠레야가 돌파하는 과정에서 로날드 아라우호에게 태클을 당했다. 태클은 너무 깊었고, 이미 경고가 있던 아라우호는 끝내 퇴장 당했다. 전반을 1-0으로 마친 첼시가 수적 우위를 통해 격차를 벌렸다. 후반 10분 역습 상황에서 우측면에서 볼을 잡은 이스테방이 박스 안까지 진입하는 데 성공했다. 이스테방은 수비수 2명을 벗겨낸 뒤 오른발 슈팅까지 연결해 골망을 흔들었다. 이번 골로 이스테방은 UCL 3경기 연속 골에 성공했다. 승기를 잡은 첼시가 쐐기를 박았다. 후반 28분 역습 상황에서 엔소 페르난데스의 패스를 리암 델라이 밀어 넣어 3-0을 만들며 승부에 마침표를 찍었다. 한편 맨체스터 시티는 레버쿠젠에 0-2로 패배했다. 이로써 맨시티는 3승 1무 1패(승점 10)를 기록, 6위에 자리했다. 레버쿠젠은 2승 2무 1패(승점 8)로 13위까지 도약했다. 이날 레버쿠젠은 전반 23분 알레한드로 그리말도의 선제골로 앞서 나갔고, 후반 9분 시크의 추가골이 터지면서 2-0을 만들었다. 맨시티는 이날 19개의 슈팅을 때렸음에도 종료 휘슬이 불릴 때까지 단 1골도 넣지 못한 채 패배했다. [스포츠투데이 강태구 기자 sports@stoo.com]",https://v.daum.net/v/8LO35KyOCU,스포츠투데이,2025.11.26 10:00
‘日은 최악의 조 들어가는데’ 홍명보호 언급 없나…“브라질·일본·이집트·이탈리아 죽음의 조”,"일본 축구도 역사상 최초로 월드컵 포트2에 배정됐다. 주요 외신은 가상 조 추첨에서 최악의 조를 꼽을 때 포트2에선 일본을 넣는 분위기다. 그만큼 강팀으로 인정받고 있다는 뜻이다. 일본 매체 풋볼 채널은 26일 “조 추첨 운이 나쁘면 처음부터 최악의 상황에서 시작할 수 있다”고 전했다. 매체는 미국 CBS 스포츠의 보도 내용을 전하며 “브라질, 일본, 이집트, 이탈리아가 묶이는 죽음의 조가 나올 수 있다”고 했다. 아울러 미국 폭스 스포츠는 미국, 일본, 노르웨이, 가나가 묶인 가상 조를 ‘혼돈의 조’로 예시했다. 극강의 전력을 가진 팀이 모인 게 아니라, 엇비슷한 팀들이 물고 물리는 경기를 할 수 있다는 뜻이다. 일본이 포트2에서도 강팀으로 평가받는다는 의미다. 일본 역시 사상 최초로 포트2에 들어갔다. 다수 매체가 대서특필하고 있다. 같은 날 국제축구연맹(FIFA)이 발표한 북중미 월드컵 포트 배정에서 랭킹 18위인 일본은 크로아티아, 모로코, 콜롬비아, 우루과이, 스위스, 일본, 세네갈, 이란, 한국, 에콰도르, 오스트리아, 호주와 포트2에 자리했다. 북중미 월드컵은 랭킹을 따져 포트1~4까지 분류해 포트마다 한 팀씩 4개팀을 한 조로 구성한다. 유럽을 제외한 같은 대륙 팀은 조별리그에서 만날 수 없다. 개최국인 미국, 멕시코, 캐나다를 비롯해 우승 후보가 속한 포트1에서는 모든 국가가 위협적인 팀으로 꼽힌다. 대개 죽음의 조는 포트2~4의 강팀이 한데 몰리는 것을 의미하는데, 일본이 거론되는 것은 포트1에 속한 국가들까지 위협할 수 있는 존재라는 의미다. 실제 일본은 지난달 브라질을 3-2로 꺾는 이변을 일으키기도 했다. 한국은 딱히 포트2에서 언급되지 않는 분위기다. FIFA 랭킹 22위인 한국은 포트2에서도 순위가 낮은 편이며 포트3~4에 속한 팀들이 같은 조에 묶이길 원하는 국가가 될 가능성이 크다. 북중미 월드컵 본선 조 추첨은 12월 6일 미국 워싱턴 DC 케네디센터에서 열린다. 김희웅 기자",https://v.daum.net/v/2oAZY7hDO1,일간스포츠,2025.11.26 09:58
"'MLS 역사상 최고의 경기' 오점으로 남은 손흥민 승부차기 ""성공했다면 결과 달라졌을 것""","[STN뉴스] 강의택 기자┃손흥민(33·로스엔젤레스FC)의 킥이 성공했다면 결과가 달라졌을까. 글로벌 축구 매체 '골닷컴'은 26일(한국시간) ""손흥민이 이끄는 로스엔젤레스FC(LAFC)가 2025 미국 메이저리그 사커(MLS) 컵 플레이오프 2라운드에서 혈투 끝에 탈락했다""고 전했다. 이어 ""밴쿠버 화이트캡스와 LAFC는 의심할 여지 없이 MLS 역사상 최고의 경기 중 하나를 펼쳤다. 2-2 동점으로 승부차기까지 진행했다""며 ""손흥민의 킥이 골대 안쪽으로 떨어졌다면 결과는 완전히 달라졌을 것""이라고 조명했다. LAFC는 지난 23일 캐나다 밴쿠버에 위치한 BC플레이스에서 열린 2025시즌MLS 컵 플레이오프 2라운드 밴쿠버전에서 정규 시간에 2-2로 비긴 후 승부차기까지 가는 접전 끝에 패했다. 전반 분위기를 잡은 팀은 밴쿠버였다. 전반 9분 프리킥 상황에서 찬스를 만들어낸 데 이어 18분에는 알리 아메드가 전방으로 치고 나간 이후 강력한 슈팅으로 LAFC의 골문을 위협했다. 결국 득점까지 만들어냈다. 전반 39분 전방으로 침투하며 요헤이 타카오카 골키퍼의 롱패스를 받은 에마뉘엘 사비가 선제골을 터트렸다. 이어 46분 코너킥 상황에서 마티아스 라보르다가 추가 득점에 성공하며 점수차가 벌어졌다. 전반에 조용했던 LAFC는 후반전에 밴쿠버를 계속해서 몰아붙였고, 후반 15분 동점골이 터졌다. 앤드류 모란의 패스를 받은 손흥민이 슈팅을 날렸고, 혼전 상황 끝에 마무리하며 한 골을 따라갔다. 하지만 LAFC는 후반 막판까지 동점골이 터지지 않아 패색이 짙었다. 위기를 구해낸 것은 '에이스' 손흥민이었다. 후반 49분 프리킥 키커로 나서 골문 구석으로 향하는 엄청난 궤적의 킥으로 골망을 갈랐다. 정규 시간 내에 결과를 내지 못한 두 팀은 연장으로 향했지만, 승부의 균형은 깨지지 않았고 승부차기까지 향했다. LAFC는 1번 키커로 나선 손흥민이 실축하며 불안한 출발을 했다. 이어 3번 키커 마르코 델가도마저 실패했다. 결국 LAFC는 밴쿠버에 무릎을 꿇으며 다음 라운드 진출에 실패했다. 이날 존재감을 과시한 손흥민은 미국 현지 매체로부터 극찬을 받았다. 미국 매체 '스포츠 일루스트레이티드'는 ""손흥민은 슈퍼스타 토마스 뮐러보다 뛰어났지만, LAFC가 다음 라운드에 진출하기에는 역부족이었다""고 전했다. 이어 ""LAFC는 다음 라운드에 진출하지 못했지만, 흥미진진한 경기와 손흥민의 경기 막판 프리킥 골은 전 세계적으로 화제를 모았다. MLS를 세계 축구 중심에 세웠다""고 강조했다. ※STN뉴스 보도탐사팀 제보하기 당신의 목소리가 세상을 바꾸고, 당신의 목소리가 권력보다 강합니다. STN뉴스는 오늘도 진실만을 지향하며 여러분의 소중한 제보를 기다립니다. ▷ 전화 : 1599-5053 ▷ 이메일 : news@stnsports.co.kr ▷ 카카오톡 : @stnnews / STN뉴스=강의택 기자 sports@stnsports.co.kr ▶STN 뉴스 공식 모바일 구독 ▶STN 뉴스 공식 유튜브 구독 ▶STN 뉴스 공식 네이버 구독 ▶STN 뉴스 공식 카카오톡 구독",https://v.daum.net/v/6lSDASnQoP,에스티엔,2025.11.26 09:57
"""정말 죄송합니다. 사과드립니다"" 토트넘 집단 사과 사태...손흥민 시대 후 최악의 참패","[스포츠조선 김대식 기자]최악의 패배에 토트넘 선수들과 감독은 고개를 숙였다. 토트넘은 24일(한국시각) 영국 런던의 에미레이츠 스타디움에서 열린 아스널과의 2025~2026시즌 잉글랜드 프리미어리그(EPL) 12라운드 경기에서 1대4 참사를 당했다. 이번 패배로 토트넘은 9위까지 추락했다. 참사였다. 토트넘은 부상자가 많다는 걸 감안해도 아스널 상대로 힘을 쓰지 못했다. 경기 시작부터 연이어 분이기를 내준 토트넘은 정신없이 공략 당했다. 결국 선제 실점을 내줬다. 전반 36분 미켈 메리노가 완벽한 패스를 찔러줬고, 레안드로 트로사르가 페널티박스 안에서 침착한 마무리로 토트넘의 골망을 흔들었다. 참사의 시작이었다. 전반 41분에는 에베레치 에제가 페널티박스에서 토트넘 선수들을 제친 뒤에 비카리오마저 뚫어냈다. 그때부터 에제의 해트트릭 쇼가 시작됐다. 후반 시작과 함께 에제가 또 페널티박스 부근에서 자유롭게 공을 받았고, 에제는 구석으로 가볍게 밀어 넣었다. 토트넘은 후반 10분 히샬리송이 마르틴 수비멘디의 공을 빼앗자마자 시도한 장거리 슈팅이 득점으로 이어지면서 만회골을 터트렸지만 거기까지였다. 후반 31분 트로사르가 에제한테 패스를 밀어줬고, 에제가 해트트릭을 완성했다. 비카리오가 여러 차례 선방하지 않았다면 더 큰 점수차로 패배했을 것이다. 무기력했고, 참패를 인정할 수밖에 없는 경기력이었다. 경기 후 굴리엘모 비카리오는 ""오늘은 우리에게 정말 최악의 밤이었다. 무엇보다도 매일 우리를 응원하고, 경기를 보기 위해 찾아오는 팬들에게 사과해야 한다. 오늘 우리는 싸우지 않았다. 팀 전체가 싸우지 않았다. 이런 수준의 축구 경기에서 경쟁하려면 싸워야 하는 것이 기본이다. 우리는 팀으로서 그렇게 하지 못했다""며 팬들에게 미안함을 전했다. 이어 ""힘든 밤이고, 정말 안 좋은 패배지만 우리는 함께 뭉쳐야 한다. 우리가 해결해야 할 문제가 무엇인지 알고 있기 때문이다. 수요일에도 중요한 경기가 있다. 우리는 서로 믿고 마음을 다잡아야 한다. 오늘 우리는 평소 할 수 있는 모습을 보여주지 못했다. 감정이 격해질 수 있는 건 알지만, 이런 방식으로 더비에서 지고 난 후에도 차분함을 유지하고, 오늘 경기를 보기 위해 찾아준 팬들에게 사과해야 한다. 이런 경기력을 다시 보여줄 수는 없다""며 연이어 죄송하다는 입장을 이야기했다. 프랭크 감독 역시 첫 공식 북런던 더비에서 패한 뒤 기자회견에서 비카리오와 비슷한 입장을 밝혔다. ""아스널이라는 우리 최고의 라이벌과의 경기에서 더 좋은 경기력을 보여주지 못한 것은 정말 실망스럽다. 팬들에게 사과할 수밖에 없다""며 고개를 숙였다. 프랭크 감독은 ""우리는 오늘 충분히 경쟁할 수 있다고 자신했지만, 90분 내내 그렇지 못했다. 우리는 공격적으로 나서고, 압박하며, 일부 상황에서는 그들을 쫓아가려고 했지만, 성공하지 못했다. 충분히 근접하지 못했다. 결국 우리는 밀려났고, 다소 수동적인 것처럼 보였다""며 완패를 인정했다.",https://v.daum.net/v/zXmet2YC7f,스포츠조선,2025.11.26 09:55
"경기 내용과 결과 모두 잡았다! 슈팅·유효슈팅 3배→3-0 완승…첼시, 홈에서 바르셀로나 격침","[마이데일리 = 심재희 기자] 잉글리시 프리미어리그(EPL) 첼시가 스페인 프리메라리가(라리가) FC 바르셀로나를 잡았다. 홈에서 좋은 경기력을 보이며 결과도 잡았다. 바르셀로나는 자책골 불운과 수비수 퇴장 악재를 극복하지 못하고 대패를 떠안았다. 첼시는 26일(한국 시각) 잉글랜드 런던의 스탬포드 브리지에서 펼쳐진 2025-2026 유럽축구연맹(UEFA) 챔피언스리그 리그 페이즈 5차전 홈 경기에서 바르셀로나와 격돌했다. 4-2-3-1 포메이션으로 기본을 잡고 역시 4-2-3-1 전형을 쓴 바르셀로나와 맞섰다. 전반전 중반 자책골로 리드를 잡았다. 바르셀로나 라이트백 질 쿤데의 자책골로 1-0으로 앞섰다. 전반 44분에는 상대 센터백 로날드 아라우호의 경고 누적 퇴장으로 수적인 우세를 맞이했다. 전반전을 좋은 흐름 속에서 1-0으로 마쳤다. 후반전 들어 더 달아났다. 후반 10분 에스테방 윌리앙의 추가골로 2-0을 만들었고, 후반 28분 리암 델랍의 득점으로 3-0으로 점수 차를 더 벌렸다. 이후 바르셀로나의 공세를 적절히 잘 막고 홈에서 세 골 차 완승을 신고했다. 볼 점유율에서 56%-44%로 우위를 점했다. 슈팅(15-5)과 유효슈팅(6-2)을 세 배 더 많이 기록했다. 키패스(13-5)와 코너킥(4-0)도 훨씬 더 많이 만들었다. 상대 자책골과 퇴장으로 잡은 수적인 우세를 잘 살려 완승으로 연결했다. 첼시는 이날 승리로 3승 1무 1패 승점 10을 적어내며 5위로 올라섰다. 1차전에서 바이에른 뮌헨에 1-3으로 졌지만, 이후 4경기에서 3승 1무 무패성적을 거두고 상위권으로 도약했다. 바르셀로나는 2승 1무 2패 승점 7을 찍고 15위에 머물렀다. 4차전 클럽 브뤼헤와 원정 경기에서 3-3으로 비겼고, 이날 원정에서 첼시에 지면서 UEFA 챔피언스리그 2경기 연속 승리에 실패했다. 한편, 또 다른 빅매치로 관심을 모았던 EPL 맨시티와 독일 분데스리가 바이에르 레버쿠젠의 경기에서는 원정 팀 레버쿠젠이 2-0으로 이겼다. 독일 분데스리가 보루시아 도르트문트와 라리가 비야레알의 승부에서는 홈 팀 도르트문트가 4-0 대승을 올렸다. 이밖에 벤피카, 위니옹 SG, 유벤투스, 올랭피크 마르세유, 나폴리도 5차전에서 승리를 따냈다. ◆ UEFA 챔피언스리그 리그 페이즈 5차전 결과(26일, 왼쪽이 홈 팀) 아약스(네덜란드) 0-2 벤피카(포르투갈) 갈라타사라이(튀르키예) 0-1 위니옹 SG(벨기에) 보되/그림트(노르웨이) 2-3 유벤투스(이탈리아) 첼시(잉글랜드) 3-0 바르셀로나(스페인) 도르트문트(독일) 4-0 비야레알(스페인) 맨시티(잉글랜드) 0-2 레버쿠젠(독일) 마르세유(프랑스) 2-1 뉴캐슬(잉글랜드) 나폴리(이탈리아) 2-0 카라바흐(아제르바이잔) 슬라비아 프라하(체코) 0-0 아틀레틱 빌바오(스페인)",https://v.daum.net/v/8aLyirQ9m1,마이데일리,2025.11.26 09:54
"첼시, '10명' 뛴 바르사 3-0 완파…레버쿠젠, 맨시티 2-0 제압","(서울=뉴스1) 김도용 기자 = 첼시(잉글랜드)가 바르셀로나(스페인)를 완파하며 유럽축구연맹(UEFA) 챔피언스리그 토너먼트 직행 전망을 밝혔다. 첼시는 26일(한국시간) 영국 런던의 스탬퍼드 브리지에서 열린 2025-26 UCL 리그 페이즈 5차전에서 1명이 퇴장당한 바르셀로나를 3-0으로 완파했다. 첼시는 3승 1무 1패(승점 10)가 되면서 5위에 올랐다. 36개 팀이 참가하는 UCL에서 상위 8팀은 16강으로 직행하고, 9~24위는 플레이오프를 치러 16강 티켓을 획득하게 된다. 바르셀로나는 2승 1무 2패(승점 7)로 15위에 머물렀다. 첼시는 전반 27분 행운이 따른 자책골로 앞섰다. 마르크 쿠쿠레야의 패스를 페드루 네투가 뒤꿈치로 슈팅한 공이 바르셀로나 수비수 쥘 쿤데 발에 맞고 골이 됐다. 불운하게 실점한 바르셀로나는 전반 44분 중앙 수비수 로날드 아라우호가 경고 누적으로 퇴장을 당하며 수적 열세에 몰렸다. 1명이 많은 첼시는 후반 공세를 높였고 후반 10분 이스테방의 골로 달아났다. 만 18세에 불과한 이스테방은 UCL 3경기 연속골을 기록했다. 첼시는 후반 28분 엔소 페르난데스의 도움을 받은 리암 델랍의 골로 승리에 쐐기를 박았다. 레버쿠젠(독일)은 맨체스터 시티(맨시티 잉글랜드)로 원정을 떠나 알레한드로 그리말도, 파트리크 시크의 연속골을 앞세워 2-0으로 웃었다. UCL 2연승에 성공한 레버쿠젠은 2승 2무 1패(승점 8)로 13위에 자리했다. UCL서 첫 패배를 당한 맨시티는 3승 1무 1패(승점 10·골득실 5)로 첼시(승점 10·골득실6)에 골득실에서 뒤져 6위를 마크했다. 이날 맨시티는 엘링 홀란드, 제레미 도쿠, 필 포든, 잔루이지 돈나룸마, 후벵 디아스 등 주전 선수들을 대거 선발에서 제외했다. 주전 선수들 없이도 맨시티는 경기를 주도했지만 골 결정력 부족으로 좀처럼 앞서지 못했다. 기회를 엿본 레버쿠젠은 전반 23분 그리말도의 골로 앞섰다. 이날 레버쿠젠의 첫 유효슈팅이 골로 연결됐다. 맨시티는 후반 시작과 함께 도쿠, 포든 등을 투입하며 공격을 강화했지만 후반 9분 시크에게 실점하며 최근 공식전 2연패를 당했다. 유벤투스(이탈리아)는 보되/글림트(노르웨이) 원정을 떠나 후반 추가 시간에 터진 조나단 데이비드의 결승골로 3-2 승리를 거뒀다. 이로써 유벤투스는 올 시즌 UCL 첫 승(3무 1패)을 따내면서 21위에 자리했다. 보되/글림트는 2무 3패(승점 2)로 31위에 머물렀다. dyk0609@news1.kr",https://v.daum.net/v/VHHrASnQZi,뉴스1,2025.11.26 09:53
"‘충격’ 네이마르, 또 부상 ‘월드컵 꿈 와장창’?···“왼무릎 반월판 이상, 올해 경기 끝” 팀은 강등 위기","브라질 축구 스타 네이마르(33·산투스)가 또 다쳤다. 무릎 부상으로 올해 더이상 경기 출전이 어렵게 됐다. 내년 월드컵 스쿼드 합류도 갈수록 어려워지는 분위기다. 브라질 매체 ‘글로부’는 26일 “네이마르가 왼쪽 무릎 반월판 부상을 당했다. 적절한 치료를 받을 예정이며 브라질 세리A 남은 3경기에 출전하지 못할 것으로 보인다”고 보도했다. 네이마르는 21일 리그 미라솔전에 풀타임 활약하며 1골을 넣었다. 팀은 경기 막판 페널티킥 동점골을 허용해 1-1 무승부에 그쳤다. 네이마르는 세 경기 연속 90분 풀타임 출전하며 몸상태를 한껏 끌어올린 것으로 보였다. 그러나 경기 후 무릎 통증을 호소했고, 진단 결과 반월판 연골에 일부 파열이 발견됐다. 네이마르에게도 산투스에게도 충격적인 소식이다. 산투스는 리그 35경기에서 승점 38점을 쌓는 데 그쳐 17위에 머물고 있다. 총 20개 구단이 경쟁하는 세리A는 17~20위 팀이 세리B로 내려앉는다. 산투스는 16위 비토리아(승점 39)와 1점 차여서 강등권 탈출 희망이 있지만, 1경기 덜 치른 18위 포르탈레자(승점 34)의 추격도 만만찮다. 산투스가 남은 3경기에서 반등하지 못하면 2년 만에 다시 강등된다. 네이마르는 올시즌 고향팀 산투스로 이적 25경기에 출전해 7골을 기록했다. 1월에 팀에 합류한 이후 여러 차례 부상으로 경기에 빠지면서 팀 공헌도가 기대만큼 크지 않았다. 다음달에 계약 만료되는 네이마르가 산투스와 동행을 이어갈지도 불투명하다. 통계 매체 옵타에 따르면 네이마르는 지난 2년간 부상으로 598일, 90경기에 결장했다. 어느덧 30대 중반으로 향하는 네이마르의 몸상태에 대한 의구심은 해소되지 않고 있다. 내년 북중미월드컵 참가를 위해 브라질로 돌아와 재기를 노리고 있지만, 잦은 부상의 벽을 넘지 못하고 있다. 네이마르는 2023년 10월 북중미 월드컵 남미 예선 우루과이전에서 전방 십자 인대 파열이라는 중상을 입은 뒤 대표팀에 다시 부름을 받지 못하고 있다. 카를로 안첼로티 대표팀 감독이 부임한 이후 그의 몸상태를 면밀히 살피고 있지만, 아직 기회를 잡지 못했다. 이번에 다시 부상으로 낙마하면서 그의 월드컵 출전 꿈은 또 한걸음 멀어졌다. 양승남 기자 ysn93@kyunghyang.com",https://v.daum.net/v/BCxe6aKpUW,스포츠경향,2025.11.26 09:51
야말 앞에서 환상 드리블쇼 후 강슛! '07 대전'에 대한 이스테방의 대답,"[풋볼리스트] 김진혁 기자= 이스테방 윌리앙이 라민 야말과 '2007년생 대전'에서 승리했다. 26일(한국시간) 영국 런던의 스탬퍼드 브리지에서 2025-2026 유럽축구연맹(UEFA) 챔피언스리그(UCL) 리그 페이즈 5라운드를 치른 첼시가 바르셀로나를 3-0으로 제압했다. 이로써 첼시는 홈에서 바르셀로나 상대 5경기 무패를 달렸다. 순위도 5위로 끌어올렸다. 경기 전부터 이스테방과 야말의 대결에 관심이 쏠렸다. 두 선수는 세계 축구계를 대표하는 2007년생 유망주들이다. 스페인 국적 야말은 2022-2023시즌부터 바르셀로나에 혜성처럼 등장했고 리오넬 메시의 10번을 물려받으며 새역사의 주인공이 돼 가고 있다. 벌써 스페인 라리가 우승은 물론 스페인 대표팀에서도 UEFA 유로 2024 우승 트로피를 들어 올려 굵직한 업적을 썼다. 상대적으로 이스테방은 최근 들어 각광 받기 시작한 유망주다. 지난 시즌까지 자국 브라질 리그에서 활약한 이스테방은 일찌감치 첼시의 눈에 들어 조기 계약을 맺었고 올 시즌부터 잉글랜드 프리미어리그(PL) 도전을 시작했다. 최고 유망주로 군림 중인 야말에 이스테방이 도전장을 내밀었다. 그리고 팬들에게 '07 대전'으로 불린 첫 맞대결에서 이스테방의 대답은 확실했다. 두 선수는 오른쪽 윙포워드로 나란히 선발 출전했다. 야말이 첼시 수비진에 꽁꽁 묶여 있는 와중에 이스테방은 보란 듯이 호쾌한 드리블과 슈팅으로 존재감을 표출했다. 첼시가 1-0으로 앞서던 후반 10분 오른쪽 하프스페이스에서 공을 잡은 이스테방이 직접 돌파를 시도했다. 날렵한 페인트로 파우 쿠바르시를 완벽히 제쳐낸 뒤 알레한드로 발데의 경합까지 버텨낸 이스테방은 문전 오른쪽에서 골문 상단을 노린 강슛으로 골망을 갈랐다. 이후 첼시는 후반 28분 리암 델랍의 쐐기 골까지 더하며 바르셀로나를 제압했다. 이날 이스테방은 경기 중 가장 많은 공격 기회(3회)를 창출했다. 1득점 포함 드리블 2회, 슈팅 2회, 빅찬스 메이킹 1회, 피파울 1회 등 기록하며 축구 통계 매체 '폿몹' 기준 AI 평점 8.0을 받았다. 다만 우려스러운 점은 후반 37분 부상 의심으로 교체 아웃됐다. 경기 후 이스테방은 바르셀로나를 상대로 환상적인 득점을 만들어낸 기쁨을 숨기지 않았다. 10대 만에 감정으로 맘껏 들뜬 기분을 드러냈다. 방송사 인터뷰에서 이스테방은 ""지금 내 기분을 어떻게 표현할 말이 정말 없다. 나에게 모든 게 굉장히 빠르게 벌어졌다. 공간이 보이길래 파고들면서 비집고 들어갔다""라며 득점 장면을 회상했다. 이날 득점으로 이스테방은 UCL 3경기 연속 득점포를 올렸다. 올 시즌부터 첼시 유니폼을 ㅇ입은 이스테방은 모든 대회 16경기 5골 1도움을 기록 중이다. 브라질 대표팀에서도 확실한 눈도장을 찍고 있다. 이스테방은 지난 6월 북중미 월드컵 남미 예선부터 A대표팀에 발탁되기 시작했다. 지난 10월에는 서울월드컵경기장에서 홍명보호를 상대로 멀티골을 뽑아내기도 했다. 최근 11월 A매치에서도 2경기 연속 득점을 가동하며 월드컵 데뷔 꿈을 이어가고 있다. 사진= 게티이미지코리아",https://v.daum.net/v/03VYlFrNvt,풋볼리스트,2025.11.26 09:50
"쿠쿠레야의 완벽한 수비, 야말 무력화...첼시, 바르셀로나 3-0 격파","첼시가 바르셀로나를 3-0으로 완파하며 UEFA 챔피언스리그 토너먼트 직행 가능성을 높였다. 26일 런던의 스탬퍼드 브리지에서 열린 리그 페이즈 5차전에서 전반 센터백 아라우호가 퇴장당해 10명이 뛴 바르셀로나를 제압했다. 바이에른 뮌헨에 진 후 4경기 무패를 달린 첼시는 5위(승점 10)로 올라섰다. 8위 이상으로 리그를 마친 팀은 16강에 직행하며, 9~24위는 플레이오프를 거친다. 첼시의 좌측 풀백 쿠쿠레야는 공수 양면에서 맹활약했다. 바르셀로나의 신성 라민 야말을 완벽하게 마크했고, 상대 자책골을 유도했다. 야말은 슈팅 1개에 그치며 후반 35분 교체되는 수모를 겪었다. 바르셀로나는 전반 27분 쿤데의 자책골로 뒤졌다. 쿠쿠레야의 컷백을 네투가 연결한 슈팅이 페란 토레스와 쿤데의 발에 연속으로 맞으며 골문에 들어갔다. 전반 44분 아라우호는 쿠쿠레야의 측면 돌파를 막으려던 깊은 태클로 두 번째 옐로카드를 받으며 퇴장당했다. 후반 10분 18세 이스테방은 수비수 한 명을 제치고 추가골을 터뜨렸다. UCL 데뷔 시즌 3경기 연속골이다. 후반 28분 리엄 델랍의 마무리가 3-0 확정지었다. 2패째를 당한 바르셀로나는 승점 7로 15위에 남았다. [이신재 마니아타임즈 기자 / 20manc@maniareport.com] 기사제보 및 보도자료 report@maniareport.com",https://v.daum.net/v/zkAmxAV754,마니아타임즈,2025.11.26 09:46
"'반전의 반전' 황희찬에 밀려 ""실패작"" 취급→스페인서 부활→30분 출전…결국 또 애물단지 신세","[SPORTALKOREA] 황보동혁 기자= 지난 시즌 스페인 무대에서 잠재력을 입증했던 파비우 실바(보루시아 도르트문트)가 또 다시 애물단지 취급을 받고 있다. 영국 매체 '트라이벌 풋볼'은 26일(한국시간) ""실바가 도르트문트에 합류한 지 고작 6개월 만에 1월 이적을 추진하고 있다""고 보도했다. 이어 ""실바는 지난여름 약 1,750만 파운드(약 336억 원)의 이적료로 울버햄프턴을 떠나 보루시아 도르트문트에 합류했지만, 현재까지 리그에서 단 30분만을 소화하는 데 그쳤다""며 그가 이적을 추진하려는 이유를 밝혔다. 실바는 지난 시즌 라스 팔마스 임대를 통해 24경기 10골 3도움을 올리며 완벽 부활을 알리는 듯했다. 그러나 도르트문트에서는 또다시 경쟁에서 밀려나고 말았다.  울버햄튼은 2020/21시즌 개막을 앞두고 포르투갈 최고의 신성으로 꼽히던 실바를 무려 3,500만 파운드(약 672억 원)에 영입했다. 10대 선수에게는 이례적인 거액이었고 구단의 기대치를 그대로 보여주는 투자였다. 하지만 실바는 데뷔 시즌 피지컬 문제와 적응 난항으로 36경기 3골에 그쳤고, 2년 차에는 26경기 무득점이라는 더 큰 부진에 빠졌다. 영국 '버밍엄월드'는 그를 두고 ""울버햄튼의 실패작""이라 혹평하기도 했다. 이런 상황에서 2021/22시즌 황희찬이 합류하면서 공격진 경쟁에서 완전히 밀린 실바는 결국 임대 생활을 반복하게 됐다. 여러 차례 임대를 거친 그는 2023/24시즌 울버햄튼으로 복귀했지만 마테우스 쿠냐, 황희찬, 페드로 네투 등 쟁쟁한 자원들에 밀려 다시 자리를 잃었고 곧바로 레인저스로 임대를 떠났다. 그리고 2024/25시즌 이번엔 스페인의 라스 팔마스로 임대를 떠난 실바는 라리가에서 두 자릿수 득점을 기록하며 완벽한 부활을 알렸다. 이 활약을 바탕으로 지난여름 독일 명문 도르트문트의 부름을 받았다. 하지만 세루 기라시라는 부동의 주전을 넘지 못한 채 벤치 신세를 이어가고 있다. 보도에 따르면 실바는 오는 2026 북중미 월드컵에서 포르투갈 대표팀 발탁을 노리고 있다. 이를 위해 2025년 1월, 즉시 주전으로 뛸 수 있는 팀으로의 이적 또는 임대를 적극 검토 중인 것으로 알려졌다. 사진= 게티이미지코리아 ",https://v.daum.net/v/4JM8ZbTsR7,스포탈코리아,2025.11.26 09:45
"""전적으로 제 책임입니다""…'대규모 로테이션→홈에서 0-2 완패' 과르디올라 ""비판 받아들여야 해""","[인터풋볼=주대은 기자] 대규모 로테이션을 택했으나 패배한 맨체스터 시티 펩 과르디올라 감독이 자신의 책임이라고 밝혔다. 맨시티는 26일 오전 5시(한국시간) 영국 맨체스터에 위치한 에티하드 스타디움에서 열린 2025-26시즌 럽축구연맹(UEFA) 챔피언스리그(UCL) 리그 페이즈 5차전에서 레버쿠젠에 0-2로 패배했다. 이날 맨시티는 대거 로테이션을 가동했다. 사비우, 마르무시, 보브, 라인더르스, 곤살레스, 루이스, 아야트 누리, 아케, 스톤스, 후사노프, 트래포드가 선발 출전했다. 직전 경기였던 뉴캐슬 유나이티드전과 비교해 무려 10명의 선수가 바뀌었다. 경기 초반 맨시티가 적극적으로 공격했으나 오히려 레버쿠젠이 선제골을 넣었다. 전반 23분 그리말도가 코파네의 패스를 받아 득점했다. 맨시티가 반격에 나섰으나 세밀함이 떨어지며 득점에 실패했다. 전반전은 레버쿠젠이 1-0으로 앞선 채 끝났다. 후반전 들어 맨시티가 도쿠, 오라일리, 포든을 넣으며 변화를 시도했다. 그러나 레버쿠젠이 격차를 벌렸다. 후반 8분 역습 상황에서 시크가 마자의 크로스를 헤더로 연결하며 추가골에 성공했다. 급해진 맨시티는 홀란, 셰르키를 투입했으나 반전은 없었다. 레버쿠젠의 승리로 경기가 끝났다. 경기 후 맨시티 과르디올라 감독은 ""난 비판을 받아들여야 한다""라며 ""(로테이션은) 우리가 이겼다면 문제가 되지 않았겠지만 아마 너무 많았던 것 같다. 난 항상 긴 시즌이라는 믿음을 가지고 있었고, 모든 선수가 참여해야 한다고 생각한다""라고 설명했다. 이어서 ""하지만 아마 너무 많았던 것 같다. 선수들은 우리가 해야 할 일을 하는 대신 실수하지 않으려고만 했다. 우리가 예상했던 퍼포먼스가 아니었다. 전적으로 내 책임이다. 우리는 무언가를 놓쳤다. 믿기 어려울 만큼 기회를 놓쳤다. 다음 경기에서 싸워야 한다""라고 더했다. 과르디올라 감독은 ""선수들은 해내려고 노력했다. 하지만 큰 팀에 있다면 돋보여야 한다. 벤치에서 들어온 선수까지 모두 같았다. 모든 슈팅이 막히고 열 번은 미끄러졌다""라며 ""난 모두를 참여시키려고 한다. A매치 휴식기 이후 3~4일마다 경기가 있다. 누구도 그걸 버틸 수 없다""라고 말했다.",https://v.daum.net/v/Z3qGC1Dgpe,인터풋볼,2025.11.26 09:45
"""득점왕 만들어 줄게"" 역대급 듀오였는데...'손흥민과 우승 도전 실패' 부앙가 심경 고백 ""너무 실망스러워""","[포포투=김아인] 드니 부앙가가 MSL 우승이 좌절된 후 심정을 고백했다. 부앙가는 26일(한국시간) 자신의 SNS를 통해 “실망은 분명하다. 숨길 수가 없다... 우리는 이 경기를 원했고, 더 많은 것을 보여주고 싶었지만 오늘은 모든 것이 우리 편으로 흘러가지 않았다. 패배를 받아들이는 건 언제나 쉽지 않다. 특히 우리가 어떤 팀인지, 무엇을 해낼 수 있는지 잘 알고 있을 때는 더 그렇다”고 속마음을 꺼냈다. 이어 “하지만 좌절 속에서도 우리는 고개를 든다. 배우고, 성장하고, 더 강하게 돌아온다. 왜냐하면 한 번의 패배가 팀을 정의하는 법은 없다. 그건 다음 반등을 준비시키는 것일 뿐이니까”고 다짐을 남겼다. 부앙가와 LAFC는 지난 23일 2025시즌 미국 메이저리그 사커(MLS) 플레이오프 서부 컨퍼런스 준결승전에서 벤쿠버 화이트캡스와 2-2로 무승부를 거뒀다. 승부차기 접전 끝에 LAFC가 3-4로 패했고, 결승 진출이 무산됐다. 단판으로 승부가 결정되는 만큼 경기 양상은 초반부터 팽팽했다. 벤쿠버가 전반에만 두 골을 몰아넣으며 주도권을 잡았고, LAFC는 후반 15분 손흥민의 만회골로 반격을 시작했다. 경기 막판 벤쿠버 선수 한 명이 퇴장을 당하면서 LAFC는 프리킥 기회를 얻었고, 손흥민이 이를 아름다운 궤적으로 꽂아 넣어 경기를 연장으로 끌고 갔다. 그러나 모든 승부는 결국 승부차기에서 갈렸다. 첫 키커로 나선 손흥민의 슈팅이 골대를 맞고 나오며 흐름이 끊겼고, LAFC는 결국 3-4로 무릎을 꿇었다. 눈앞에서 무산된 우승 도전은 다음으로 미루게 됐다. 부앙가에게 의미 있는 시즌이었다. LAFC에서 공격을 책임지던 그는 지난 여름 손흥민이 합류하면서 엄청난 시너지 효과를 맛보기 시작했다. '흥부 듀오'로 떠오른 두 사람은 정규 리그를 치르는 동안 LAFC에서 18골을 합작하며 최고의 듀오로 떠올랐고, 부앙가는 31경기에서 24골 9도움으로 MLS 베스트 11에 선정됐다. 나란히 플레이오프 진출을 이끌었지만, 결승에 오르지 못하고 다음을 기약하게 됐다. 두 사람은 서로를 위하는 모습으로 훈훈한 케미를 연출하곤 했다. LAFC 경기를 치르면서 이타적인 플레이를 자주 펼쳤고, 슈팅 기회도 양보하곤 했다. 손흥민이 직접 부앙가에게 “네가 더 많은 골을 넣게 해줄게”라고 했고, 멀티골을 터뜨리고도 부앙가에게 페널티킥을 양보하며 해트트릭 기회를 내려놓기도 했다. 또한 “내 제스처랑 표정 때문에 네가 패스한 거 알아. 특히 오늘은 넌 슈팅해야 했어. 널 탓하진 않아. 사랑해 내 친구야, 진심으로 축하해!”라고 말하기도 했다. 김아인 기자 iny421@fourfourtwo.co.kr ⓒ 포포투(https://www.fourfourtwo.co.kr) 무단전재 및 재배포금지",https://v.daum.net/v/t2Xd4oB3RR,포포투,2025.11.26 09:45
"첼시, '아라우호 퇴장' 바르셀로나 3-0 완파… 맨시티는 레버쿠젠에 패배","[스포츠한국 심규현 기자] 첼시가 FC바르셀로나를 상대로 3-0 완승을 거뒀다. 맨체스터 시티는 분데스리가 레버쿠젠에 발목이 잡혔다.  첼시는 26일(한국시간) 영국 런던의 스탬퍼드 브리지에서 열린 2025~2026 유럽축구연맹(UEFA) 챔피언스리그(UCL) 리그 페이즈 바르셀로나와의 5차전에서 3-0으로 승리했다. 첼시는 이날 경기 승리로 3승1무1패를 기록, 승점 10으로 5위에 올라섰다. 바르셀로나는 15위에 머물렀다. 이번 리그 페이즈에서 8위 이상을 기록한 팀은 8강에 직행하며 9~24위는 플레이오프를 거쳐 16강에 오른다. 전반 27분, 첼시가 바르셀로나 쿤데의 자책골로 먼저 웃었다. 설상가상 전반 44분, 로날드 아라우호가 경고 누적으로 퇴장당하면서 첼시는 수적 우위까지 점했다. 첼시는 후반전, 10명의 바르셀로나를 상대로 맹공을 퍼부였다. 결국 후반 10분, 이스테방 윌리앙, 후반 28분 리엄 델랍의 쐐기골로 3-0 승리를 확정했다. 축구 통계사이트 풋몹에 따르면 리스 제임스가 평점 8.3으로 양 팀 합계 최고 평점을 받았다. 바르셀로나의 핵심인 라민 야말은 평점 7.5를 받았으나 크게 도드라지는 활약을 펼치지는 못했다.  한편 레버쿠젠은 영국 맨체스터 이티하드스타디움에서 열린 맨체스터 시티와의 원정경기에서 2-0으로 승리했다. 맨시티는 이날 패배로 UEFA 챔피언스리그 조별리그 홈 23경기 연속 무패 행진을 마감했다. 맨체스터 시티는 이날 무려 19개의 슈팅을 퍼부었지만 단 하나의 득점도 생산하지 못했다. 레버쿠젠은 전반 23분 그리말도, 후반 9분 쉬크의 추가골로 웃었다. 이날 경기 최고 평점은 선방쇼를 보여준 레버쿠젠 골키퍼 패트릭 쉬크였다. 스포츠한국 심규현 기자 simtong96@hankooki.com",https://v.daum.net/v/6r0VuP1ylA,스포츠한국,2025.11.26 09:44
“토트넘은 공격도 수비도 잘한다” 흐비차 칭찬에…팬들 황당 “북런던 더비 안 봤나 봐”,"[포포투=박진우] 흐비차 크바라츠헬리아의 발언에 팬들이 의문 부호를 붙였다. 파리 생제르맹(PSG)은 27일 오전 5시(한국시간) 프랑스 파리에 위치한 파르크 데 프랭스에서 열리는 2025-26시즌 유럽축구연맹(UEFA) 챔피언스리그(UCL) 리그 페이즈 5차전에서 토트넘 홋스퍼를 상대한다. 현재 PSG는 3승 1무로 7위, 토트넘은 2승 2무로 12위에 위치해 있다. 지난 8월 열렸던 경기 이후로 다시 한 번 토트넘을 맞이하는 PSG다. PSG와 토트넘은 각각 챔피언스리그, 유로파리그 우승팀 자격으로 UEFA 슈퍼컵에서 맞붙었다. 당시 PSG는 후반 40분까지 0-2로 뒤지고 있었는데, 이강인의 추격골을 시작으로 후반 막바지 균형을 맞추며 승부차기에서 승리했다. 당시 좋은 기억을 가지고 있는 PSG지만, 긴장의 고삐를 풀지 않았다. 사전 기자회견에 참석한 흐비차는 “토트넘과의 큰 경기를 앞두고 있다. UCL은 항상 특별하다. 이미 이번 시즌 슈퍼컵에서 한 번 맞붙었는데, 그때도 어려운 경기였지만 우리가 이겼다. 하지만 내일은 또 다르다. 대회도 다르고, 준비도 잘 됐고, 팀 컨디션도 좋아서 기대하고 있다”고 말했다. 그러면서도 “토트넘은 공격도 수비도 잘한다. 쉽지 않을 것이다. 정말 힘든 경기가 예상된다. 하지만 우리는 컨디션이 좋고, 준비가 잘 되어 있다”며 토트넘의 전력을 높게 평가했다. 실질적으로 PSG의 우세를 예상하는 이들이 많지만, 흐비차는 방심하면 안 된다고 강조한 것. 다만 “토트넘은 공격도 수비도 잘한다”는 흐비차의 발언에 많은 팬들이 의문을 표했다. 최근 토트넘의 경기력이 형편 없었기 때문. 지난 24일 열린 아스널과의 ‘북런던 더비’가 최악이었다. 토트넘은 경기 내내 이렇다 할 공격 기회 한 번 잡지 못한 채, 아스널의 일방적인 공세에 끌려 다녔다. 결국 돌아온 건 1-4 완패. 공격도, 수비도 최악이었다. 영국 ‘골닷컴’은 팬들의 반응을 전했다. 팬들은 SNS를 통해 “도대체 뭘 보고 그런 말을 한 것인가?”, “프리미어리그 경기 안 본 게 분명하다…저 팀은 그냥 웃음거리다”, “나랑 같은 토트넘을 보고 있는 게 맞나?”라고 반응했다. 한 토트넘 팬마저 “우리 공격은 솔직히 존재도 하지 않는다. 선수 절반은 볼 컨트롤도 제대로 못 한다. PSG에게는 그냥 훈련 경기 수준일 것이다. 골키퍼는 데크 체어 갖다 놓고 발 올리고 있어도 되겠다”며 흐비차의 발언을 반박했다. 박진우 기자 jjnoow@fourfourtwo.co.kr ⓒ 포포투(https://www.fourfourtwo.co.kr) 무단전재 및 재배포금지",https://v.daum.net/v/F7m2TpOcnj,포포투,2025.11.26 09:38
"'배준호 2호 도움' 스토크, 찰튼전 3-0 대승… EFL 2위로 '껑충'","스토크 시티가 찰튼을 꺾고 잉글랜드 챔피언십(EFL·2부 리그) 2위로 도약했다. 스토크는 26일(한국시각) 영국 스토크 벳365스타디움에서 열린 찰튼과의 2025-26시즌 EFL 17라운드 홈경기에서 3-0 완승을 거뒀다. 공격형 미드필더로 선발 출전한 배준호는 시즌 2호 도움을 올리며 팀 승리를 이끌었다. 스토크는 9승 3무 5패(승점 30점)로 리그 2위에 올랐다. 스토크는 전반 3분 행운의 득점으로 앞서나갔다. 측면에서 공을 잡은 소르바 토마스는 크로스를 올리려는 듯 공을 페널티박스로 보냈다. 하지만 이 공은 골대로 향했고 골키퍼 키를 넘기며 골망을 흔들었다. 전반 5분 곧바로 추가골이 나왔다. 스토크의 골킥으로 시작한 공격은 토마스, 밀러언 마누프로 연결됐다. 마누프는 침착하게 수비수 한 명을 제친 후 왼발로 마무리해 두 번째 골을 터트렸다. 전반 34분 역습 상황에선 또한번 행운의 득점이 터졌다. 공을 몰고 가던 배준호는 왼쪽 측면에 빠져있던 토마스에게 공을 넘겨줬다. 토마스는 선제골과 마찬가지로 페널티박스 안으로 크로스를 때렸다. 그러나 찰튼 골키퍼가 순간적으로 공을 놓쳤고 득점으로 연결됐다. 일찌감치 3-0을 만든 스토크는 큰 위기 없이 경기를 마무리했다. 배준호는 이날 풀타임 활약하며 패스 성공률 91%(32회 중 29회 성공), 기회 창출 3회 등 좋은 모습을 보였다. 배준호는 올시즌 리그 17경기(선발 12경기) 1골 2도움을 기록 중이다. 만약 지금의 상승세를 유지해 2위를 지킬 경우 스토크는 EPL 승격이 그대로 확정된다. EFL은 상위 1·2위 팀에게 1부 다이렉트 승격, 3~6위 중 한 팀은 승강 플레이오프(PO)를 통해 1부로 올라간다. 최진원 기자 chjo0630@mt.co.kr",https://v.daum.net/v/1k8gKdUZ15,머니S,2025.11.26 09:35
"""여자 선수들의 71%, 월드컵 상금의 공정한 배분 원해""...FIFPRO 총회 참석한 선수협, 女 축구, 열악한 현실 확인, ""한국에도 시사하는 바가 크다""","[SPORTALKOREA] 박윤서 기자= 국제축구선수협회(이하 FIFPRO)가 창립 60주년 총회에서 남녀 축구간의 현실적 격차를 진단하고, 2025년 핵심 정책 로드맵을 발표했다. 사단법인 한국프로축구선수협회(이하 선수협)도 포르투갈 리스본에서 열린 '2025 FIFPRO 총회'에 참석했다. 선수협 김훈기 사무총장은 현지에서 논의된 남녀 축구 관련 주요 정책 의제를 소개했다. FIFPRO는 남자 축구 분야에서 '선수의 노동자성'을 다시 강조했다. 선수를 단순한 운동선수가 아닌 '노동자'로 인정받게 한 지미 힐(Jimmy Hill)의 업적을 재조명하며, 선수의 법적 권리 보호를 최우선 과제로 꼽았다. 특히 축구 이적시장의 판도를 바꾼 '장 마르크 보스만 판결'과 최근 FIFA의 이적 규정에 제동을 건 '라사나 디아라 판결'을 언급하며, 앞으로도 선수들의 커리어 보호와 법적 지위 향상을 위해 싸울 것임을 밝혔다. 또한, ▲ 선수 중심의 연구 데이터 확보▲ 후원 의존도를 낮추기 위해 연맹 자체 사업 확대 및 재정적 독립 추진 ▲ 축구 이해관계자들과의 수평적 관계 확립 등을 통해 선수들의 목소리가 실제 정책에 반영될 수 있는 구조를 만들겠다는 계획을 밝혔다. FIFPRO는 여자 축구 분야도 많은 신경을 쓰고 있다. 여전히 열악한 여자 축구 선수들의 처우와 환경 문제가 집중적으로 논의됐다. FIFPRO는 ""남자 축구와 달리 여자 축구는 국가·지역별로 노동 환경이 천차만별""이라며 ""유럽 챔피언스리그 선수들과 제 3세계 선수들간의 격차를 줄이는 것이 시급하다""고 강조했다. 이와 관련하여 총회에서 공개된 데이터는 충격적이었다. 최근 프로 계약이 늘어나고 있음에도 불구하고, 전체 여자 선수의 34%는 여전히 월 5,000달러(약 690만 원) 이하의 급여를 받고 있는 것으로 나타났다. 의료 지원과 심리적 지원 문제는 더 심각했다. 대회 참가 전 기본적인 메디컬 테스트조차 받지 못한 선수가 39%에 달했으며, 심리적 지원을 받지 못하는 비율도 27%나 됐다. 이에 FIFPRO는 여자 선수들에게 가장 큰 부상 위험으로 꼽히는 '전방십자인대(ACL) 부상 예방 프로젝트'를 연장하기로 결정했고, 2026년 발간을 목표로 '여자 선수 노동자 권리 보고서' 작성에 착수했다. 또한 FIFPRO는 2025년 열리는 대륙별 대회(UEFA, CONMEBOL, CAF 등)에 참가하는 선수들을 대상으로 환경 개선 여부를 추적 조사할 예정이다. 현장에서 총회에 참석한 김훈기 사무총장은 ""여자 선수들의 71%가 월드컵 상금의 공정한 배분을 원하고, 58%가 자국 리그의 프로화를 요구한다는 설문 결과는 한국 여자축구(WK리그)에도 시사하는 바가 크다""고 설명했다. 이어 김 총장은 ""특히 최근 국내에서도 언급된 여자 선수들의 열악한 의료 지원 실태가 전 세계적인 문제임이 확인됐다. 한국 선수들이 더 안전하고 공정한 환경에서 뛸 수 있도록 제도 개선을 이끌어내겠다""고 강조했다. 선수협은 여자 축구 선수들의 처우 개선을 위해 지속적으로 노력해왔으며, 앞으로도 축구 협회, 연맹 등과의 대화를 통해 선수들이 보다 안전하고 공정한 환경에서 뛸 수 있도록 제도 개선을 이끌어갈 예정이다. 사진=한국프로축구선수협회",https://v.daum.net/v/XoWWNhJ6es,스포탈코리아,2025.11.26 09:34
"'팔꿈치 퇴장' 호날두, 월드컵 정상 출전 가능→FIFA, 2경기 출전 정지 '집행유예' 결정...배후에 트럼프?","[스포츠조선 박찬준 기자]크리스티아누 호날두(40·알 나스르)가 2026년 북중미월드컵 본선 무대를 누빌 수 있게 됐다. 국제축구연맹(FIFA)은 대회 흥행을 위해 특혜를 줬다는 의심의 눈초리를 받고 있다. 26일(한국시각) 복수의 매체는 'FIFA가 호날두에게 3경기 출전 정지 처분을 내렸지만, 이 중 2경기에 대해서는 집행유예 선고를 내렸다'고 보도했다. 향후 1년의 '보호 관찰 기간' 동안 비슷한 행위가 되풀이 될 경우, 2경기 출전 정지가 적용된다. 호날두는 이미 한차례 A매치를 결장한만큼, 향후 경기부터는 정상적인 출전이 가능하다. 월드컵 본선 출전도 문제가 없다. 호날두는 14일 아일랜드 더블린의 아비바 스타디움에서 열린 아일랜드와의 2026년 북중미월드컵 유럽예선 F조 5차전(0대2 포르투갈 패)에 선발 출전해, 후반 16분 퇴장 당했다. 아일랜드 수비수 다라 오세이와 몸싸움 과정에서 팔꿈치를 휘두르는 과격한 반칙으로 다이렉트 퇴장을 당했다. 추격 의지에 찬물을 끼얹는 행동이었다. 호날두가 A매치 226경기에서 퇴장한 건 이날이 처음이다. 그는 야유와 조롱을 퍼붓는 아일랜드 홈팬을 향해 두 손을 얼굴에 갖다대며 우는 시늉을 했고, 박수로 반격했다. 라커룸으로 향하기 전 하이마르 할그림손 아일랜드 감독을 향해 '당신이 (기자회견에서)심판을 압박해서 내가 퇴장을 당한 것'이라고 쏘아붙였다. 경기 전날부터 스토리가 있었다. 할그림손 감독은 사전 기자회견에서 지난달 포르투갈과의 경기에서 0대1로 패한 뒤 심판이 호날두에게 ""조종당했다""라고 주장하며, 이날 심판은 호날두의 영향력에 휘둘려선 안된다고 말했다. 이에 호날두는 비꼬는 투로 ""착한 소년""이 되겠다고 답했다. 하지만 호날두는 착한 소년이 되지 못하며, 퇴장이라는 불명예를 썼다. 로베르토 마르티네스 포르투갈 감독은 호날두를 옹호했지만, 포르투갈 언론조차 '호날두의 행동은 유감스러웠다'며 비판의 목소리를 냈다. 눈길은 징계에 모아졌다. FIFA 규정에 따르면 레드카드를 받은 경우 최소 두 경기에 나서지 못한다. 폭력 행위 등에 대해선 최소 세 경기 이상 출전 금지일 수도 있다. 이는 FIFA 경기에만 적용되지 친선경기에는 해당되지 않는만큼, '호날두가 조별리그에 나설 수 없을 것'이라는 전망이 쏟아졌다. 호날두가 이미 공식적으로 ""2026년이 마지막 월드컵이 될 것""이라고 밝힌만큼, FIFA 징계에 따라 그의 6번째 월드컵이자 마지막 월드컵이 물거품이 될 수도 있었다. 포르투갈은 아르메니아와의 최종전에서 호날두 없이 9대1 대승을 거두며 본선행을 확정지었다. 하지만 FIFA는 호날두의 손을 들어줬다. 이례적인 '집행유예' 카드를 꺼내들었다. 호날두라는 최고의 흥행 카드를 의식한 조치라는 것이다. 특히 일주일전 호날두와 도널드 트럼프 미국 대통령과의 만남이 이번 특혜의 결정적 영향을 미쳤다는 분석이 이어지고 있다. 당시 호날두는 트럼프 대통령과 오찬을 함께 했고, 트럼프 대통령은 호날두에게 황금 열쇠까지 선물하는 등 극진한 환대를 했다. 개최국 미국의 상황과 흥행 요소를 감안, FIFA가 정치적 결정을 내렸다는 의혹이 이어지고 있다. 잔니 인판티노 FIFA 회장은 최근 2년 동안 트럼프 대통령에게 과할 정도로 호의를 보인 바 있다. FIFA는 결국 '호날두가 A매치 226경기 만에 처음으로 레드카드를 받았고, 해당 반칙을 중대한 폭력으로 보기 어렵다'는 이유로 호날두의 월드컵 출전길을 열어줬다. FIFA의 이례적 결정에 비판의 목소리가 쏟아지고 있다. 스카이스포츠는 '이번 결정은 전례 없는 비정상적 조차'라며 '호날두의 수많은 팬들은 자신들의 슈퍼스타가 남들과 다른 대우를 받는 것을 좋아하는 것 같다'고 꼬집었고, 디어슬레틱은 '전례도, 논리도, 일관성 없는 결정'이라며 '명백한 폭력행위에 대한 징계를 오로지 스타 선수를 위해 예외로 만든 사례'라고 비판했다. 박찬준 기자 vanbasten@sportschosun.com",https://v.daum.net/v/FUFofpOcz9,스포츠조선,2025.11.26 09:33
"3골 취소! 근데 3-0? 무자비한 첼시, ‘아라우호 퇴장’ 바르샤 완전히 끝장냈다…챔스 3번째 승리 신고 [챔피언스리그]","무려 3골이나 취소됐다. 그런데도 3-0이다. 첼시는 26일(한국시간) 영국 런던의 스탬포드 브리지에서 열린 바르셀로나와의 2025-26 UEFA 챔피언스리그 리그 페이즈 5라운드 홈 경기에서 3-0 완승했다. 첼시는 이날 3골이 취소됐다. 페르난데스의 멀티골이 사라졌고 산투스의 득점도 취소됐다. 그러나 바르셀로나를 상대로 3골을 더 넣으며 말 그대로 완승을 거뒀다. 이로써 챔피언스리그 3번째 승리를 거둔 첼시, 5위로 올라섰다. 반면 바르셀로나는 아라우호의 어리석은 퇴장 후 완전히 무너졌다. 최근 4경기 1승 1무 2패를 기록, 웃지 못했다. 첼시는 골키퍼 산체스를 시작으로 귀스토-포파나-찰로바-쿠쿠레야-제임스-카이세도-이스테방-페르난데스-가르나초-네투가 선발 출전했다. 바르셀로나는 골키퍼 가르시아를 시작으로 발데-쿠바르시-아라우호-쿤데-더용-데릭-토레스-페르민-야말-레반도프스키가 선발 출전했다. 첼시는 전반 4분 페르난데스가 선제골을 터뜨렸다. 그러나 포파나의 크로스 상황에서 핸드볼 반칙, 취소됐다. 2분 뒤 바르셀로나의 압박 수비 성공, 토레스가 완벽한 찬스를 얻었지만 슈팅은 골문 옆으로 지나갔다. 전반 22분 이스테방의 프리킥, 페르난데스의 헤더골마저 취소됐다. 침투 과정에서 오프사이드, 벌써 2골을 놓친 첼시였다. 그러나 전반 27분 코너킥 상황에서 쿠쿠레야의 크로스, 네투의 슈팅이 쿤데를 맞고 들어가며 1-0 리드했다. 전반 44분에도 호재가 있었다. 이미 판정 항의로 경고를 받은 아라우호가 쿠쿠레야를 막는 과정에서 또 한 번 경고, 퇴장당했다. 첼시는 수적 우위를 가진 후반부터 바르셀로나를 더 거칠게 몰아붙였다. 후반 51분 페르난데스의 킬 패스, 가르나초의 크로스를 산투스가 마무리했다. 하나, 이마저도 가르나초의 오프사이드로 취소됐다. 그러나 후반 55분 이스테방이 멋진 드리블 이후 슈팅, 바르셀로나 골문을 열며 2-0 추가 득점했다. 후반 70분에는 네투가 과거 베일급 스피드와 드리블을 자랑했으나 가르시아의 선방에 막혔다. 첼시는 후반 73분 네투의 킬 패스, 페르난데스의 크로스를 델랍이 마무리했다. 처음에는 오프사이드 판정을 받았으나 VAR 판독 후 득점 인정, 3-0으로 바르셀로나를 끝냈다. [민준구 MK스포츠 기자] [ⓒ MK스포츠, 무단전재 및 재배포 금지]",https://v.daum.net/v/3LQPUYNdeD,MK스포츠,2025.11.26 09:33
"""나 60살인데 내 평생 토트넘이 PL에서 우승한 적 없어""…'역대급' 손흥민 칭찬에 냉정 평가 등장","[인터풋볼=주대은 기자] 손흥민, 해리 케인, 가레스 베일이 역대 프리미어리그 최고의 공격진이고, 아스널 역대 공격진보다 낫다는 주장이 나왔다. 그런데 이를 두고 토트넘 홋스퍼가 리그 우승을 차지한 적이 없는데 어떻게 최고냐는 반박이 따라왔다. 영국 '토크스포츠'는 24일(한국시간) ""케인, 베일, 손흥민이 아스널 역대 공격진보다 나을까? 토트넘 전 선수 제이미 오하라의 주장에 제이슨 컨디가 충격을 받았다""라고 보도했다. 매체에 따르면 지난 북런던 더비를 앞두고 나온 오하라의 주장이 화제다. 그는 손흥민, 케인, 베일이 아스널이 구상할 수 있는 공격진보다 낫다고 이야기했다. 세 선수는 토트넘에서 프리미어리그 도합 393골을 기록했다. 오하라는 ""내가 보기에 토트넘이 아스널보다 프리미어리그 역사상 더 나은 공격 트리오를 가지고 있다고 생각한다""라고 말했다. 과거 첼시에서 뛰었던 컨디는 ""또 시작이다""라며 ""오늘 완전히 들떠 있다""라고 답했다. 오하라는 ""내가 말하는 건 전성기 기준 손흥민, 케인 베일이다. 프리미어리그 역사상 최고의 공격 트리오다. 손흥민, 케인, 베일이 아스널보다 낫다. 아스널 선수 누가 와도 되지만, 내가 보기엔 그 트리오가 아스널 역대 공격 트리오보다 낫다""라고 강조했다. 이어서 ""아스널 팬들은 '티에리 앙리'라고 하고, 데니스 베르캄프를 이야기한다. 하지만 베르캄프는 10번이다. 물론 앙리는 들어가야 한다""라고 더했다. 이에 컨디가 부카요 사카를 언급했으나, 오하라는 ""베일이 사카보다 낫다""라고 반박했다. 이를 들은 아스널 팬 피어스 모건은 ""앙리, 베르캄프, 피레스. 아주 간단하다. 아스널 최고 트리오와 토트넘의 트리오 차이가 뭔가? 난 60살이고, 토트넘은 내 평생 프리미어리그에서 우승한 적이 없다""라고 말했다. 그러면서 ""아스널은? 그 세 명의 공격진으로 프리미어리그에서 단 한 번도 패하지 않고 시즌을 마쳤다. 어떤 팀도 해낸 적 없는 기록이다. 통계적으로도 잉글랜드 축구 역사상 최고 트리오가 아스널에 있었다는 건 논쟁의 여지가 없다""라고 덧붙였다.",https://v.daum.net/v/udiuywPK72,인터풋볼,2025.11.26 09:30
"'홈 5G 무패' 천적 본능 발휘한 첼시, '야말 침묵·아라우호 퇴장' 바르셀로나 3-0 완파","[풋볼리스트] 김진혁 기자= 첼시가 바르셀로나를 상대로 천적 본능을 발휘했다. 26일(한국시간) 영국 런던의 스탬퍼드 브리지에서 2025-2026 유럽축구연맹(UEFA) 챔피언스리그(UCL) 리그 페이즈 5라운드를 치른 첼시가 바르셀로나를 3-0으로 제압했다. 이로써 첼시는 홈에서 바르셀로나 상대 5경기 무패를 달렸다. 순위도 5위로 끌어올렸다. 첼시가 홈에서 바르셀로나를 완벽 제압했다. 역사적으로 바르셀로나에 강한 모습인 첼시는 최근 5번 맞대결에서 1승 3무 1패로 팽팽하지만, 홈 성적만으로 좁히면 6경기 3승 2무 1패로 우세다. 이날 경기에서도 경기 초반부터 우위를 점한 첼시가 바르셀로나를 무너뜨리며 맞대결 전적에 1승을 추가했다. 첼시가 이른 시간부터 앞서갈 뻔했다. 전반 4분 알레한드로 가르나초가 오른쪽에서 올려준 크로스를 웨슬리 포파나가 문전에서 가슴으로 받았다. 터치가 다소 길었지만, 엔드라인에서 컷백으로 이었고 이를 엔조 페르난데스가 밀어 넣었는데 포파나의 핸드볼이 선언돼 취소됐다. 바르셀로나의 공격을 막아낸 첼시가 다시 한번 골문을 위협했다. 전반 22분 이스테방의 프리킥이 조안 가르시아 앞 애매한 공간에 떨어졌고 바운드된 공을 문전 오른쪽에서 쇄도한 페르난데스가 또다시 밀어 넣었는데 이번엔 오프사이드가 선언됐다. 첼시가 세 번째로 두드린 끝에 선제 득점을 올렸다. 전반 27분 가르나초의 전진 패스를 받은 마르크 쿠쿠레야가 오른쪽 하프스페이스를 점유했고 이내 문전으로 보낸 패스를 주앙 페드루가 뒷꿈치로 슈팅했다. 페란 토레스가 골라인 앞에서 공을 막았지만, 쥘 쿤데가 몸을 돌리는 과정에서 공을 골대로 밀어 넣으며 자책골이 됐다. 전반 막판에는 바르셀로나의 퇴장을 유도했다. 전반 44분 왼쪽 측면에서 쿠쿠레야가 페르난데스와 원투 패스를 주고 받은 뒤 뒷공간으로 침투했다. 로날드 아라우호가 쿠쿠레야의 동선을 막는 과정에서 파울을 범했고 주심은 곧장 경고 누적 레드카드를 꺼내 들었다. 전반 내내 밀리는 양상에서 수비수 한 명까지 잃은 바르셀로나의 패색이 짙어졌다. 첼시는 후반전부터 고삐를 강하게 당겼다. 후반 6분 왼쪽 하프스페이스에서 전진 패스를 받은 가르나초가 쿤데를 제친 후 박스 안에 자리한 안드레이 산투스에서 연결했다. 산투스가 원터치 슈팅으로 골망을 흔들었는데 가르나초의 오프사이드가 지적돼 취소됐다. 1점 차 흐름을 끝낸 건 첼시의 초신성 이스테방이었다. 후반 10분 오른쪽 하프스페이스에서 공을 잡은 이스테방이 파우 쿠바르시를 완벽히 제쳐낸 뒤 문전 오른쪽에서 골문 상단을 노린 강슛을 때렸다. 이스테방의 슈팅은 호쾌하게 골망을 출렁였다. 첼시가 방점을 찍었다. 후반 28분 네투의 패스를 받은 페르난데스가 문전 찬스에서 슈팅보다 반대편에 있는 리암 델랍에게 패스를 선택했다. 델랍이 깔끔하게 차 넣었다. 바르셀로나 수비진은 절체절명 상황에서 오프사이드 트랩을 구사했는데 네투의 완벽한 침투 타이밍에 당했다. 이날 승리로 첼시는 승점 10점을 확보하며 리그 페이즈 5위로 도약했다. 무득점 패배한 바르셀로나는 7점을 유지하며 15위로 내려앉았다. 사진= 게티이미지코리아",https://v.daum.net/v/yhKAQqSrC2,풋볼리스트,2025.11.26 09:30
"LA가 선택한 손흥민, 美 스포츠 아이콘 떴다!…'시구 절친' 스넬까지 찰칵 세리머니 [손흥민 MLS 결산③]","[스포티비뉴스=조용운 기자] 손흥민(33, 로스앤젤레스FC)이 미국 무대에서 확실한 존재감을 남겼다. 단순히 골을 보장하는 선수를 넘어 LA 전체를 흔드는 대형 스타로 우뚝 섰다. 손흥민은 미국프로축구 메이저리그사커(MLS) 데뷔와 동시에 도시의 스포츠 생태계 중심으로 자리잡았다. 대형 마켓 LA의 팬덤과 문화까지 손흥민 중심으로 재정비되는 움직임이 심심찮게 엿보이면서 MLS를 뛰어 넘은 도시의 새로운 슈퍼스타라는 평가를 받고 있다. 손흥민의 첫 시즌 활약은 눈에 띄게 수치로도 드러났다. 데뷔골이자 MLS 올해의 골에 선정된 FC댈러스전 프리킥 골, 산호세 원정에서 킥오프 52초 만에 터진 득점 등 입단 초기부터 존재감을 알렸다. 이를 시작으로 정규리그 및 플레이오프 포함 13경기에서 12골 3도움을 기록하며 경기당 공격포인트를 하나씩은 기록하는 힘을 발휘했다. 단순히 팀 최고를 넘어 리그 레벨을 넘어선 퍼포먼스로 평가받기 충분하다. 손흥민 효과는 경기장 안팎에서 폭넓게 나타났다. LA 레이커스(농구), LA 다저스(야구), LA 램스(미식축구) 등 연고 팀들은 손흥민을 초청했고, 다저스타디움과 소파이 스타디움 같은 무대에서 'SON'이 울려퍼졌다. 팬들은 유니폼 사인과 셀피 요청으로 몰렸고, 미국 스포츠 스타들과도 자연스럽게 교류가 형성됐다. 단숨에 LA가 받아들인 슈퍼스타로 새겨졌다. 특히 메이저리그(MLB) 스타들과의 교류는 손흥민의 위상을 단적으로 보여준다. LA 다저스 내야수 김혜성과 사이영상 2회 수상자 블레이크 스넬이 직접 LAFC 경기장을 찾아 사진을 남겼다. 특히 스넬은 2018년 아메리칸리그, 2023년 내셔널리그 사이영상 수상자로 두 리그에서 모두 수상한 투수다. 2025시즌을 앞두고 LA 다저스와 5년 1억 8200만 달러(약 2666억 원)에 달하는 장기 계약을 체결하며 MLB 최고급 에이스로 자리매김한 아이콘이다. 그런 스넬이 MLS 플레이오프를 보기 위해 캐나다 밴쿠버까지 이동했다. LAFC는 승부차기 끝에 패했지만, 정규시간 종료 직전 손흥민이 터뜨린 극적인 2-2 동점골에 현장에서 흥분을 감추지 못했다. LAFC 공식 채널을 통해 경기 전 스넬의 방문 장면과 손흥민과 인사를 공개하며 현장 분위기를 전했다. 야구계 슈퍼스타가 축구장을 찾은 배경에 손흥민이 있고, 그런 손흥민의 골에 열광하며 '찰칵 세리머니'를 펼쳐 더욱 의미가 커졌다. 손흥민 특유의 친화력은 단숨에 친분으로 이어졌다. 다저스 경기에서 시구할 때 스넬은 직접 투구 동작을 알려주며 관계를 쌓았고, 이후에는 농담을 주고받는 사이가 됐다. 스넬은 다저스의 포스트시즌 승리 직후 “쏘니, 우린 널 생각했다. 곧 보자""라며 찰칵 세리머니를 선보였고, 손흥민은 “세리머니는 내가 먼저 했다. 훔쳐가지 말라”고 웃으며 화답했다. 이러한 영향력을 미국에서 관심있게 바라봤고, 손흥민에게 포커스가 맞춰지는 LA 스포츠씬의 흐름을 눈여겨보기 시작했다. 손흥민 효과 원동력은 단연 실력에 기반을 두고 있다는 평이다. 비록 LAFC는 플레이오프에서 패배했지만, 손흥민은 팀의 흐름을 바꾸는 유일한 카드였다. 0‑2를 2‑2로 만들며 연장 승부까지 끌고가는 데 멀티골의 놀라운 기량을 발휘했다. 아쉽게도 마지막 승부차기에서 1번 키커로 나서 골대를 때려 아쉬움을 남겼지만 손흥민의 영향력은 명백했다. LAFC 입단 첫해 내심 노려봤던 MLS컵 최종 우승은 물건너갔다. 팀 성적만으로 시즌을 평가하기에는 부족하다. 손흥민이 MLS에 입성한 순간 LA 스포츠 생태계의 중심이 바뀌었고, 축구장을 넘어 도시 문화, 팬덤, 브랜드 전략까지 깊게 자리잡은 데 현지가 더 크게 놀라고 있다. <저작권자 ⓒ SPOTV NEWS. 무단전재 및 재배포 금지>",https://v.daum.net/v/269qGsMVhP,스포티비뉴스,2025.11.26 09:29
"'팔꿈치 가격→226경기 만에 첫 퇴장' 호날두, 월드컵 출전에 차질 없다…집행 유예","[STN뉴스] 이형주 기자┃크리스티아누 호날두(40)가 월드컵 본선 출전에 있어 차질을 빚지 않게 됐다. 호날두는 지난 14일 2026 국제축구연맹(FIFA) 북중미 월드컵 유럽 예선 F조 5라운드 아일랜드와의 경기에서 상대 수비수 다라 오셰이에게 팔꿈치를 휘둘러 퇴장당했다. 이는 호날두가 치른 A매치 226경기에서 나온 첫 퇴장이었다. 호날두는 클럽팀에서는 퇴장 당한 적이 있지만, 이날 전까지 포르투갈 대표팀에서는 단 한 번도 레드 카드를 받은 적이 없었다. 규정상 폭력 행위와 관련한 퇴장의 경우 공식전 3경기 출장 정지 징계가 내려질 수 있었다. 3경기 출전 금지가 될 경우 월드컵 본선 경기에서도 자칫 나서지 못할 수 있었다. 하지만 FIFA는 호날두에게 1경기 출전 금지를 적용하는 한편, 나머지 2경기는 1년 동안의 집행 유예로 처리했다. 포르투갈은 호날두 퇴장 이후 16일 아르메니아와의 경기를 가졌기에, 이제 징계도 사라졌다. 호날두의 월드컵 본선 출전에 제약이 없어진 셈이다. 26일 영국 언론 '디 애슬래틱UK'에 따르면 호날두의 집행유예는 그가 첫 퇴장을 당한 점이 고려됐다고 알려졌다. 호날두와 포르투갈은 이미 본선행을 확정한 상태다. 본선에서 우승 도전을 이어갈 수 있게 됐다. ※STN뉴스 보도탐사팀 제보하기 당신의 목소리가 세상을 바꾸고, 당신의 목소리가 권력보다 강합니다. STN뉴스는 오늘도 진실만을 지향하며 여러분의 소중한 제보를 기다립니다. ▷ 전화 : 1599-5053 ▷ 이메일 : news@stnsports.co.kr ▷ 카카오톡 : @stnnews / STN뉴스=이형주 기자 total87910@stnsports.co.kr ▶STN 뉴스 공식 모바일 구독 ▶STN 뉴스 공식 유튜브 구독 ▶STN 뉴스 공식 네이버 구독 ▶STN 뉴스 공식 카카오톡 구독",https://v.daum.net/v/1aRPUYNdoR,에스티엔,2025.11.26 09:29
"'배준호 시즌 2호 도움' 스토크 시티, 찰턴에 3-0 완승…2위 도약","[스포츠투데이 강태구 기자] 배준호(스토크 시티)가 시즌 2호 도움을 올리면서 팀의 승리를 도왔다. 스토크 시티는 26일(한국시각) 영국 스토크온트렌드의 베트365 스타디움에서 열린 2025-2026 챔피언십(2부) 17라운드 찰턴 애슬레틱과의 홈 경기에서 3-0으로 승리했다. 이로써 스토크는 9승 3무 5패(승점 30)를 기록, 2위로 올라섰다. 이날 공격형 미드필더로 선발 출전한 배준호는 팀의 쐐기골을 도우면서 공격 포인트를 올리는 데 성공했다. 배준호는 팀이 2-0으로 앞선 전반 34분 소버 토머스의 골을 도왔다. 배준호의 패스를 받은 토머스는 문전을 바라보고 크로스를 올렸는데, 공이 그대로 골문 안으로 빨려 들어갔다. 배준호는 직전 레스터 시티와의 경기에서 시즌 첫 골을 기록했는데, 이번 경기에서 도움을 올리며 2경기 연속 공격 포인트를 만들어냈다. 이날 스토크 시티는 전반 3분 토머스, 전반 5분 밀리언 만호프의 연속골이 터지면서 일찌감치 승기를 잡았다. 한편 엄지성의 스완지 시티는 더비 카운티와의 홈 경기에서 1-2로 패배했다. 스완지 시티는 이번 패배로 4승 5무 8패(승점 17)를 기록, 20위에 머물렀다. 이날 엄지성은 선발 출전해 후반 29분 제이단 이누사와 교체되기 전까지 그라운드를 누볐으나 공격 포인틀르 기록하지 못했다. [스포츠투데이 강태구 기자 sports@stoo.com]",https://v.daum.net/v/BookuGjJCH,스포츠투데이,2025.11.26 09:26
"성추행 퇴출 기자도 이강인 인정...""더 이상 이강인은 끔찍하지 않다""→르 아브르전 활약에 매료","[인터풋볼=신동훈 기자] 이강인 전성시대가 본격적으로 시작된 걸까.  파리 생제르맹(PSG)은 23일 오전 5시 5분(한국시간) 프랑스 파리에 위치한 파르크 데 프랭스에서 열린 2025-26시즌 프랑스 리그앙 13라운드에서 르 아브르에 3-0 대승을 거뒀다. PSG는 승점 30(9승 3무 1패)이 되며 마르세유를 제치고 선두를 공고히 지켰다. 이강인이 또 선발 출전했다. 이강인은 시즌 개막 후 PSG에서 부상자가 속출한 가운데 출전기회를 얻었다. 우스만 뎀벨레, 데지레 두에, 흐비차 크라바츠헬리아 등이 차례로 부상 이탈하고 브래들리 바르콜라가 부진한 상화에서 이강인은 우측 윙어, 미드필더를 오가면서 활약을 했다. 프랑스 내에서도 평가가 달라졌고 루이스 엔리케 감독의 칭찬도 이어졌다. 11월 A매치가 종료된 후 치러진 르 아브르전에서도 선발로 나섰다.  이강인은 전반 29분 만에 왼발 슈팅으로 골을 터트렸다. 이강인의 시즌 1호, 즉 마수걸이 득점이었다. 이강인은 득점 이후에도 맹활약을 했다. 최전방 곤살루 하무스가 부진하고 유망주 이브라힘 음바예도 다소 아쉬웠는데 우측에서 워렌 자이르-에메리와 호흡을 하는 이강인은 압도적이었다. PSG는 이강인 골 이후 주앙 네베스, 바르콜라 득점이 나오면서 3-0으로 이겼다.  이강인은 슈팅 2회를 모두 슈팅으로 연결했고 키패스 2회, 패스 성공률 86%(시도 36회, 성공 31회), 롱패스 성공 4회(시도 4회), 크로스 성공 2회(시도 4회), 드리블 성공 1회(시도 1회), 리커버리 3회, 그라운드 경합 승리 2회(시도 3회) 등을 기록했다. 축구통계매체 '소파스코어'는 평점 8을 부여했다. PSG 소식을 전하는 'PSG 포스트'는 ""이강인은 선제골을 기록하면서 르 아브르를 위협했다. 우측에서 과감한 패스로 기회를 창출했다. 이강인이 또 활약을 하면서 엔리케 감독은 선발을 구성하는데 더 고민이 될 것이다. 이강인 활약으로 엔리케 감독은 공격 운영에서 더 확실한 옵션이 생겼다. 의존도가 풀렸다는 의미다""고 언급했다. 프랑스 '르 파리지앵'은 ""이강인은 PSG 내 중요 선수로 자리를 잡았다. 이강인은 니스, 바이에른 뮌헨, 리옹과 대결에 이어 르 아브르전에서도 골을 터트리면서 자신감과 행복을 되찾았다. 왼발 플레이는 다이내믹했다. 본인의 색깔을 더했고 기술력을 증명했다. 엔리케 감독은 이강인을 의심한 적이 없었다. 이강인은 주저하지 않고 노려을 했고 지난 시즌 모습과 크게 대조가 된다. 이강인은 아직 전성기가 오지 않았다고 하지만 최고 활약을 보여줄 때로 도달할 만한 활약이다. 이강인 활약은 엔리케 감독에게 큰 도움이 될 것이다. 계속 이강인의 다재다능함을 활용하려고 할 것이다""고 했다.  이강인을 매번 강하게 비난하던 피에르 메네스조차 ""더 이상 끔찍한 이강인이라고 부를 수 없는 이강인이 선제골을 터뜨렸다""라고 말했다. 성추행으로 인해 프랑스 언론계에서 퇴출 당한 메네스는 과거 ""엔리케 감독이 왜 기용하는지 이해할 수 없다. 난 이강인이 밋밋하다고 생각한다. 드리블, 패스를 한 번도 하지 않고 위험을 감수하지 않으며 항상 볼을 뒤로 패스한다. 이강인이 그라운드 위에 있을 때 아무것도 가져올 수 없다. 성가시다. 난 이강인을 좋아하지 않는다. 적어도 유니폼을 판매하는 일에는 능숙할 것이다""고 하면서 이강인을 맹비난한 바 있다. 또 ""이강인은 활동적이다. 멀리 있는 위치에서 기여할 수 있다. 중원에서 파비안 루이스, 주앙 네베스를 대체할 수 있어 보인다""고 호평했다. 그러면서도 ""이강인이 공격에 있으면 촌스럽고 무미건조하다. 위험을 감수하지 않고 결단력도 부족하며 슈팅도 잘하지 못한다. 공격 전개도 아쉽다. 10번 중 8번은 백패스를 한다. PSG가 점유율이 높다면 이강인이 중원에서 이런 모습을 보여도 괜찮다""고 말하기도 했다.  이렇게 말한 메네스 기자도 돌아설 만큼 최근 이강인 활약은 대단하다. 이강인은 토트넘 홋스퍼와의 유럽축구연맹(UEFA) 챔피언스리그(UCL)에서도 선발 출전과 활약이 기대가 된다. 이강인 전성시대가 계속 이어지기를 모두가 바라고 있다. ",https://v.daum.net/v/X9JUpWaeFp,인터풋볼,2025.11.26 09:22
"PSG 이강인, 토트넘 상대로 득점 할까…뮌헨 김민재는 ‘PL 1위’ 아스날 원정 나선다","‘국가대표 듀오’ 김민재와 이강인이 27일 오전 각각 북런던을 연고로 둔 아스날과 토트넘을 만난다. 먼저 파리 생제르망(PSG) 이강인은 손흥민의 전 소속팀인 토트넘과 2025 UEFA 슈퍼컵 이후 약 3개월 만에 다시 맞붙게 된다. 25-26 UEFA 챔피언스리그(UCL)에서 4전 전승 중인 바이에른 뮌헨(B.뮌헨) 김민재는 나란히 전승을 기록한 아스날을 만나기 위해 런던으로 향한다. UCL 코리안리거, 이강인과 김민재의 경기는 모두 27일 오전 5시에 킥오프된다. PSG와 토트넘은 2025 UEFA 슈퍼컵 이후 약 3개월 만에 파르크 데 프랭스에서 맞붙는다. 리그 2경기 연속 공격포인트를 기록 중인 이강인은 기세를 이어 토트넘전 득점에 도전한다. 이강인은 토트넘과의 UEFA 슈퍼컵에서 팀이 지고 있던 후반전 교체 투입돼 추격골을 터뜨리는 등 역전승의 중심이 된 바 있다. 2경기 연속 공격포인트를 쌓은 이강인의 활약과 함께 PSG는 2연승 중인 반면, 원정팀 토트넘은 최근 2경기에서 1무 1패에 그쳤다. PSG가 공식전 3연승을 거둘지, 토트넘이 분위기 반전에 성공할지 관심이 모인다. 같은 시각 아스날의 홈구장 에미레이츠 스타디움에서는 김민재의 활약이 기대되는 아스날 대 B.뮌헨 경기가 펼쳐진다. 두 팀은 23-24 UCL 8강에서 맞붙은 이후 약 1년 7개월 만에 맞대결이다. 당시 1차전에서는 2:2 무승부를 기록했지만, 2차전에서는 키미히의 결승골을 앞세워 B.뮌헨이 웃은 바 있다. 각각 리그에서도 1위에 위치한 아스날과 B.뮌헨은 나란히 UCL 4전 전승 행진을 기록하며 유럽 무대에서도 순항 중이다. 두 팀의 승점(12점)과 골득실(+11) 모두 동률인 가운데 B.뮌헨은 14득점 3실점, 아스날은 11득점 0실점을 기록했다. 한편 홈팀 아스날이 올 시즌 UCL에서 단 1점도 내주지 않고 있는 가운데 B.뮌헨 ‘스트라이커’ 해리 케인의 발끝에 시선이 모인다. 아스날과 토트넘의 ‘북런던 더비’ 최다골(14골) 기록을 보유한 케인이 아스날에 UCL 첫 실점을 안길지, 아니면 아스날이 케인마저 봉쇄하며 무실점 행진을 이어갈지 주목된다. 27일 오전 5시에 펼쳐지는 PSG 대 토트넘 경기는 스포티비 프라임(SPOTV Prime), 아스날 대 B.뮌헨 경기는 스포티비 프라임2(SPOTV Prime2)에서 생중계된다. 이강인과 김민재가 활약할 두 경기는 물론 25-26 UCL 전 경기 PC‧모바일 생중계는 스포티비 나우(SPOTV NOW)에서 시청할 수 있다. 이영재 기자 youngjae@kukinews.com",https://v.daum.net/v/5tRrzXcnNQ,쿠키뉴스,2025.11.26 09:17
"'07년생 맞대결' 이스테방 완승! '야말 침묵' 바르셀로나, 역대급 대패...첼시에 0-3 와르르→UCL 15위 추락","[OSEN=고성환 기자] 바르셀로나가 와르르 무너졌다. '스페인 초신성' 라민 야말(18)도 이스테방(18, 첼시)과 2007년생 공격수 맞대결에서 완패했다. 바르셀로나는 26일(한국시간) 영국 런던의 스탬포드 브릿지에서 열린 2025-2026시즌 유럽축구연맹(UEFA) 챔피언스리그(UCL) 리그 페이즈 5라운드에서 첼시에 0-3으로 무릎 꿇었다. 이로써 바르셀로나는 2승 1무 2패, 승점 7에 머무르며 15위까지 떨어졌다. 반대로 안방에서 기분 좋은 대승을 거둔 첼시는 3승 1무 1패, 승점 10을 기록하며 4위로 점프했다. '스카이 스포츠'에 따르면 바르셀로나가 스탬포드 브릿지에서 0-3으로 패한 건 역대 최다 점수 차 패배 기록이다. 양 팀 다 4-2-3-1 포메이션을 가동했다. 바르셀로나는 로베르트 레반도프스키, 페란 토레스-페르민 로페스-라민 야말, 프렝키 더 용-에릭 가르시아, 알레한드로 발데-파우 쿠바르시-로날드 아라우호-쥘 쿤데, 주안 가르시아가 선발 출격했다. 첼시는 페드로 네투 '제로톱' 카드를 꺼내 들었다. 네투, 알레한드로 가르나초-엔소 페르난데스-이스테방, 모이세스 카이세도-리스 제임스, 마르크 쿠쿠레야-웨슬리 포파나-트레보 찰로바-말로 귀스토, 로베르트 산체스가 선발 명단을 꾸렸다. 첼시가 선제골을 터트렸다. 전반 27분 쿠쿠레야가 내준 컷백 패스를 네투가 뒷발로 건드렸다. 공은 바르셀로나 수비진에 맞고 굴절되며 골문 안으로 들어갔다. 쿤데의 자책골로 공식 기록됐다. 바르셀로나가 퇴장 악재까지 받아들었다. 이번에도 쿠쿠레야가 문제를 일으켰다. 전반 44분 아라우호가 쿠쿠렐라의 측면 돌파를 막으려다가 두 번째 경고를 받으며 퇴장당했다.  10명이 된 바르셀로나 벤치는 후반 시작과 동시에 교체 카드를 활용했다. 페란을 불러들이고 마커스 래시포드를 투입했다. 첼시는 귀스토를 대신해 안드레이 산투스를 넣으며 맞섰다. 하지만 두 번째 골도 첼시의 몫이었다. 후반 10분 바르셀로나가 패스 미스로 소유권을 내줬다. 제임스에게 공을 이어받은 이스테방이 기회를 놓치지 않았다. 그는 측면을 드리블 돌파한 뒤 강력한 슈팅으로 골망을 갈랐다.   위기에 빠진 바르셀로나가 승부수를 띄웠다. 한지 플릭 감독은 후반 17분 레반도프스키와 페르민을 빼고 안드레아스 크리스텐센과 하피냐를 투입했다.  첼시의 공세가 계속됐다. 후반 25분 네투가 위협적인 왼발 슈팅을 날렸지만, 골키퍼 선방에 막혔다. 결국 3번째 골까지 터졌다. 후반 28분 역습 상황에서 엔소가 내준 공을 리암 델랍이 마무리하며 3-0을 만들었다.   쐐기를 박은 첼시는 후반 30분 네투를 벤치로 불러들이고 제이미 기튼스를 넣으며 체력 안배까지 챙겼다. 후반 33분엔 엔소가 이스테방의 패스를 받아 골망을 흔들 뻔했으나 골키퍼에게 막혔다. 바르셀로나는 후반 35분 발데와 야말을 빼고 제라르 마르틴, 다니 올모를 투입하며 사실상 백기를 던졌다. 이번 경기는 이스테방과 야말의 2007년생 윙어 맞대결로도 관심을 모았지만, 결과는 이스테방의 완승이었다. 야말은 경기 내내 쿠쿠레야에게 틀어막히며 존재감을 보여주지 못했다. 경기는 그대로 첼시의 대승으로 막을 내렸다. /finekosh@osen.co.kr [사진] ⓒGettyimages(무단전재 및 재배포 금지)",https://v.daum.net/v/bBCQpWaeyR,OSEN,2025.11.26 09:11
"스토크 배준호, 시즌 2호 도움…2경기 연속 공격포인트","(서울=뉴스1) 김도용 기자 = 잉글랜드 챔피언십(2부) 스토크 시티의 배준호가 시즌 2호 도움으로 2경기 연속 공격포인트를 작성했다. 스토크는 26일(한국시간) 영국 스토크온트렌트의 베트365 스타디움에서 열린 찰턴 애슬레틱과의 2025-2026 챔피언십 17라운드에서 3-0 완승을 거뒀다. 3경기 만에 승리한 스토크는 9승 3무 5패(승점 30)가 되면서 2위에 자리했다. 배준호는 공격형 미드필더로 선발 출전해 2-0으로 앞선 전반 34분 소버 토머스의 골을 도왔다. 토머스는 배준호의 패스를 받아 문전으로 크로스를 했는데, 공이 그대로 골문 안으로 들어가 배준호의 도움이 기록됐다. 앞서 레스터 시티와의 경기에서 올 시즌 첫 골을 터뜨렸던 배준호는 2경기 연속 공격포인트를 기록했다. 배준호는 올 시즌 리그에서 1골 2도움을 기록 중이다. 스토크는 이날 전반 3분 토머스, 전반 5분 밀리언 만호프의 연속골로 앞섰다. 이어 토머스의 쐐기골로 완승을 거뒀다 엄지성의 스완지 시티는 더비 카운티와 홈 경기에서 1-2로 졌다. 엄지성은 선발 출전했지만 공격포인트를 올리지 못했고 후반 29분 제이단 이누사와 교체됐다. 4연패에 빠진 스완지는 4승 5무 8패(승점 17)로 20위에 머물렀다. dyk0609@news1.kr",https://v.daum.net/v/9Tf9XIe4XR,뉴스1,2025.11.26 09:11
